/****************************************************************************
** Resource object code
**
** Created by: The Resource Compiler for Qt version 5.15.18
**
** WARNING! All changes made in this file will be lost!
*****************************************************************************/

static const unsigned char qt_resource_data[] = {
  // D:/bebebe/balda/baldagame/word_rus.txt
  0x0,0x2,0x25,0x81,
  0xe0,
  0xe4,0xd,0xa,0xe0,0xe2,0xf2,0xee,0xd,0xa,0xe0,0xf0,0xf2,0xe8,0xf1,0xf2,0xea,
  0xe0,0xd,0xa,0xe0,0xf2,0xf2,0xf0,0xe0,0xea,0xf6,0xe8,0xee,0xed,0xd,0xa,0xe1,
  0xe0,0xf0,0xe6,0xe0,0xd,0xa,0xe1,0xf3,0xe4,0xed,0xe8,0xd,0xa,0xe2,0xf1,0xef,
  0xeb,0xe5,0xf1,0xea,0xd,0xa,0xe3,0xee,0xe4,0xee,0xe2,0xf9,0xe8,0xed,0xe0,0xd,
  0xa,0xe3,0xee,0xf0,0xf7,0xe8,0xf7,0xed,0xe8,0xea,0xd,0xa,0xe3,0xf0,0xee,0xf1,
  0xf1,0xec,0xe5,0xe9,0xf1,0xf2,0xe5,0xf0,0xd,0xa,0xe5,0xeb,0xfc,0xed,0xe8,0xea,
  0xd,0xa,0xe7,0xe0,0xe2,0xee,0xe5,0xe2,0xe0,0xed,0xe8,0xe5,0xd,0xa,0xe7,0xe8,
  0xe3,0xe7,0xe0,0xe3,0xd,0xa,0xe8,0xed,0xea,0xe2,0xe8,0xe7,0xe8,0xf6,0xe8,0xff,
  0xd,0xa,0xe8,0xed,0xf1,0xef,0xe5,0xea,0xf6,0xe8,0xff,0xd,0xa,0xea,0xe0,0xf1,
  0xf1,0xe8,0xf0,0xd,0xa,0xea,0xeb,0xe5,0xe2,0xe5,0xf2,0xe0,0xd,0xa,0xea,0xeb,
  0xe8,0xe7,0xec,0xe0,0xd,0xa,0xeb,0xe5,0xed,0xe8,0xed,0xe3,0xf0,0xe0,0xe4,0xe5,
  0xf6,0xd,0xa,0xeb,0xe5,0xf1,0xe5,0xed,0xea,0xe0,0xd,0xa,0xeb,0xe8,0xf0,0xe0,
  0xd,0xa,0xec,0xe0,0xec,0xf3,0xeb,0xff,0xd,0xa,0xec,0xe0,0xf3,0xe7,0xe5,0xf0,
  0xd,0xa,0xed,0xee,0xe2,0xe3,0xee,0xf0,0xee,0xe4,0xd,0xa,0xee,0xe2,0xf7,0xe8,
  0xed,0xed,0xe8,0xea,0xd,0xa,0xef,0xe0,0xea,0xee,0xf1,0xf2,0xfc,0xd,0xa,0xef,
  0xe5,0xf0,0xe5,0xea,0xeb,0xe0,0xe4,0xe8,0xed,0xe0,0xd,0xa,0xef,0xe5,0xf0,0xe5,
  0xf1,0xe0,0xe4,0xee,0xea,0xd,0xa,0xef,0xeb,0xf3,0xe3,0xd,0xa,0xef,0xee,0xe3,
  0xe8,0xe1,0xe5,0xeb,0xfc,0xd,0xa,0xef,0xf0,0xe8,0xec,0xf3,0xf1,0xd,0xa,0xef,
  0xf0,0xe8,0xf1,0xf2,0xe0,0xed,0xe8,0xf9,0xe5,0xd,0xa,0xf0,0xf1,0xf4,0xf1,0xf0,
  0xd,0xa,0xf1,0xef,0xe5,0xf8,0xea,0xe0,0xd,0xa,0xf1,0xf0,0xfb,0xe2,0xd,0xa,
  0xf1,0xf2,0xf3,0xea,0xe0,0xf7,0xd,0xa,0xf2,0xee,0xef,0xd,0xa,0xf3,0xf1,0xf2,
  0xf0,0xee,0xe9,0xd,0xa,0xf4,0xe8,0xed,0xe0,0xed,0xf1,0xe8,0xf0,0xee,0xe2,0xe0,
  0xed,0xe8,0xe5,0xd,0xa,0xe2,0xe7,0xe0,0xe8,0xec,0xee,0xee,0xf2,0xed,0xee,0xf8,
  0xe5,0xed,0xe8,0xe5,0xd,0xa,0xe2,0xe8,0xed,0xee,0xe2,0xed,0xe8,0xea,0xd,0xa,
  0xe3,0xe0,0xf0,0xfc,0xd,0xa,0xe4,0xe8,0xd,0xa,0xe4,0xf0,0xe5,0xe2,0xed,0xee,
  0xf1,0xf2,0xfc,0xd,0xa,0xea,0xee,0xed,0xea,0xf3,0xf0,0xe5,0xed,0xf6,0xe8,0xff,
  0xd,0xa,0xea,0xee,0xf0,0xe7,0xe8,0xed,0xea,0xe0,0xd,0xa,0xea,0xee,0xf7,0xea,
  0xe0,0xd,0xa,0xeb,0xe0,0xef,0xe8,0xed,0xe0,0xd,0xa,0xeb,0xee,0xec,0xd,0xa,
  0xeb,0xf3,0xea,0xe8,0xf7,0xd,0xa,0xec,0xe5,0xed,0xfc,0xf8,0xe8,0xed,0xf1,0xf2,
  0xe2,0xee,0xd,0xa,0xed,0xe0,0xe2,0xee,0xe4,0xf7,0xe8,0xea,0xd,0xa,0xee,0xe1,
  0xfb,0xe2,0xe0,0xf2,0xe5,0xeb,0xfc,0xd,0xa,0xee,0xf1,0xf2,0xf0,0xe8,0xe5,0xd,
  0xa,0xef,0xee,0xec,0xe5,0xf5,0xe0,0xd,0xa,0xf0,0xe0,0xe7,0xf0,0xe5,0xe7,0xd,
  0xa,0xf0,0xfb,0xe6,0xe8,0xea,0xd,0xa,0xf1,0xe0,0xed,0xf2,0xe5,0xf5,0xed,0xe8,
  0xea,0xe0,0xd,0xa,0xf1,0xe5,0xe2,0xd,0xa,0xf1,0xf2,0xf0,0xe0,0xed,0xe8,0xf7,
  0xea,0xe0,0xd,0xa,0xf4,0xf3,0xf2,0xe1,0xee,0xeb,0xe8,0xf1,0xf2,0xd,0xa,0xe2,
  0xe0,0xf2,0xe0,0xd,0xa,0xe8,0xe7,0xee,0xe1,0xf0,0xe5,0xf2,0xe0,0xf2,0xe5,0xeb,
  0xfc,0xd,0xa,0xec,0xe5,0xed,0xe5,0xe4,0xe6,0xe5,0xf0,0xd,0xa,0xed,0xe0,0xf0,
  0xea,0xee,0xec,0xd,0xa,0xef,0xf0,0xe8,0xe2,0xe5,0xf2,0xf1,0xf2,0xe2,0xe8,0xe5,
  0xd,0xa,0xef,0xf0,0xe8,0xea,0xf0,0xfb,0xf2,0xe8,0xe5,0xd,0xa,0xf3,0xeb,0xf3,
  0xf7,0xf8,0xe5,0xed,0xe8,0xe5,0xd,0xa,0xf8,0xf5,0xf3,0xed,0xe0,0xd,0xa,0xe0,
  0xe3,0xee,0xed,0xe8,0xff,0xd,0xa,0xe0,0xed,0xf2,0xf0,0xe0,0xea,0xf2,0xd,0xa,
  0xe0,0xf1,0xef,0xe8,0xf0,0xe8,0xed,0xd,0xa,0xe0,0xf1,0xf4,0xe8,0xea,0xf1,0xe8,
  0xff,0xd,0xa,0xe0,0xf2,0xf0,0xee,0xf4,0xe8,0xff,0xd,0xa,0xe0,0xf3,0xeb,0xd,
  0xa,0xe1,0xe8,0xe4,0xee,0xed,0xd,0xa,0xe1,0xe8,0xee,0xef,0xee,0xeb,0xe5,0xd,
  0xa,0xe1,0xeb,0xe0,0xe3,0xee,0xf0,0xee,0xe4,0xe8,0xe5,0xd,0xa,0xe1,0xf0,0xe0,
  0xe7,0xe8,0xeb,0xe8,0xff,0xd,0xa,0xe1,0xf0,0xee,0xec,0xe1,0xe5,0xf0,0xe3,0xd,
  0xa,0xe1,0xf0,0xfe,0xf1,0xf1,0xe5,0xeb,0xfc,0xd,0xa,0xe2,0xe7,0xff,0xf2,0xee,
  0xf7,0xed,0xe8,0xea,0xd,0xa,0xe2,0xe8,0xe4,0xe5,0xee,0xec,0xe0,0xe3,0xed,0xe8,
  0xf2,0xee,0xf4,0xee,0xed,0xd,0xa,0xe2,0xe8,0xeb,0xfc,0xed,0xfe,0xf1,0xd,0xa,
  0xe2,0xee,0xe6,0xe4,0xe5,0xed,0xe8,0xe5,0xd,0xa,0xe2,0xee,0xeb,0xf7,0xee,0xea,
  0xd,0xa,0xe2,0xfb,0xe2,0xe5,0xe4,0xe5,0xed,0xe8,0xe5,0xd,0xa,0xe2,0xfb,0xf7,
  0xe8,0xf2,0xea,0xe0,0xd,0xa,0xe2,0xff,0xe7,0xd,0xa,0xe3,0xe0,0xe4,0xe0,0xed,
  0xe8,0xe5,0xd,0xa,0xe3,0xe5,0xeb,0xfc,0xd,0xa,0xe3,0xe5,0xec,0xee,0xe3,0xeb,
  0xee,0xe1,0xe8,0xed,0xd,0xa,0xe3,0xf3,0xf0,0xfc,0xff,0xed,0xee,0xe2,0xd,0xa,
  0xe4,0xe5,0xe7,0xe8,0xed,0xf4,0xee,0xf0,0xec,0xe0,0xf6,0xe8,0xff,0xd,0xa,0xe4,
  0xe5,0xea,0xf0,0xe5,0xf2,0xd,0xa,0xe4,0xe6,0xe5,0xe9,0xed,0xd,0xa,0xe4,0xe8,
  0xf1,0xef,0xeb,0xe5,0xe9,0xd,0xa,0xe4,0xee,0xea,0xf2,0xee,0xf0,0xf8,0xe0,0xd,
  0xa,0xe4,0xee,0xf2,0xd,0xa,0xe4,0xf0,0xe5,0xec,0xe0,0xd,0xa,0xe4,0xfe,0xe1,
  0xf3,0xe0,0xd,0xa,0xe5,0xf0,0xe5,0xf1,0xfc,0xd,0xa,0xe7,0xe0,0xef,0xf0,0xe0,
  0xe2,0xe8,0xeb,0xe0,0xd,0xa,0xe7,0xe2,0xe5,0xf0,0xe8,0xed,0xe5,0xf6,0xd,0xa,
  0xe7,0xf3,0xe1,0xee,0xea,0xd,0xa,0xe8,0xe4,0xe8,0xeb,0xeb,0xe8,0xff,0xd,0xa,
  0xe8,0xe7,0xe1,0xe0,0xe2,0xe8,0xf2,0xe5,0xeb,0xfc,0xd,0xa,0xe8,0xe7,0xe3,0xee,
  0xe9,0xd,0xa,0xe8,0xe7,0xfb,0xf1,0xea,0xd,0xa,0xe8,0xed,0xea,0xee,0xe3,0xed,
  0xe8,0xf2,0xee,0xd,0xa,0xea,0xe0,0xef,0xf3,0xf2,0xd,0xa,0xea,0xe0,0xf0,0xf2,
  0xee,0xed,0xea,0xe0,0xd,0xa,0xea,0xe8,0xed,0xee,0xe7,0xe2,0xe5,0xe7,0xe4,0xe0,
  0xd,0xa,0xea,0xe8,0xf2,0xe0,0xff,0xed,0xea,0xe0,0xd,0xa,0xea,0xeb,0xe8,0xf7,
  0xd,0xa,0xea,0xee,0xf1,0xec,0xee,0xe4,0xf0,0xee,0xec,0xd,0xa,0xea,0xee,0xf8,
  0xe5,0xeb,0xea,0xe0,0xd,0xa,0xea,0xf0,0xe5,0xf1,0xf2,0xfc,0xff,0xed,0xea,0xe0,
  0xd,0xa,0xea,0xf0,0xee,0xf1,0xf1,0xd,0xa,0xea,0xf3,0xed,0xe8,0xed,0xd,0xa,
  0xeb,0xe5,0xf1,0xee,0xef,0xee,0xe2,0xe0,0xeb,0xd,0xa,0xec,0xe8,0xeb,0xee,0xf7,
  0xea,0xe0,0xd,0xa,0xec,0xe8,0xed,0xe5,0xf0,0xe0,0xeb,0xd,0xa,0xec,0xee,0xf2,
  0xe8,0xe2,0xe0,0xf6,0xe8,0xff,0xd,0xa,0xed,0xe0,0xe2,0xe5,0xe4,0xe5,0xed,0xe8,
  0xe5,0xd,0xa,0xed,0xe0,0xf8,0xe8,0xe2,0xea,0xe0,0xd,0xa,0xed,0xe5,0xeb,0xfe,
  0xe1,0xee,0xe2,0xfc,0xd,0xa,0xed,0xe5,0xf1,0xee,0xe3,0xeb,0xe0,0xf1,0xe8,0xe5,
  0xd,0xa,0xee,0xe1,0xec,0xe5,0xf0,0xd,0xa,0xee,0xe4,0xed,0xee,0xf4,0xe0,0xec,
  0xe8,0xeb,0xe5,0xf6,0xd,0xa,0xee,0xef,0xf2,0xe8,0xec,0xe8,0xf1,0xf2,0xd,0xa,
  0xee,0xf7,0xe5,0xe2,0xe8,0xe4,0xed,0xee,0xf1,0xf2,0xfc,0xd,0xa,0xef,0xeb,0xe0,
  0xed,0xe5,0xf2,0xee,0xeb,0xe5,0xf2,0xd,0xa,0xef,0xee,0xe4,0xe0,0xf7,0xea,0xe0,
  0xd,0xa,0xef,0xee,0xeb,0xe5,0xed,0xed,0xe8,0xf6,0xe0,0xd,0xa,0xef,0xee,0xf1,
  0xe0,0xe4,0xd,0xa,0xef,0xf0,0xe0,0xea,0xf2,0xe8,0xea,0xe0,0xed,0xf2,0xd,0xa,
  0xef,0xf0,0xe5,0xee,0xe1,0xf0,0xe0,0xe7,0xee,0xe2,0xe0,0xf2,0xe5,0xeb,0xfc,0xd,
  0xa,0xef,0xf0,0xe5,0xf6,0xe5,0xe4,0xe5,0xed,0xf2,0xd,0xa,0xef,0xf0,0xe8,0xed,
  0xf3,0xe6,0xe4,0xe5,0xed,0xe8,0xe5,0xd,0xa,0xef,0xf0,0xe8,0xef,0xe8,0xf1,0xea,
  0xe0,0xd,0xa,0xef,0xf0,0xe8,0xf0,0xee,0xf1,0xf2,0xd,0xa,0xef,0xf0,0xee,0xe2,
  0xe8,0xed,0xf6,0xe8,0xe0,0xeb,0xd,0xa,0xef,0xf0,0xee,0xec,0xe5,0xe6,0xed,0xee,
  0xf1,0xf2,0xfc,0xd,0xa,0xef,0xf0,0xee,0xf2,0xff,0xe6,0xe5,0xed,0xed,0xee,0xf1,
  0xf2,0xfc,0xd,0xa,0xf0,0xe0,0xe7,0xe2,0xe5,0xe4,0xe5,0xed,0xe8,0xe5,0xd,0xa,
  0xf0,0xe5,0xe7,0xe5,0xf6,0xd,0xa,0xf0,0xfb,0xf2,0xe2,0xe8,0xed,0xe0,0xd,0xa,
  0xf1,0xe2,0xe0,0xf2,0xd,0xa,0xf1,0xe5,0xf7,0xe5,0xed,0xe8,0xe5,0xd,0xa,0xf1,
  0xe8,0xec,0xe2,0xee,0xeb,0xe8,0xea,0xe0,0xd,0xa,0xf1,0xee,0xea,0xee,0xeb,0xfc,
  0xed,0xe8,0xea,0xd,0xa,0xf1,0xf2,0xe5,0xe1,0xe5,0xeb,0xe5,0xea,0xd,0xa,0xf1,
  0xf3,0xeb,0xfc,0xf4,0xe0,0xf2,0xd,0xa,0xf1,0xfb,0xf1,0xea,0xd,0xa,0xf2,0xe5,
  0xed,0xee,0xf0,0xd,0xa,0xf2,0xf0,0xe0,0xed,0xf1,0xef,0xe0,0xf0,0xe0,0xed,0xf2,
  0xd,0xa,0xf3,0xf1,0xee,0xe2,0xe5,0xf0,0xf8,0xe5,0xed,0xf1,0xf2,0xe2,0xee,0xe2,
  0xe0,0xed,0xe8,0xe5,0xd,0xa,0xf3,0xf1,0xf2,0xee,0xe9,0xd,0xa,0xf4,0xe0,0xf3,
  0xed,0xe0,0xd,0xa,0xf4,0xe5,0xeb,0xfc,0xe5,0xf2,0xee,0xed,0xd,0xa,0xf5,0xee,
  0xeb,0xf3,0xe9,0xd,0xa,0xf6,0xe2,0xe5,0xf2,0xe0,0xe5,0xe2,0xe0,0xd,0xa,0xf8,
  0xea,0xee,0xe4,0xe0,0xd,0xa,0xfd,0xe2,0xec,0xd,0xa,0xe1,0xe5,0xeb,0xe8,0xf7,
  0xe5,0xed,0xea,0xee,0xd,0xa,0xe2,0xe5,0xf2,0xee,0xf7,0xea,0xe0,0xd,0xa,0xe2,
  0xfb,0xe7,0xe4,0xee,0xf0,0xee,0xe2,0xeb,0xe5,0xed,0xe8,0xe5,0xd,0xa,0xe8,0xe2,
  0xf0,0xe8,0xf2,0xd,0xa,0xea,0xe2,0xe0,0xeb,0xe8,0xf4,0xe8,0xea,0xe0,0xf6,0xe8,
  0xff,0xd,0xa,0xea,0xeb,0xe0,0xef,0xe0,0xed,0xd,0xa,0xea,0xee,0xf0,0xee,0xe1,
  0xee,0xea,0xd,0xa,0xec,0xee,0xf9,0xe0,0xd,0xa,0xed,0xe0,0xf0,0xea,0xee,0xec,
  0xe0,0xed,0xd,0xa,0xee,0xf1,0xee,0xe7,0xed,0xe0,0xed,0xe8,0xe5,0xd,0xa,0xef,
  0xf3,0xf2,0xe0,0xed,0xe8,0xf6,0xe0,0xd,0xa,0xf0,0xee,0xec,0xe0,0xed,0xf2,0xe8,
  0xea,0xe0,0xd,0xa,0xf1,0xeb,0xee,0xe3,0xd,0xa,0xf1,0xef,0xe0,0xe7,0xec,0xe0,
  0xd,0xa,0xf1,0xf2,0xe0,0xf0,0xe0,0xed,0xe8,0xe5,0xd,0xa,0xe3,0xee,0xeb,0xe5,
  0xf6,0xd,0xa,0xe7,0xee,0xee,0xef,0xe0,0xf0,0xea,0xd,0xa,0xec,0xe0,0xf0,0xf1,
  0xd,0xa,0xec,0xee,0xf7,0xe0,0xd,0xa,0xee,0xe4,0xf3,0xe2,0xe0,0xed,0xf7,0xe8,
  0xea,0xd,0xa,0xef,0xf0,0xe5,0xf1,0xf2,0xf3,0xef,0xed,0xee,0xf1,0xf2,0xfc,0xd,
  0xa,0xef,0xf7,0xe5,0xeb,0xe0,0xd,0xa,0xf2,0xe0,0xe1,0xf3,0xf0,0xe5,0xf2,0xd,
  0xa,0xe0,0xe2,0xf2,0xee,0xf0,0xf1,0xf2,0xe2,0xee,0xd,0xa,0xe0,0xea,0xe2,0xe0,
  0xeb,0xe0,0xed,0xe3,0xd,0xa,0xe0,0xea,0xee,0xed,0xe8,0xf2,0xd,0xa,0xe0,0xec,
  0xf3,0xed,0xe8,0xf6,0xe8,0xff,0xd,0xa,0xe0,0xed,0xed,0xee,0xf2,0xe0,0xf6,0xe8,
  0xff,0xd,0xa,0xe0,0xef,0xee,0xe3,0xe5,0xe9,0xd,0xa,0xe0,0xf1,0xef,0xe8,0xf0,
  0xe0,0xed,0xf2,0xea,0xe0,0xd,0xa,0xe1,0xe0,0xf6,0xe8,0xeb,0xeb,0xe0,0xd,0xa,
  0xe1,0xe5,0xe7,0xf3,0xec,0xed,0xfb,0xe9,0xd,0xa,0xe1,0xe5,0xf1,0xf1,0xec,0xfb,
  0xf1,0xeb,0xe8,0xf6,0xe0,0xd,0xa,0xe1,0xee,0xe5,0xe3,0xee,0xeb,0xee,0xe2,0xea,
  0xe0,0xd,0xa,0xe1,0xee,0xf0,0xf2,0xe8,0xed,0xe6,0xe5,0xed,0xe5,0xf0,0xd,0xa,
  0xe1,0xee,0xf1,0xff,0xea,0xd,0xa,0xe1,0xee,0xf2,0xe0,0xed,0xe8,0xea,0xe0,0xd,
  0xa,0xe1,0xf0,0xe5,0xf1,0xf2,0xd,0xa,0xe1,0xf0,0xe5,0xf5,0xed,0xff,0xd,0xa,
  0xe2,0xe5,0xf0,0xe1,0xe0,0xd,0xa,0xe2,0xe5,0xf0,0xe1,0xee,0xe2,0xea,0xe0,0xd,
  0xa,0xe2,0xe8,0xe7,0xe8,0xf2,0xe5,0xf0,0xd,0xa,0xe2,0xe8,0xee,0xeb,0xee,0xed,
  0xf7,0xe5,0xeb,0xfc,0xd,0xa,0xe2,0xee,0xe4,0xe8,0xf6,0xe0,0xd,0xa,0xe2,0xee,
  0xf0,0xea,0xf3,0xf2,0xe0,0xd,0xa,0xe3,0xe0,0xeb,0xe5,0xf2,0xe0,0xd,0xa,0xe3,
  0xe8,0xef,0xee,0xf4,0xe8,0xe7,0xd,0xa,0xe3,0xf3,0xf0,0xfc,0xe1,0xe0,0xd,0xa,
  0xe4,0xed,0xe5,0xf1,0xf2,0xf0,0xd,0xa,0xe4,0xf0,0xe5,0xf1,0xf1,0xe8,0xf0,0xee,
  0xe2,0xf9,0xe8,0xea,0xd,0xa,0xe4,0xf3,0xe4,0xe0,0xf0,0xfc,0xd,0xa,0xe5,0xf1,
  0xfc,0xea,0xee,0xe2,0xe0,0xd,0xa,0xe5,0xf5,0xe8,0xe4,0xf1,0xf2,0xe2,0xee,0xd,
  0xa,0xe7,0xe0,0xea,0xf3,0xef,0xee,0xf0,0xea,0xe0,0xd,0xa,0xe7,0xe0,0xec,0xe0,
  0xe7,0xea,0xe0,0xd,0xa,0xe7,0xe0,0xef,0xe0,0xf1,0xed,0xe8,0xea,0xd,0xa,0xe7,
  0xe0,0xf0,0xee,0xe6,0xe4,0xe5,0xed,0xe8,0xe5,0xd,0xa,0xe7,0xe0,0xf0,0xf3,0xe1,
  0xe8,0xed,0xe0,0xd,0xa,0xe7,0xe0,0xf1,0xf2,0xe5,0xed,0xee,0xea,0xd,0xa,0xe8,
  0xea,0xee,0xed,0xee,0xf1,0xf2,0xe0,0xf1,0xd,0xa,0xe8,0xec,0xef,0xe5,0xf0,0xe8,
  0xe0,0xeb,0xe8,0xf1,0xf2,0xd,0xa,0xe8,0xf1,0xea,0xeb,0xfe,0xf7,0xe8,0xf2,0xe5,
  0xeb,0xfc,0xed,0xee,0xf1,0xf2,0xfc,0xd,0xa,0xea,0xed,0xff,0xe6,0xe5,0xf1,0xf2,
  0xe2,0xee,0xd,0xa,0xea,0xee,0xee,0xef,0xe5,0xf0,0xe0,0xf6,0xe8,0xff,0xd,0xa,
  0xea,0xee,0xf0,0xec,0xe8,0xeb,0xe8,0xf6,0xe0,0xd,0xa,0xea,0xf0,0xe5,0xe4,0xee,
  0xd,0xa,0xea,0xf0,0xf3,0xe3,0xee,0xe2,0xee,0xf0,0xee,0xf2,0xd,0xa,0xea,0xf3,
  0xe2,0xfb,0xf0,0xee,0xea,0xd,0xa,0xeb,0xe0,0xec,0xef,0xe0,0xf1,0xd,0xa,0xeb,
  0xe8,0xec,0xf4,0xe0,0xd,0xa,0xeb,0xe8,0xf8,0xe5,0xea,0xd,0xa,0xec,0xe0,0xeb,
  0xfe,0xf2,0xea,0xe0,0xd,0xa,0xec,0xe0,0xf0,0xe8,0xf5,0xf3,0xe0,0xed,0xe0,0xd,
  0xa,0xec,0xe0,0xf0,0xee,0xe4,0xe5,0xf0,0xd,0xa,0xec,0xe5,0xf2,0xe0,0xec,0xee,
  0xf0,0xf4,0xee,0xe7,0xe0,0xd,0xa,0xec,0xe5,0xf2,0xf0,0xee,0xef,0xee,0xeb,0xe8,
  0xff,0xd,0xa,0xec,0xee,0xeb,0xee,0xe4,0xf7,0xe8,0xea,0xd,0xa,0xed,0xe0,0xe6,
  0xe8,0xe2,0xea,0xe0,0xd,0xa,0xed,0xe0,0xe7,0xe8,0xe4,0xe0,0xed,0xe8,0xe5,0xd,
  0xa,0xed,0xe5,0xe1,0xeb,0xe0,0xe3,0xee,0xe4,0xe0,0xf0,0xed,0xee,0xf1,0xf2,0xfc,
  0xd,0xa,0xed,0xe5,0xed,0xe0,0xef,0xe0,0xe4,0xe5,0xed,0xe8,0xe5,0xd,0xa,0xed,
  0xe5,0xee,0xe4,0xee,0xe1,0xf0,0xe5,0xed,0xe8,0xe5,0xd,0xa,0xed,0xe5,0xee,0xef,
  0xfb,0xf2,0xed,0xee,0xf1,0xf2,0xfc,0xd,0xa,0xed,0xe8,0xea,0xee,0xf2,0xe8,0xed,
  0xd,0xa,0xee,0xe1,0xfa,0xe5,0xe7,0xe4,0xd,0xa,0xee,0xe4,0xee,0xeb,0xe6,0xe5,
  0xed,0xe8,0xe5,0xd,0xa,0xee,0xf0,0xe8,0xe3,0xe8,0xed,0xe0,0xeb,0xfc,0xed,0xee,
  0xf1,0xf2,0xfc,0xd,0xa,0xee,0xf1,0xe2,0xe5,0xf2,0xe8,0xf2,0xe5,0xeb,0xfc,0xd,
  0xa,0xee,0xf2,0xe5,0xf7,0xed,0xee,0xf1,0xf2,0xfc,0xd,0xa,0xee,0xf2,0xec,0xe5,
  0xf1,0xf2,0xea,0xe0,0xd,0xa,0xee,0xf2,0xf0,0xee,0xea,0xd,0xa,0xee,0xf2,0xf7,
  0xe5,0xf2,0xeb,0xe8,0xe2,0xee,0xf1,0xf2,0xfc,0xd,0xa,0xef,0xe0,0xed,0xf2,0xe0,
  0xeb,0xee,0xed,0xfb,0xd,0xa,0xef,0xe0,0xed,0xf2,0xe5,0xf0,0xe0,0xd,0xa,0xef,
  0xe0,0xf0,0xf2,0xee,0xf0,0xe3,0xe0,0xed,0xe8,0xe7,0xe0,0xf6,0xe8,0xff,0xd,0xa,
  0xef,0xe5,0xf0,0xe5,0xea,0xeb,0xfe,0xf7,0xe5,0xed,0xe8,0xe5,0xd,0xa,0xef,0xe8,
  0xe3,0xec,0xe5,0xed,0xf2,0xd,0xa,0xef,0xe8,0xf1,0xe0,0xea,0xe0,0xd,0xa,0xef,
  0xe8,0xf1,0xfc,0xec,0xe5,0xed,0xed,0xee,0xf1,0xf2,0xfc,0xd,0xa,0xef,0xee,0xe4,
  0xe8,0xf3,0xec,0xd,0xa,0xef,0xee,0xe4,0xee,0xe4,0xe5,0xff,0xeb,0xfc,0xed,0xe8,
  0xea,0xd,0xa,0xef,0xee,0xe4,0xf8,0xe8,0xe2,0xea,0xe0,0xd,0xa,0xef,0xee,0xe4,
  0xf8,0xe8,0xef,0xed,0xe8,0xea,0xd,0xa,0xef,0xee,0xeb,0xfc,0xea,0xe0,0xd,0xa,
  0xef,0xee,0xf5,0xf3,0xe4,0xe0,0xed,0xe8,0xe5,0xd,0xa,0xef,0xee,0xf7,0xf2,0xe8,
  0xf2,0xe5,0xeb,0xfc,0xed,0xee,0xf1,0xf2,0xfc,0xd,0xa,0xef,0xf0,0xe5,0xe4,0xe3,
  0xee,0xf0,0xfc,0xe5,0xd,0xa,0xef,0xf0,0xe5,0xe4,0xee,0xf2,0xe2,0xf0,0xe0,0xf9,
  0xe5,0xed,0xe8,0xe5,0xd,0xa,0xef,0xf0,0xe5,0xe4,0xf1,0xf2,0xe0,0xe2,0xe8,0xf2,
  0xe5,0xeb,0xfc,0xed,0xe8,0xf6,0xe0,0xd,0xa,0xef,0xf0,0xe8,0xf2,0xff,0xe7,0xe0,
  0xed,0xe8,0xe5,0xd,0xa,0xef,0xf0,0xee,0xf6,0xe5,0xf1,0xf1,0xee,0xf0,0xd,0xa,
  0xef,0xf1,0xe8,0xf5,0xee,0xef,0xe0,0xf2,0xe8,0xff,0xd,0xa,0xef,0xf2,0xe0,0xf5,
  0xe0,0xd,0xa,0xf0,0xe0,0xe7,0xec,0xee,0xeb,0xe2,0xea,0xe0,0xd,0xa,0xf0,0xe5,
  0xe1,0xff,0xf2,0xed,0xff,0xd,0xa,0xf0,0xee,0xe6,0xe4,0xe0,0xe5,0xec,0xee,0xf1,
  0xf2,0xfc,0xd,0xa,0xf0,0xee,0xf1,0xf2,0xee,0xe2,0xe0,0xd,0xa,0xf0,0xf3,0xf2,
  0xe8,0xed,0xe0,0xd,0xa,0xf1,0xe0,0xec,0xe0,0xf0,0xe0,0xd,0xa,0xf1,0xe0,0xf2,
  0xf0,0xe0,0xef,0xd,0xa,0xf1,0xe5,0xea,0xf1,0xee,0xf2,0xd,0xa,0xf1,0xe5,0xec,
  0xe8,0xed,0xe0,0xf0,0xe8,0xf1,0xf2,0xd,0xa,0xf1,0xeb,0xfb,0xf5,0xd,0xa,0xf1,
  0xed,0xe5,0xe3,0xee,0xf5,0xee,0xe4,0xd,0xa,0xf1,0xed,0xe8,0xf1,0xf5,0xee,0xe4,
  0xe8,0xf2,0xe5,0xeb,0xfc,0xed,0xee,0xf1,0xf2,0xfc,0xd,0xa,0xf1,0xee,0xe1,0xe8,
  0xf0,0xe0,0xed,0xe8,0xe5,0xd,0xa,0xf1,0xee,0xe1,0xee,0xeb,0xe5,0xe7,0xed,0xee,
  0xe2,0xe0,0xed,0xe8,0xe5,0xd,0xa,0xf1,0xee,0xe4,0xf0,0xee,0xe3,0xe0,0xed,0xe8,
  0xe5,0xd,0xa,0xf1,0xee,0xf5,0xe0,0xd,0xa,0xf1,0xef,0xe5,0xf6,0xe8,0xff,0xd,
  0xa,0xf1,0xf2,0xe0,0xe2,0xeb,0xe5,0xed,0xed,0xe8,0xea,0xd,0xa,0xf1,0xf2,0xe0,
  0xf0,0xe8,0xea,0xe0,0xed,0xd,0xa,0xf1,0xf2,0xe8,0xec,0xf3,0xeb,0xff,0xf6,0xe8,
  0xff,0xd,0xa,0xf1,0xf2,0xf0,0xe5,0xec,0xe8,0xf2,0xe5,0xeb,0xfc,0xed,0xee,0xf1,
  0xf2,0xfc,0xd,0xa,0xf1,0xf3,0xef,0xe5,0xf0,0xec,0xe5,0xed,0xd,0xa,0xf1,0xf3,
  0xf2,0xee,0xeb,0xee,0xea,0xe0,0xd,0xa,0xf1,0xf3,0xf5,0xe0,0xf0,0xe8,0xea,0xd,
  0xa,0xf2,0xe0,0xe1,0xf3,0xed,0xf9,0xe8,0xea,0xd,0xa,0xf2,0xe5,0xef,0xeb,0xf3,
  0xf8,0xea,0xe0,0xd,0xa,0xf2,0xe5,0xf0,0xec,0xe8,0xed,0xe0,0xeb,0xd,0xa,0xf2,
  0xe5,0xf0,0xef,0xe8,0xec,0xee,0xf1,0xf2,0xfc,0xd,0xa,0xf2,0xe5,0xf1,0xd,0xa,
  0xf2,0xe8,0xf5,0xee,0xed,0xee,0xe2,0xe0,0xd,0xa,0xf2,0xee,0xed,0xe0,0xeb,0xfc,
  0xed,0xee,0xf1,0xf2,0xfc,0xd,0xa,0xf2,0xee,0xf0,0xd,0xa,0xf2,0xf0,0xe5,0xe9,
  0xeb,0xe5,0xf0,0xd,0xa,0xf2,0xf0,0xe8,0xe4,0xf6,0xe0,0xf2,0xea,0xe0,0xd,0xa,
  0xf2,0xf0,0xeb,0xed,0xd,0xa,0xf2,0xf3,0xed,0xe3,0xf3,0xf1,0xd,0xa,0xf2,0xfe,
  0xeb,0xe5,0xed,0xfc,0xd,0xa,0xf3,0xe3,0xee,0xe4,0xe0,0xd,0xa,0xf3,0xe4,0xe8,
  0xeb,0xe0,0xd,0xa,0xf3,0xea,0xeb,0xe0,0xe4,0xea,0xe0,0xd,0xa,0xf3,0xf0,0xee,
  0xf7,0xe8,0xf9,0xe5,0xd,0xa,0xf3,0xf0,0xf7,0xe0,0xed,0xe8,0xe5,0xd,0xa,0xf4,
  0xf0,0xff,0xd,0xa,0xf5,0xe0,0xed,0xea,0xe0,0xeb,0xe0,0xd,0xa,0xf5,0xe8,0xf2,
  0xf0,0xe5,0xf6,0xd,0xa,0xf5,0xee,0xeb,0xec,0xf1,0xd,0xa,0xf6,0xe5,0xeb,0xe8,
  0xf2,0xe5,0xeb,0xfc,0xd,0xa,0xf7,0xe5,0xf7,0xe5,0xf2,0xea,0xe0,0xd,0xa,0xf8,
  0xe0,0xed,0xf5,0xe0,0xe9,0xd,0xa,0xf8,0xe5,0xeb,0xfc,0xec,0xe0,0xd,0xa,0xfd,
  0xeb,0xe5,0xea,0xf2,0xf0,0xee,0xed,0xd,0xa,0xff,0xf9,0xe5,0xf0,0xd,0xa,0xe0,
  0xeb,0xfc,0xf2,0xe5,0xf0,0xed,0xe0,0xf2,0xe8,0xe2,0xe0,0xd,0xa,0xe1,0xeb,0xff,
  0xf5,0xe0,0xd,0xa,0xe1,0xee,0xf0,0xee,0xe4,0xe0,0xe2,0xea,0xe0,0xd,0xa,0xe2,
  0xe5,0xeb,0xee,0xf1,0xe8,0xef,0xe5,0xe4,0xe8,0xf1,0xf2,0xd,0xa,0xe2,0xea,0xeb,
  0xfe,0xf7,0xe5,0xed,0xe8,0xe5,0xd,0xa,0xe2,0xee,0xeb,0xee,0xea,0xed,0xee,0xd,
  0xa,0xe2,0xfb,0xf0,0xe5,0xe7,0xea,0xe0,0xd,0xa,0xe3,0xf3,0xe2,0xe4,0xd,0xa,
  0xe3,0xf3,0xec,0xec,0xe8,0xd,0xa,0xe4,0xf3,0xef,0xeb,0xee,0xd,0xa,0xe8,0xec,
  0xef,0xe5,0xf0,0xe8,0xe0,0xeb,0xe8,0xe7,0xec,0xd,0xa,0xe8,0xed,0xe4,0xe5,0xe5,
  0xf6,0xd,0xa,0xea,0xe0,0xe1,0xeb,0xf3,0xf7,0xee,0xea,0xd,0xa,0xea,0xe0,0xec,
  0xee,0xf0,0xea,0xe0,0xd,0xa,0xea,0xe0,0xf0,0xe0,0xed,0xf2,0xe8,0xed,0xd,0xa,
  0xea,0xee,0xec,0xec,0xf3,0xed,0xe0,0xeb,0xea,0xe0,0xd,0xa,0xea,0xee,0xed,0xf2,
  0xe5,0xea,0xf1,0xf2,0xd,0xa,0xea,0xee,0xf0,0xff,0xe3,0xe0,0xd,0xa,0xea,0xee,
  0xf2,0xeb,0xee,0xe2,0xe0,0xed,0xd,0xa,0xeb,0xe0,0xe9,0xed,0xe5,0xf0,0xd,0xa,
  0xeb,0xe8,0xea,0xee,0xe2,0xe0,0xed,0xe8,0xe5,0xd,0xa,0xec,0xe0,0xf1,0xf5,0xe0,
  0xe4,0xee,0xe2,0xd,0xa,0xec,0xfb,0xf2,0xfc,0xe5,0xd,0xa,0xec,0xff,0xe3,0xea,
  0xee,0xf1,0xf2,0xfc,0xd,0xa,0xec,0xff,0xf2,0xe5,0xe6,0xd,0xa,0xed,0xe0,0xf6,
  0xe8,0xf1,0xf2,0xd,0xa,0xed,0xe5,0xe2,0xe5,0xf1,0xee,0xec,0xee,0xf1,0xf2,0xfc,
  0xd,0xa,0xed,0xe5,0xe4,0xee,0xec,0xee,0xe3,0xe0,0xed,0xe8,0xe5,0xd,0xa,0xed,
  0xee,0xf7,0xe5,0xe2,0xea,0xe0,0xd,0xa,0xed,0xfd,0xef,0xd,0xa,0xef,0xe0,0xef,
  0xee,0xf0,0xee,0xf2,0xed,0xe8,0xea,0xd,0xa,0xef,0xe0,0xf0,0xe0,0xf8,0xe0,0xd,
  0xa,0xef,0xe5,0xf0,0xe5,0xe4,0xed,0xe8,0xea,0xd,0xa,0xef,0xe5,0xf7,0xe5,0xed,
  0xea,0xe0,0xd,0xa,0xef,0xe8,0xf1,0xea,0xf3,0xed,0xd,0xa,0xef,0xee,0xea,0xee,
  0xe9,0xed,0xe8,0xf6,0xe0,0xd,0xa,0xef,0xee,0xeb,0xee,0xe2,0xe8,0xf6,0xe0,0xd,
  0xa,0xef,0xee,0xeb,0xee,0xf7,0xea,0xe0,0xd,0xa,0xef,0xf0,0xe5,0xe4,0xe1,0xe0,
  0xed,0xed,0xe8,0xea,0xd,0xa,0xef,0xf0,0xe8,0xe2,0xe8,0xe2,0xee,0xea,0xd,0xa,
  0xef,0xf0,0xff,0xec,0xee,0xf3,0xe3,0xee,0xeb,0xfc,0xed,0xe8,0xea,0xd,0xa,0xf0,
  0xe0,0xe7,0xe2,0xff,0xe7,0xea,0xe0,0xd,0xa,0xf0,0xe5,0xef,0xe5,0xf0,0xf2,0xf3,
  0xe0,0xf0,0xd,0xa,0xf1,0xf2,0xe8,0xf0,0xea,0xe0,0xd,0xa,0xf1,0xf2,0xee,0xe3,
  0xd,0xa,0xf2,0xe0,0xf0,0xe0,0xd,0xa,0xf2,0xe0,0xf0,0xe0,0xf1,0xfe,0xea,0xd,
  0xa,0xf2,0xee,0xf0,0xee,0xed,0xf2,0xee,0xd,0xa,0xf2,0xee,0xf2,0xe0,0xeb,0xe8,
  0xf2,0xe0,0xf0,0xe8,0xe7,0xec,0xd,0xa,0xf2,0xf0,0xe0,0xea,0xf2,0xe0,0xf2,0xd,
  0xa,0xf2,0xf0,0xe8,0xeb,0xeb,0xe8,0xee,0xed,0xd,0xa,0xf2,0xf0,0xee,0xf1,0xf2,
  0xed,0xe8,0xea,0xd,0xa,0xf3,0xf8,0xe8,0xe1,0xd,0xa,0xf4,0xee,0xe9,0xe5,0xd,
  0xa,0xf5,0xe0,0xe9,0xe4,0xd,0xa,0xf5,0xee,0xea,0xea,0xe5,0xe9,0xd,0xa,0xe0,
  0xed,0xf2,0xe0,0xf0,0xea,0xf2,0xe8,0xe4,0xe0,0xd,0xa,0xe4,0xff,0xe4,0xe5,0xed,
  0xfc,0xea,0xe0,0xd,0xa,0xea,0xe8,0xf2,0xd,0xa,0xea,0xee,0xf2,0xf2,0xe5,0xe4,
  0xe6,0xd,0xa,0xec,0xff,0xf2,0xe5,0xe6,0xed,0xe8,0xea,0xd,0xa,0xed,0xee,0xf8,
  0xe0,0xd,0xa,0xee,0xee,0xed,0xd,0xa,0xef,0xe0,0xf0,0xe0,0xec,0xe5,0xf2,0xf0,
  0xd,0xa,0xef,0xe5,0xe2,0xe8,0xf6,0xe0,0xd,0xa,0xef,0xee,0xeb,0xe8,0xea,0xeb,
  0xe8,0xed,0xe8,0xea,0xe0,0xd,0xa,0xf1,0xea,0xe8,0xe4,0xea,0xe0,0xd,0xa,0xf1,
  0xea,0xee,0xe2,0xee,0xf0,0xee,0xe4,0xea,0xe0,0xd,0xa,0xf1,0xf2,0xe0,0xeb,0xfc,
  0xd,0xa,0xf3,0xec,0xed,0xe8,0xf6,0xe0,0xd,0xa,0xe0,0xe1,0xf1,0xee,0xeb,0xfe,
  0xf2,0xd,0xa,0xe0,0xe2,0xe8,0xf2,0xe0,0xec,0xe8,0xed,0xee,0xe7,0xd,0xa,0xe0,
  0xe2,0xf2,0xee,0xe2,0xee,0xea,0xe7,0xe0,0xeb,0xd,0xa,0xe0,0xea,0xf1,0xe5,0xeb,
  0xe5,0xf0,0xe0,0xf6,0xe8,0xff,0xd,0xa,0xe0,0xeb,0xea,0xee,0xe3,0xee,0xeb,0xe8,
  0xf7,0xea,0xe0,0xd,0xa,0xe0,0xeb,0xee,0xfd,0xd,0xa,0xe0,0xec,0xe1,0xe0,0xeb,
  0xd,0xa,0xe0,0xed,0xe0,0xeb,0xe8,0xe7,0xe0,0xf2,0xee,0xf0,0xd,0xa,0xe0,0xed,
  0xe5,0xe2,0xf0,0xe8,0xe7,0xec,0xd,0xa,0xe0,0xf0,0xe3,0xf3,0xed,0xd,0xa,0xe0,
  0xf1,0xea,0xe5,0xf2,0xd,0xa,0xe0,0xf8,0xf5,0xe0,0xe1,0xe0,0xe4,0xd,0xa,0xe1,
  0xe0,0xe3,0xf0,0xe5,0xf6,0xd,0xa,0xe1,0xe0,0xeb,0xe4,0xe0,0xf5,0xe8,0xed,0xd,
  0xa,0xe1,0xe0,0xf2,0xee,0xe3,0xd,0xa,0xe1,0xe5,0xe7,0xe2,0xe5,0xf1,0xf2,0xed,
  0xee,0xf1,0xf2,0xfc,0xd,0xa,0xe1,0xe5,0xe7,0xe2,0xe5,0xf2,0xf0,0xe8,0xe5,0xd,
  0xa,0xe1,0xe5,0xe7,0xe4,0xee,0xf0,0xee,0xe6,0xfc,0xe5,0xd,0xa,0xe1,0xe5,0xf0,
  0xe4,0xff,0xed,0xf1,0xea,0xd,0xa,0xe1,0xe8,0xe9,0xf1,0xea,0xd,0xa,0xe1,0xe8,
  0xeb,0xe8,0xf0,0xf3,0xe1,0xe8,0xed,0xd,0xa,0xe1,0xeb,0xe5,0xf4,0xd,0xa,0xe1,
  0xee,0xf0,0xe4,0xfe,0xf0,0xd,0xa,0xe1,0xee,0xf2,0xe8,0xea,0xd,0xa,0xe1,0xf0,
  0xe8,0xf1,0xf2,0xee,0xeb,0xfc,0xd,0xa,0xe1,0xf3,0xe3,0xd,0xa,0xe1,0xf3,0xed,
  0xe3,0xe0,0xeb,0xee,0xd,0xa,0xe1,0xf3,0xf0,0xe0,0xd,0xa,0xe2,0xe0,0xea,0xf1,
  0xe0,0xd,0xa,0xe2,0xe8,0xe2,0xe0,0xf0,0xe8,0xe9,0xd,0xa,0xe2,0xee,0xf1,0xef,
  0xe8,0xf2,0xe0,0xed,0xed,0xe8,0xf6,0xe0,0xd,0xa,0xe2,0xf3,0xf0,0xe4,0xe0,0xeb,
  0xe0,0xea,0xd,0xa,0xe3,0xe0,0xe7,0xe8,0xf0,0xee,0xe2,0xea,0xe0,0xd,0xa,0xe3,
  0xe0,0xe9,0xec,0xee,0xf0,0xe8,0xf2,0xd,0xa,0xe3,0xe0,0xeb,0xeb,0xd,0xa,0xe3,
  0xe8,0xea,0xd,0xa,0xe3,0xe8,0xec,0xe0,0xeb,0xe0,0xe8,0xd,0xa,0xe3,0xe8,0xef,
  0xe5,0xf0,0xf2,0xf0,0xee,0xf4,0xe8,0xff,0xd,0xa,0xe3,0xe8,0xef,0xee,0xea,0xf1,
  0xe8,0xff,0xd,0xa,0xe3,0xeb,0xf3,0xf8,0xea,0xee,0xe2,0xd,0xa,0xe3,0xed,0xf3,
  0xf1,0xed,0xee,0xf1,0xf2,0xfc,0xd,0xa,0xe3,0xee,0xeb,0xee,0xe2,0xee,0xeb,0xee,
  0xec,0xea,0xe0,0xd,0xa,0xe3,0xee,0xed,0xf7,0xe0,0xf0,0xee,0xe2,0xe0,0xd,0xa,
  0xe3,0xf0,0xe5,0xf8,0xee,0xea,0xd,0xa,0xe4,0xe5,0xf1,0xf2,0xe0,0xe1,0xe8,0xeb,
  0xe8,0xe7,0xe0,0xf6,0xe8,0xff,0xd,0xa,0xe4,0xe8,0xea,0xee,0xe2,0xe8,0xed,0xe0,
  0xd,0xa,0xe4,0xe8,0xf1,0xef,0xee,0xe7,0xe8,0xf6,0xe8,0xff,0xd,0xa,0xe4,0xee,
  0xe2,0xe5,0xe4,0xe5,0xed,0xe8,0xe5,0xd,0xa,0xe4,0xee,0xe6,0xe4,0xe8,0xf7,0xe5,
  0xea,0xd,0xa,0xe4,0xee,0xeb,0xe8,0xed,0xea,0xe0,0xd,0xa,0xe4,0xee,0xf7,0xf3,
  0xf0,0xea,0xe0,0xd,0xa,0xe4,0xf0,0xe0,0xe3,0xe0,0xd,0xa,0xe4,0xf0,0xe5,0xe9,
  0xf4,0xd,0xa,0xe4,0xf0,0xee,0xe1,0xee,0xe2,0xe8,0xea,0xd,0xa,0xe5,0xe2,0xf0,
  0xe0,0xe7,0xe8,0xff,0xd,0xa,0xe6,0xe0,0xf1,0xec,0xe8,0xed,0xd,0xa,0xe6,0xe8,
  0xe7,0xed,0xe5,0xee,0xe1,0xe5,0xf1,0xef,0xe5,0xf7,0xe5,0xed,0xe8,0xe5,0xd,0xa,
  0xe6,0xec,0xfb,0xf5,0xd,0xa,0xe7,0xe0,0xe1,0xe5,0xe3,0xd,0xa,0xe7,0xe0,0xe2,
  0xe3,0xee,0xf0,0xee,0xe4,0xed,0xe8,0xe9,0xd,0xa,0xe7,0xe0,0xe3,0xe0,0xf8,0xed,
  0xe8,0xea,0xd,0xa,0xe7,0xe0,0xe3,0xf3,0xeb,0xd,0xa,0xe7,0xe0,0xea,0xeb,0xe5,
  0xef,0xea,0xe0,0xd,0xa,0xe7,0xe0,0xec,0xee,0xf0,0xee,0xe7,0xee,0xea,0xd,0xa,
  0xe7,0xe0,0xf7,0xe5,0xf2,0xea,0xe0,0xd,0xa,0xe7,0xe2,0xee,0xed,0xe0,0xf0,0xfc,
  0xd,0xa,0xe7,0xe2,0xff,0xea,0xe0,0xed,0xfc,0xe5,0xd,0xa,0xe7,0xe5,0xeb,0xe5,
  0xed,0xe5,0xf6,0xd,0xa,0xe7,0xee,0xeb,0xee,0xf2,0xe8,0xf8,0xea,0xee,0xd,0xa,
  0xe7,0xee,0xf0,0xea,0xee,0xf1,0xf2,0xfc,0xd,0xa,0xe7,0xee,0xf0,0xff,0xd,0xa,
  0xe8,0xed,0xea,0xf3,0xe1,0xe0,0xf2,0xee,0xf0,0xd,0xa,0xe8,0xed,0xf2,0xe5,0xf0,
  0xed,0xe0,0xf6,0xe8,0xee,0xed,0xe0,0xeb,0xe8,0xf1,0xf2,0xd,0xa,0xe8,0xf1,0xef,
  0xee,0xeb,0xe8,0xed,0xd,0xa,0xe8,0xf1,0xf2,0xee,0xf0,0xe8,0xee,0xe3,0xf0,0xe0,
  0xf4,0xe8,0xff,0xd,0xa,0xea,0xe0,0xeb,0xfc,0xea,0xe0,0xd,0xa,0xea,0xe0,0xec,
  0xe5,0xed,0xfc,0xe5,0xd,0xa,0xea,0xe0,0xed,0xf2,0xee,0xf0,0xd,0xa,0xea,0xe0,
  0xf0,0xe0,0xe3,0xe0,0xed,0xe4,0xe0,0xd,0xa,0xea,0xe0,0xf0,0xe0,0xec,0xe5,0xeb,
  0xfc,0xd,0xa,0xea,0xe0,0xf0,0xeb,0xf1,0xf0,0xf3,0xfd,0xd,0xa,0xea,0xe0,0xf0,
  0xec,0xe0,0xed,0xf7,0xe8,0xea,0xd,0xa,0xea,0xe0,0xf0,0xf2,0xe8,0xf8,0xea,0xe8,
  0xd,0xa,0xea,0xe0,0xf2,0xee,0xe4,0xd,0xa,0xea,0xe2,0xe0,0xf0,0xf6,0xd,0xa,
  0xea,0xe5,0xec,0xe5,0xf0,0xee,0xe2,0xee,0xd,0xa,0xea,0xeb,0xee,0xe0,0xea,0xe0,
  0xd,0xa,0xea,0xee,0xe4,0xeb,0xe0,0xd,0xa,0xea,0xee,0xeb,0xe5,0xf2,0xd,0xa,
  0xea,0xee,0xeb,0xfc,0xe5,0xd,0xa,0xea,0xee,0xec,0xef,0xfc,0xfe,0xf2,0xe5,0xf0,
  0xf9,0xe8,0xea,0xd,0xa,0xea,0xee,0xed,0xf1,0xe5,0xed,0xf1,0xf3,0xf1,0xd,0xa,
  0xea,0xee,0xed,0xf4,0xee,0xf0,0xec,0xe8,0xe7,0xec,0xd,0xa,0xea,0xee,0xef,0xf7,
  0xe8,0xea,0xd,0xa,0xea,0xee,0xf0,0xe0,0xe1,0xeb,0xe5,0xea,0xf0,0xf3,0xf8,0xe5,
  0xed,0xe8,0xe5,0xd,0xa,0xea,0xf0,0xe0,0xe1,0xee,0xeb,0xee,0xe2,0xd,0xa,0xea,
  0xf0,0xe0,0xea,0xee,0xe2,0xd,0xa,0xea,0xf3,0xe2,0xe5,0xe9,0xf2,0xd,0xa,0xea,
  0xf3,0xe7,0xe1,0xe0,0xf1,0xf1,0xfd,0xed,0xe5,0xf0,0xe3,0xee,0xd,0xa,0xea,0xf3,
  0xe7,0xed,0xff,0xd,0xa,0xea,0xf3,0xeb,0xe8,0xf7,0xee,0xea,0xd,0xa,0xeb,0xe0,
  0xe1,0xe0,0xe7,0xd,0xa,0xeb,0xe0,0xf1,0xea,0xee,0xe2,0xee,0xf1,0xf2,0xfc,0xd,
  0xa,0xeb,0xe0,0xf4,0xe0,0xd,0xa,0xeb,0xe3,0xf3,0xed,0xd,0xa,0xeb,0xe5,0xed,
  0xe8,0xed,0xf1,0xea,0xd,0xa,0xeb,0xee,0xe1,0xe8,0xea,0xd,0xa,0xeb,0xee,0xf8,
  0xe0,0xe4,0xe5,0xed,0xea,0xe0,0xd,0xa,0xeb,0xf3,0xf7,0xee,0xea,0xd,0xa,0xeb,
  0xff,0xf1,0xfb,0xd,0xa,0xec,0xe0,0xeb,0xee,0xe2,0xd,0xa,0xec,0xe0,0xf0,0xea,
  0xe5,0xf2,0xe8,0xed,0xe3,0xd,0xa,0xec,0xe0,0xf1,0xeb,0xe5,0xed,0xe8,0xf6,0xe0,
  0xd,0xa,0xec,0xe5,0xeb,0xee,0xe4,0xf0,0xe0,0xec,0xe0,0xd,0xa,0xec,0xe5,0xec,
  0xee,0xf0,0xe0,0xed,0xe4,0xf3,0xec,0xd,0xa,0xec,0xe5,0xed,0xf2,0xe0,0xeb,0xfc,
  0xed,0xee,0xf1,0xf2,0xfc,0xd,0xa,0xec,0xe5,0xf2,0xe0,0xeb,0xeb,0xe8,0xf1,0xf2,
  0xd,0xa,0xec,0xe5,0xf2,0xe5,0xee,0xf0,0xd,0xa,0xec,0xe8,0xed,0xe4,0xe0,0xeb,
  0xfc,0xd,0xa,0xec,0xe8,0xf5,0xe0,0xe9,0xeb,0xfe,0xea,0xd,0xa,0xec,0xf3,0xeb,
  0xff,0xe6,0xd,0xa,0xec,0xfd,0xed,0xd,0xa,0xed,0xe0,0xea,0xe8,0xef,0xfc,0xd,
  0xa,0xed,0xe0,0xea,0xeb,0xee,0xed,0xe5,0xed,0xe8,0xe5,0xd,0xa,0xed,0xe0,0xeb,
  0xee,0xe6,0xed,0xe8,0xf6,0xe0,0xd,0xa,0xed,0xe0,0xf4,0xf2,0xe0,0xeb,0xe8,0xed,
  0xd,0xa,0xed,0xe5,0xe3,0xee,0xe4,0xed,0xe8,0xea,0xd,0xa,0xed,0xe5,0xe7,0xe0,
  0xe4,0xe0,0xf7,0xe0,0xd,0xa,0xed,0xe5,0xe8,0xe7,0xec,0xe5,0xed,0xed,0xee,0xf1,
  0xf2,0xfc,0xd,0xa,0xed,0xe5,0xe9,0xf2,0xf0,0xe0,0xeb,0xe8,0xe7,0xe0,0xf6,0xe8,
  0xff,0xd,0xa,0xed,0xe5,0xef,0xe5,0xf0,0xe5,0xed,0xee,0xf1,0xe8,0xec,0xee,0xf1,
  0xf2,0xfc,0xd,0xa,0xed,0xe5,0xf1,0xee,0xe2,0xec,0xe5,0xf1,0xf2,0xe8,0xec,0xee,
  0xf1,0xf2,0xfc,0xd,0xa,0xee,0xe1,0xe6,0xe8,0xe3,0xe0,0xeb,0xe0,0xd,0xa,0xee,
  0xe1,0xee,0xe4,0xd,0xa,0xee,0xe4,0xe5,0xff,0xeb,0xfc,0xf6,0xe5,0xd,0xa,0xee,
  0xef,0xe8,0xe9,0xd,0xa,0xee,0xf1,0xe5,0xf2,0xe8,0xed,0xd,0xa,0xee,0xf2,0xf1,
  0xf2,0xf3,0xef,0xed,0xe8,0xea,0xd,0xa,0xee,0xf4,0xe8,0xf6,0xe5,0xf0,0xe8,0xea,
  0xd,0xa,0xef,0xe0,0xeb,0xee,0xec,0xed,0xe8,0xea,0xd,0xa,0xef,0xe0,0xed,0xf2,
  0xee,0xec,0xe8,0xec,0xe0,0xd,0xa,0xef,0xe0,0xf0,0xf2,0xe8,0xe7,0xe0,0xed,0xea,
  0xe0,0xd,0xa,0xef,0xe5,0xf0,0xe5,0xe2,0xee,0xe7,0xf7,0xe8,0xea,0xd,0xa,0xef,
  0xe5,0xf0,0xe5,0xe3,0xee,0xed,0xea,0xe0,0xd,0xa,0xef,0xe5,0xf0,0xe5,0xe3,0xf0,
  0xf3,0xef,0xef,0xe8,0xf0,0xee,0xe2,0xea,0xe0,0xd,0xa,0xef,0xe5,0xf0,0xeb,0xee,
  0xe2,0xea,0xe0,0xd,0xa,0xef,0xe5,0xf2,0xf0,0xee,0xe7,0xe0,0xe2,0xee,0xe4,0xf1,
  0xea,0xd,0xa,0xef,0xe8,0xe0,0xeb,0xe0,0xd,0xa,0xef,0xe8,0xe5,0xf2,0xe5,0xf2,
  0xd,0xa,0xef,0xeb,0xe0,0xec,0xe5,0xed,0xfc,0xd,0xa,0xef,0xeb,0xe0,0xed,0xe5,
  0xf2,0xea,0xe0,0xd,0xa,0xef,0xeb,0xf3,0xf2,0xd,0xa,0xef,0xeb,0xf3,0xf2,0xee,
  0xed,0xd,0xa,0xef,0xee,0xe1,0xf3,0xe4,0xea,0xe0,0xd,0xa,0xef,0xee,0xe2,0xe5,
  0xf8,0xe5,0xed,0xe8,0xe5,0xd,0xa,0xef,0xee,0xe2,0xe8,0xe4,0xeb,0xee,0xd,0xa,
  0xef,0xee,0xe4,0xe0,0xe2,0xe0,0xeb,0xfc,0xf9,0xe8,0xf6,0xe0,0xd,0xa,0xef,0xee,
  0xe4,0xec,0xe5,0xf2,0xe0,0xeb,0xe0,0xd,0xa,0xef,0xee,0xe4,0xf1,0xf2,0xe0,0xea,
  0xe0,0xed,0xed,0xe8,0xea,0xd,0xa,0xef,0xee,0xea,0xe0,0xf8,0xeb,0xe8,0xe2,0xe0,
  0xed,0xe8,0xe5,0xd,0xa,0xef,0xee,0xed,0xf3,0xea,0xe0,0xed,0xe8,0xe5,0xd,0xa,
  0xef,0xee,0xf0,0xee,0xe6,0xed,0xff,0xea,0xd,0xa,0xef,0xee,0xf1,0xd,0xa,0xef,
  0xee,0xf1,0xeb,0xe0,0xe1,0xeb,0xe5,0xed,0xe8,0xe5,0xd,0xa,0xef,0xee,0xf1,0xf0,
  0xe5,0xe4,0xf1,0xf2,0xe2,0xee,0xd,0xa,0xef,0xee,0xf1,0xf2,0xec,0xee,0xe4,0xe5,
  0xf0,0xed,0xe8,0xe7,0xec,0xd,0xa,0xef,0xee,0xf1,0xf2,0xf3,0xea,0xe8,0xe2,0xe0,
  0xed,0xe8,0xe5,0xd,0xa,0xef,0xee,0xf1,0xf3,0xeb,0xd,0xa,0xef,0xee,0xf2,0xee,
  0xee,0xf2,0xe4,0xe5,0xeb,0xe5,0xed,0xe8,0xe5,0xd,0xa,0xef,0xee,0xf5,0xee,0xeb,
  0xee,0xe4,0xe0,0xed,0xe8,0xe5,0xd,0xa,0xef,0xf0,0xe0,0xe7,0xe4,0xed,0xee,0xf1,
  0xf2,0xfc,0xd,0xa,0xef,0xf0,0xe0,0xf0,0xee,0xe4,0xe8,0xf2,0xe5,0xeb,0xfc,0xd,
  0xa,0xef,0xf0,0xe5,0xe4,0xee,0xef,0xeb,0xe0,0xf2,0xe0,0xd,0xa,0xef,0xf0,0xe5,
  0xe4,0xf0,0xe0,0xf1,0xef,0xee,0xeb,0xee,0xe6,0xe5,0xed,0xed,0xee,0xf1,0xf2,0xfc,
  0xd,0xa,0xef,0xf0,0xe5,0xf0,0xe5,0xea,0xe0,0xed,0xe8,0xe5,0xd,0xa,0xef,0xf0,
  0xe8,0xe2,0xee,0xe7,0xd,0xa,0xef,0xf0,0xe8,0xec,0xe0,0xea,0xd,0xa,0xef,0xf0,
  0xee,0xe1,0xee,0xe9,0xd,0xa,0xef,0xf0,0xee,0xe2,0xee,0xf0,0xf1,0xf2,0xe2,0xee,
  0xd,0xa,0xef,0xf0,0xee,0xf2,0xe0,0xeb,0xe8,0xed,0xe0,0xd,0xa,0xef,0xf0,0xee,
  0xf2,0xe8,0xe2,0xee,0xff,0xe4,0xe8,0xe5,0xd,0xa,0xef,0xf0,0xee,0xf4,0xe8,0xd,
  0xa,0xf0,0xe0,0xe4,0xe8,0xe0,0xed,0xf2,0xd,0xa,0xf0,0xe0,0xe7,0xeb,0xee,0xec,
  0xd,0xa,0xf0,0xe5,0xe6,0xe8,0xf1,0xf1,0xf3,0xf0,0xe0,0xd,0xa,0xf0,0xe5,0xec,
  0xe0,0xf0,0xea,0xe0,0xd,0xa,0xf0,0xee,0xe3,0xe0,0xf2,0xe8,0xed,0xe0,0xd,0xa,
  0xf0,0xee,0xec,0xe1,0xe8,0xea,0xd,0xa,0xf0,0xee,0xf1,0xf1,0xea,0xe0,0xe7,0xed,
  0xe8,0xd,0xa,0xf0,0xee,0xf2,0xf2,0xe5,0xf0,0xe4,0xe0,0xec,0xd,0xa,0xf1,0xe0,
  0xe3,0xe8,0xe1,0xd,0xa,0xf1,0xe0,0xeb,0xe0,0xf2,0xe8,0xea,0xd,0xa,0xf1,0xe0,
  0xec,0xee,0xea,0xee,0xed,0xf2,0xf0,0xee,0xeb,0xfc,0xd,0xa,0xf1,0xe0,0xec,0xee,
  0xea,0xf0,0xe8,0xf2,0xe8,0xea,0xe0,0xd,0xa,0xf1,0xe0,0xec,0xee,0xf0,0xe0,0xe7,
  0xf0,0xf3,0xf8,0xe5,0xed,0xe8,0xe5,0xd,0xa,0xf1,0xe0,0xec,0xee,0xf1,0xee,0xe2,
  0xe5,0xf0,0xf8,0xe5,0xed,0xf1,0xf2,0xe2,0xee,0xe2,0xe0,0xed,0xe8,0xe5,0xd,0xa,
  0xf1,0xe0,0xed,0xe4,0xe2,0xe8,0xf7,0xd,0xa,0xf1,0xe2,0xff,0xf2,0xe5,0xe9,0xf8,
  0xe5,0xf1,0xf2,0xe2,0xee,0xd,0xa,0xf1,0xe5,0xec,0xfc,0xff,0xed,0xe8,0xed,0xd,
  0xa,0xf1,0xe5,0xed,0xe0,0xd,0xa,0xf1,0xe5,0xed,0xfc,0xee,0xf0,0xd,0xa,0xf1,
  0xe5,0xf0,0xea,0xee,0xd,0xa,0xf1,0xe5,0xf0,0xee,0xe2,0xee,0xe4,0xee,0xf0,0xee,
  0xe4,0xd,0xa,0xf1,0xe8,0xe3,0xd,0xa,0xf1,0xe8,0xf1,0xf2,0xe5,0xec,0xe0,0xf2,
  0xe8,0xea,0xd,0xa,0xf1,0xea,0xe0,0xed,0xe4,0xe8,0xed,0xe0,0xe2,0xe8,0xff,0xd,
  0xa,0xf1,0xea,0xe0,0xed,0xe8,0xf0,0xee,0xe2,0xe0,0xed,0xe8,0xe5,0xd,0xa,0xf1,
  0xea,0xe0,0xf3,0xf2,0xd,0xa,0xf1,0xeb,0xe0,0xe2,0xee,0xf1,0xeb,0xee,0xe2,0xe8,
  0xe5,0xd,0xa,0xf1,0xf2,0xe0,0xeb,0xe0,0xea,0xf2,0xe8,0xf2,0xd,0xa,0xf1,0xf2,
  0xe0,0xf0,0xf8,0xe8,0xed,0xf1,0xf2,0xe2,0xee,0xd,0xa,0xf1,0xf2,0xe8,0xeb,0xe8,
  0xf1,0xf2,0xe8,0xea,0xe0,0xd,0xa,0xf1,0xf2,0xf0,0xe0,0xe4,0xe0,0xd,0xa,0xf1,
  0xf3,0xf9,0xe5,0xf1,0xf2,0xe2,0xe8,0xf2,0xe5,0xeb,0xfc,0xed,0xee,0xe5,0xd,0xa,
  0xf2,0xe0,0xe1,0xeb,0xe5,0xf2,0xee,0xf7,0xea,0xe0,0xd,0xa,0xf2,0xe0,0xeb,0xfc,
  0xed,0xe8,0xea,0xd,0xa,0xf2,0xe0,0xf0,0xf2,0xe0,0xf0,0xe0,0xf0,0xfb,0xd,0xa,
  0xf2,0xe2,0xe8,0xf1,0xf2,0xd,0xa,0xf2,0xe5,0xeb,0xfc,0xed,0xe8,0xea,0xd,0xa,
  0xf2,0xe5,0xf0,0xea,0xe0,0xd,0xa,0xf2,0xe5,0xf1,0xf2,0xe8,0xf0,0xee,0xe2,0xe0,
  0xed,0xe8,0xe5,0xd,0xa,0xf2,0xe8,0xef,0xe0,0xe6,0xd,0xa,0xf2,0xee,0xeb,0xf1,
  0xf2,0xf3,0xf5,0xe0,0xd,0xa,0xf2,0xee,0xeb,0xfc,0xff,0xf2,0xf2,0xe8,0xd,0xa,
  0xf2,0xee,0xef,0xee,0xe3,0xf0,0xe0,0xf4,0xd,0xa,0xf2,0xee,0xf0,0xec,0xe0,0xf8,
  0xea,0xe8,0xd,0xa,0xf2,0xf0,0xe5,0xe7,0xe2,0xe5,0xed,0xed,0xe8,0xea,0xd,0xa,
  0xf2,0xfb,0xeb,0xee,0xe2,0xe8,0xea,0xd,0xa,0xf3,0xe4,0xe0,0xeb,0xe5,0xf6,0xd,
  0xa,0xf3,0xec,0xe8,0xf8,0xea,0xee,0xd,0xa,0xf3,0xec,0xee,0xeb,0xf7,0xe0,0xed,
  0xe8,0xe5,0xd,0xa,0xf3,0xec,0xee,0xf0,0xe0,0xd,0xa,0xf3,0xef,0xf0,0xff,0xec,
  0xe5,0xf6,0xd,0xa,0xf3,0xf7,0xe5,0xed,0xee,0xf1,0xf2,0xfc,0xd,0xa,0xf3,0xf8,
  0xe0,0xf2,0xd,0xa,0xf3,0xf9,0xe5,0xec,0xeb,0xe5,0xed,0xe8,0xe5,0xd,0xa,0xf4,
  0xe8,0xed,0xe3,0xe0,0xeb,0xd,0xa,0xf5,0xe0,0xeb,0xe2,0xe0,0xd,0xa,0xf5,0xe0,
  0xf0,0xef,0xe5,0xf0,0xd,0xa,0xf5,0xe5,0xf0,0xe5,0xf1,0xd,0xa,0xf5,0xe8,0xed,
  0xe0,0xd,0xa,0xf5,0xe8,0xf5,0xe8,0xea,0xe0,0xed,0xfc,0xe5,0xd,0xa,0xf5,0xeb,
  0xee,0xf0,0xd,0xa,0xf5,0xeb,0xff,0xf1,0xf2,0xe8,0xea,0xd,0xa,0xf5,0xee,0xeb,
  0xf1,0xf2,0xe8,0xed,0xe0,0xd,0xa,0xf7,0xe0,0xe2,0xee,0xd,0xa,0xf7,0xe5,0xef,
  0xe5,0xf6,0xd,0xa,0xf7,0xe5,0xf0,0xed,0xee,0xea,0xed,0xe8,0xe6,0xed,0xe8,0xea,
  0xd,0xa,0xf7,0xf2,0xe5,0xf6,0xd,0xa,0xf7,0xf3,0xea,0xee,0xf2,0xea,0xe0,0xd,
  0xa,0xf8,0xe0,0xf0,0xec,0xd,0xa,0xf8,0xe2,0xe0,0xeb,0xfc,0xd,0xa,0xf8,0xe8,
  0xed,0xe5,0xeb,0xfc,0xea,0xe0,0xd,0xa,0xf8,0xef,0xe8,0xea,0xd,0xa,0xf8,0xf2,
  0xf0,0xe5,0xea,0xd,0xa,0xfd,0xea,0xee,0xed,0xee,0xec,0xd,0xa,0xfd,0xea,0xf1,
  0xf1,0xf3,0xe4,0xe0,0xf2,0xd,0xa,0xfd,0xef,0xe8,0xeb,0xe5,0xef,0xf2,0xe8,0xea,
  0xd,0xa,0xff,0xf0,0xe4,0xd,0xa,0xe0,0xe1,0xf0,0xe0,0xe7,0xe8,0xe2,0xd,0xa,
  0xe0,0xe2,0xf2,0xee,0xe1,0xe0,0xe7,0xe0,0xd,0xa,0xe0,0xf0,0xd,0xa,0xe0,0xf0,
  0xe8,0xf4,0xec,0xe5,0xf2,0xe8,0xea,0xe0,0xd,0xa,0xe1,0xe0,0xeb,0xe4,0xe0,0xd,
  0xa,0xe2,0xe8,0xf2,0xee,0xea,0xd,0xa,0xe2,0xee,0xe5,0xed,0xea,0xee,0xec,0xd,
  0xa,0xe2,0xee,0xeb,0xfc,0xed,0xee,0xf1,0xf2,0xfc,0xd,0xa,0xe4,0xe5,0xe9,0xf1,
  0xf2,0xe2,0xee,0xd,0xa,0xe4,0xee,0xec,0xe8,0xed,0xee,0xd,0xa,0xe4,0xf0,0xe5,
  0xec,0xee,0xf2,0xe0,0xd,0xa,0xe6,0xfd,0xea,0xd,0xa,0xe7,0xe0,0xf0,0xee,0xe4,
  0xfb,0xf8,0xd,0xa,0xe8,0xe7,0xeb,0xe8,0xf8,0xe5,0xf1,0xf2,0xe2,0xee,0xd,0xa,
  0xe8,0xf0,0xe0,0xea,0xd,0xa,0xe8,0xf0,0xe0,0xed,0xd,0xa,0xe8,0xf1,0xf2,0xe5,
  0xf7,0xe5,0xed,0xe8,0xe5,0xd,0xa,0xea,0xe0,0xed,0xee,0xed,0xd,0xa,0xea,0xee,
  0xe7,0xeb,0xe5,0xed,0xee,0xea,0xd,0xa,0xea,0xee,0xeb,0xe1,0xe0,0xd,0xa,0xea,
  0xee,0xeb,0xeb,0xe5,0xea,0xf6,0xe8,0xee,0xed,0xe5,0xf0,0xd,0xa,0xea,0xee,0xec,
  0xef,0xe0,0xed,0xfc,0xee,0xed,0xd,0xa,0xea,0xee,0xf1,0xf2,0xe5,0xf0,0xee,0xea,
  0xd,0xa,0xea,0xf0,0xe8,0xe2,0xe8,0xe7,0xed,0xe0,0xd,0xa,0xea,0xf0,0xee,0xe2,
  0xe0,0xf2,0xea,0xe0,0xd,0xa,0xea,0xf3,0xe1,0xe0,0xed,0xfc,0xd,0xa,0xea,0xf3,
  0xf0,0xee,0xf7,0xea,0xe0,0xd,0xa,0xea,0xf3,0xf0,0xff,0xf2,0xed,0xe8,0xea,0xd,
  0xa,0xea,0xf3,0xf5,0xe0,0xf0,0xea,0xe0,0xd,0xa,0xeb,0xe5,0xe3,0xea,0xee,0xec,
  0xfb,0xf1,0xeb,0xe8,0xe5,0xd,0xa,0xeb,0xe5,0xf1,0xee,0xf0,0xf3,0xe1,0xd,0xa,
  0xeb,0xe5,0xf1,0xef,0xf0,0xee,0xec,0xf5,0xee,0xe7,0xd,0xa,0xeb,0xe8,0xeb,0xe8,
  0xef,0xf3,0xf2,0xd,0xa,0xeb,0xee,0xef,0xe0,0xf1,0xf2,0xfc,0xd,0xa,0xec,0xe0,
  0xe7,0xf3,0xf2,0xd,0xa,0xec,0xf3,0xf1,0xea,0xf3,0xeb,0xe0,0xf2,0xf3,0xf0,0xe0,
  0xd,0xa,0xed,0xe0,0xe5,0xe7,0xe4,0xd,0xa,0xed,0xe0,0xea,0xeb,0xee,0xed,0xd,
  0xa,0xed,0xe0,0xf5,0xe0,0xeb,0xfc,0xf1,0xf2,0xe2,0xee,0xd,0xa,0xed,0xfe,0xe0,
  0xed,0xf1,0xd,0xa,0xee,0xec,0xee,0xed,0xd,0xa,0xee,0xf2,0xe1,0xf0,0xee,0xf1,
  0xd,0xa,0xef,0xe5,0xed,0xf1,0xe8,0xee,0xed,0xe5,0xf0,0xea,0xe0,0xd,0xa,0xef,
  0xe5,0xf0,0xe8,0xed,0xe0,0xd,0xa,0xef,0xeb,0xe0,0xe2,0xed,0xe8,0xea,0xd,0xa,
  0xef,0xeb,0xe0,0xf1,0xf2,0xfb,0xf0,0xfc,0xd,0xa,0xef,0xeb,0xe0,0xf2,0xe5,0xe6,
  0xd,0xa,0xef,0xeb,0xe5,0xed,0xed,0xfb,0xe9,0xd,0xa,0xef,0xee,0xe1,0xee,0xe8,
  0xd,0xa,0xef,0xee,0xe4,0xf0,0xe0,0xe6,0xe0,0xed,0xe8,0xe5,0xd,0xa,0xef,0xf0,
  0xee,0xe4,0xeb,0xe5,0xed,0xe8,0xe5,0xd,0xa,0xef,0xf0,0xee,0xef,0xe0,0xe6,0xe0,
  0xd,0xa,0xf1,0xeb,0xf3,0xe6,0xe0,0xed,0xea,0xe0,0xd,0xa,0xf1,0xee,0xe2,0xee,
  0xea,0xd,0xa,0xf1,0xee,0xed,0xeb,0xe8,0xe2,0xee,0xf1,0xf2,0xfc,0xd,0xa,0xf1,
  0xee,0xee,0xe1,0xf9,0xed,0xe8,0xea,0xd,0xa,0xf1,0xf2,0xe5,0xf0,0xe2,0xff,0xf2,
  0xed,0xe8,0xea,0xd,0xa,0xf1,0xf2,0xf0,0xe5,0xec,0xff,0xd,0xa,0xf2,0xe5,0xf1,
  0xe5,0xec,0xea,0xe0,0xd,0xa,0xf2,0xf0,0xf3,0xef,0xef,0xe0,0xd,0xa,0xf2,0xf3,
  0xf8,0xd,0xa,0xf3,0xf1,0xf2,0xf3,0xef,0xea,0xe0,0xd,0xa,0xf4,0xe0,0xf1,0xee,
  0xed,0xd,0xa,0xf4,0xf0,0xe5,0xed,0xf7,0xd,0xa,0xf4,0xf3,0xed,0xea,0xf6,0xe8,
  0xee,0xed,0xe8,0xf0,0xee,0xe2,0xe0,0xed,0xe8,0xe5,0xd,0xa,0xf5,0xe2,0xe0,0xf2,
  0xea,0xe0,0xd,0xa,0xf6,0xe5,0xeb,0xe5,0xf1,0xee,0xee,0xe1,0xf0,0xe0,0xe7,0xed,
  0xee,0xf1,0xf2,0xfc,0xd,0xa,0xfd,0xea,0xe7,0xee,0xf2,0xe8,0xea,0xe0,0xd,0xa,
  0xfd,0xf2,0xe8,0xea,0xe5,0xf2,0xd,0xa,0xfe,0xe3,0xee,0xf1,0xeb,0xe0,0xe2,0xe8,
  0xff,0xd,0xa,0xe1,0xe0,0xf2,0xd,0xa,0xe2,0xf1,0xea,0xf0,0xfb,0xf2,0xe8,0xe5,
  0xd,0xa,0xe3,0xe0,0xeb,0xee,0xf7,0xea,0xe0,0xd,0xa,0xe3,0xe0,0xf1,0xf2,0xf0,
  0xee,0xed,0xee,0xec,0xd,0xa,0xe3,0xe2,0xee,0xe7,0xe4,0xe8,0xea,0xe0,0xd,0xa,
  0xe3,0xe8,0xe4,0xd,0xa,0xe4,0xe5,0xeb,0xe5,0xe3,0xe0,0xf2,0xd,0xa,0xe4,0xe5,
  0xef,0xf0,0xe5,0xf1,0xf1,0xe8,0xff,0xd,0xa,0xe4,0xe5,0xf0,0xe5,0xe2,0xe5,0xed,
  0xfc,0xea,0xe0,0xd,0xa,0xe7,0xe0,0xf1,0xf2,0xee,0xe9,0xd,0xa,0xe7,0xee,0xe2,
  0xd,0xa,0xe8,0xe2,0xe0,0xf8,0xee,0xe2,0xd,0xa,0xe8,0xe7,0xeb,0xee,0xe6,0xe5,
  0xed,0xe8,0xe5,0xd,0xa,0xe8,0xf1,0xf2,0xee,0xea,0xd,0xa,0xea,0xf3,0xf0,0xe3,
  0xe0,0xed,0xd,0xa,0xec,0xe0,0xfd,0xf1,0xf2,0xf0,0xee,0xd,0xa,0xec,0xfb,0xf1,
  0xeb,0xe8,0xf2,0xe5,0xeb,0xfc,0xd,0xa,0xec,0xfe,0xed,0xf5,0xe5,0xed,0xd,0xa,
  0xed,0xee,0xf2,0xea,0xe0,0xd,0xa,0xee,0xef,0xef,0xee,0xed,0xe5,0xed,0xf2,0xd,
  0xa,0xee,0xef,0xf0,0xee,0xf1,0xd,0xa,0xef,0xee,0xea,0xf0,0xee,0xe2,0xe8,0xf2,
  0xe5,0xeb,0xfc,0xd,0xa,0xef,0xf0,0xe8,0xe3,0xee,0xf0,0xee,0xe4,0xd,0xa,0xef,
  0xf0,0xee,0xe6,0xe8,0xe2,0xe0,0xed,0xe8,0xe5,0xd,0xa,0xf0,0xee,0xe6,0xee,0xea,
  0xd,0xa,0xf0,0xf3,0xe4,0xed,0xe8,0xea,0xd,0xa,0xf1,0xeb,0xf3,0xe6,0xe8,0xf2,
  0xe5,0xeb,0xfc,0xd,0xa,0xf1,0xee,0xe2,0xf0,0xe5,0xec,0xe5,0xed,0xed,0xee,0xf1,
  0xf2,0xfc,0xd,0xa,0xf1,0xf2,0xe0,0xf2,0xe8,0xf1,0xf2,0xe8,0xea,0xd,0xa,0xf2,
  0xf3,0xf0,0xed,0xe8,0xf0,0xd,0xa,0xf3,0xea,0xe0,0xe7,0xe0,0xf2,0xe5,0xeb,0xfc,
  0xd,0xa,0xf3,0xea,0xf3,0xf1,0xd,0xa,0xf4,0xe5,0xe4,0xee,0xf0,0xee,0xe2,0xe0,
  0xd,0xa,0xf5,0xf3,0xeb,0xe8,0xe3,0xe0,0xed,0xf1,0xf2,0xe2,0xee,0xd,0xa,0xf6,
  0xe8,0xed,0xe8,0xe7,0xec,0xd,0xa,0xfd,0xe2,0xe5,0xed,0xea,0xd,0xa,0xff,0xe8,
  0xf7,0xea,0xee,0xd,0xa,0xe1,0xee,0xf0,0xee,0xe4,0xea,0xe8,0xed,0xd,0xa,0xe4,
  0xe6,0xe8,0xed,0xd,0xa,0xea,0xe0,0xf0,0xe0,0xe2,0xe0,0xed,0xd,0xa,0xea,0xeb,
  0xff,0xf2,0xe2,0xe0,0xd,0xa,0xef,0xe5,0xf0,0xf1,0xf2,0xe5,0xed,0xfc,0xd,0xa,
  0xef,0xf0,0xe8,0xeb,0xee,0xe6,0xe5,0xed,0xe8,0xe5,0xd,0xa,0xf0,0xe0,0xe7,0xe3,
  0xf0,0xee,0xec,0xd,0xa,0xf0,0xe0,0xf1,0xf1,0xec,0xee,0xf2,0xf0,0xe5,0xed,0xe8,
  0xe5,0xd,0xa,0xf0,0xe5,0xec,0xe5,0xf8,0xee,0xea,0xd,0xa,0xf2,0xe2,0xee,0xf0,
  0xe5,0xf6,0xd,0xa,0xf5,0xe8,0xf9,0xed,0xe8,0xea,0xd,0xa,0xe1,0xe0,0xed,0xed,
  0xe8,0xea,0xd,0xa,0xe1,0xe0,0xf0,0xea,0xd,0xa,0xe1,0xfb,0xf7,0xe5,0xe2,0xf1,
  0xea,0xe8,0xe9,0xd,0xa,0xe2,0xfb,0xf5,0xee,0xe4,0xed,0xee,0xe9,0xd,0xa,0xe3,
  0xe0,0xf0,0xe4,0xe5,0xf0,0xee,0xe1,0xf9,0xe8,0xea,0xd,0xa,0xe3,0xe5,0xf0,0xee,
  0xe8,0xed,0xd,0xa,0xe3,0xeb,0xe0,0xe7,0xe5,0xed,0xea,0xe8,0xd,0xa,0xe3,0xeb,
  0xf3,0xec,0xee,0xe2,0xd,0xa,0xe3,0xee,0xf0,0xf1,0xf2,0xea,0xe0,0xd,0xa,0xe3,
  0xee,0xf1,0xf2,0xe8,0xed,0xe5,0xf6,0xd,0xa,0xe4,0xe5,0xec,0xe0,0xe3,0xee,0xe3,
  0xe8,0xff,0xd,0xa,0xe4,0xee,0xe2,0xee,0xeb,0xfc,0xf1,0xf2,0xe2,0xe8,0xe5,0xd,
  0xa,0xe4,0xf0,0xe5,0xe2,0xea,0xee,0xd,0xa,0xe5,0xf1,0xf2,0xe5,0xf1,0xf2,0xe2,
  0xee,0xd,0xa,0xe6,0xe5,0xeb,0xf3,0xe4,0xfc,0xd,0xa,0xe7,0xe2,0xe5,0xf0,0xfc,
  0xe5,0xd,0xa,0xe7,0xf3,0xe9,0xd,0xa,0xe8,0xe7,0xe2,0xf0,0xe0,0xf9,0xe5,0xed,
  0xe5,0xf6,0xd,0xa,0xe8,0xf1,0xf2,0xf3,0xea,0xe0,0xed,0xd,0xa,0xea,0xeb,0xe5,
  0xea,0xee,0xf2,0xd,0xa,0xea,0xee,0xf0,0xf0,0xe5,0xea,0xf2,0xee,0xf0,0xd,0xa,
  0xec,0xe0,0xec,0xe0,0xeb,0xfb,0xe3,0xe0,0xd,0xa,0xec,0xe5,0xf2,0xf0,0xee,0xef,
  0xee,0xeb,0xfc,0xd,0xa,0xec,0xee,0xe7,0xe0,0xe8,0xea,0xe0,0xd,0xa,0xec,0xee,
  0xeb,0xe2,0xe0,0xd,0xa,0xec,0xee,0xeb,0xee,0xea,0xee,0xf1,0xee,0xf1,0xd,0xa,
  0xec,0xee,0xed,0xf2,0xe0,0xe6,0xd,0xa,0xec,0xee,0xf0,0xff,0xf7,0xee,0xea,0xd,
  0xa,0xed,0xe5,0xe2,0xe5,0xf0,0xe8,0xe5,0xd,0xa,0xed,0xe5,0xe2,0xf0,0xee,0xef,
  0xe0,0xf2,0xee,0xeb,0xee,0xe3,0xd,0xa,0xed,0xe5,0xef,0xe0,0xeb,0xd,0xa,0xed,
  0xee,0xf0,0xe2,0xe5,0xe3,0xe8,0xff,0xd,0xa,0xee,0xe1,0xeb,0xe0,0xe4,0xe0,0xed,
  0xe8,0xe5,0xd,0xa,0xee,0xe1,0xf3,0xe7,0xe0,0xd,0xa,0xee,0xf1,0xe5,0xf7,0xea,
  0xe0,0xd,0xa,0xee,0xf1,0xff,0xed,0xe8,0xed,0xd,0xa,0xee,0xf2,0xf0,0xfb,0xe6,
  0xea,0xe0,0xd,0xa,0xef,0xe0,0xec,0xe8,0xf0,0xd,0xa,0xef,0xe5,0xed,0xe8,0xf6,
  0xe8,0xeb,0xeb,0xe8,0xed,0xd,0xa,0xef,0xe5,0xf0,0xe5,0xeb,0xe8,0xe2,0xe0,0xed,
  0xe8,0xe5,0xd,0xa,0xef,0xe5,0xf0,0xe8,0xf1,0xea,0xee,0xef,0xd,0xa,0xef,0xee,
  0xe6,0xe8,0xf2,0xea,0xe8,0xd,0xa,0xef,0xee,0xf1,0xeb,0xf3,0xf8,0xe0,0xed,0xe8,
  0xe5,0xd,0xa,0xef,0xee,0xf2,0xee,0xef,0xd,0xa,0xef,0xf0,0xe0,0xe7,0xe4,0xed,
  0xe5,0xf1,0xf2,0xe2,0xee,0xd,0xa,0xef,0xf0,0xe5,0xe4,0xe2,0xe8,0xe4,0xe5,0xed,
  0xe8,0xe5,0xd,0xa,0xef,0xf0,0xe8,0xe2,0xe5,0xf0,0xe6,0xe5,0xed,0xed,0xee,0xf1,
  0xf2,0xfc,0xd,0xa,0xef,0xf0,0xe8,0xe4,0xe0,0xed,0xee,0xe5,0xd,0xa,0xef,0xf0,
  0xee,0xe8,0xf1,0xea,0xe8,0xd,0xa,0xef,0xf0,0xee,0xf1,0xf2,0xee,0xe4,0xf3,0xf8,
  0xe8,0xe5,0xd,0xa,0xef,0xf0,0xee,0xf5,0xe2,0xee,0xf1,0xf2,0xd,0xa,0xf0,0xe0,
  0xe7,0xe1,0xee,0xe9,0xd,0xa,0xf0,0xe0,0xf1,0xf1,0xe5,0xff,0xed,0xed,0xee,0xf1,
  0xf2,0xfc,0xd,0xa,0xf0,0xee,0xea,0xe5,0xf0,0xd,0xa,0xf0,0xee,0xf2,0xee,0xf0,
  0xd,0xa,0xf1,0xe0,0xe4,0xe8,0xe7,0xec,0xd,0xa,0xf1,0xe0,0xec,0xee,0xf0,0xee,
  0xe4,0xee,0xea,0xd,0xa,0xf1,0xe5,0xef,0xe0,0xf0,0xe0,0xf2,0xee,0xf0,0xd,0xa,
  0xf1,0xe8,0xf2,0xe8,0xd,0xa,0xf1,0xee,0xf2,0xe2,0xee,0xf0,0xe5,0xed,0xe8,0xe5,
  0xd,0xa,0xf1,0xf2,0xe5,0xf0,0xeb,0xe8,0xed,0xe3,0xd,0xa,0xf1,0xf3,0xe4,0xe0,
  0xf0,0xfb,0xed,0xff,0xd,0xa,0xf1,0xf3,0xeb,0xfc,0xf4,0xe0,0xed,0xe8,0xeb,0xe0,
  0xec,0xe8,0xe4,0xd,0xa,0xf1,0xf3,0xf0,0xee,0xea,0xd,0xa,0xf2,0xe5,0xeb,0xe5,
  0xfd,0xea,0xf0,0xe0,0xed,0xd,0xa,0xf2,0xee,0xf0,0xf1,0xd,0xa,0xf2,0xf0,0xe0,
  0xea,0xf2,0xe8,0xf0,0xf9,0xe8,0xea,0xd,0xa,0xf2,0xf0,0xf3,0xf9,0xee,0xe1,0xe0,
  0xd,0xa,0xf4,0xe0,0xed,0xe0,0xf2,0xd,0xa,0xf4,0xf0,0xe5,0xf1,0xea,0xe0,0xd,
  0xa,0xf6,0xe2,0xe5,0xeb,0xfc,0xd,0xa,0xf6,0xe2,0xe5,0xf2,0xed,0xe8,0xea,0xd,
  0xa,0xfd,0xea,0xe7,0xe5,0xec,0xe0,0xd,0xa,0xff,0xf0,0xee,0xf1,0xeb,0xe0,0xe2,
  0xeb,0xfc,0xd,0xa,0xe0,0xe3,0xe0,0xf2,0xd,0xa,0xe1,0xe0,0xed,0xf2,0xd,0xa,
  0xe1,0xe5,0xeb,0xfc,0xe3,0xe8,0xff,0xd,0xa,0xe2,0xe0,0xf5,0xf2,0xe5,0xf0,0xd,
  0xa,0xe2,0xf0,0xe0,0xe6,0xe4,0xe0,0xd,0xa,0xe3,0xe8,0xef,0xf1,0xd,0xa,0xe3,
  0xeb,0xe0,0xe2,0xea,0xd,0xa,0xe3,0xee,0xf1,0xf2,0xe5,0xef,0xf0,0xe8,0xe8,0xec,
  0xf1,0xf2,0xe2,0xee,0xd,0xa,0xe4,0xe5,0xff,0xed,0xe8,0xe5,0xd,0xa,0xe7,0xf3,
  0xe4,0xe0,0xd,0xa,0xe8,0xe7,0xe3,0xe8,0xe1,0xd,0xa,0xea,0xe8,0xeb,0xfc,0xd,
  0xa,0xea,0xeb,0xff,0xea,0xf1,0xe0,0xd,0xa,0xea,0xee,0xf1,0xec,0xe5,0xf2,0xe8,
  0xea,0xe0,0xd,0xa,0xea,0xf3,0xe7,0xe8,0xed,0xe0,0xd,0xa,0xeb,0xe0,0xe2,0xe0,
  0xd,0xa,0xeb,0xe8,0xf1,0xe0,0xd,0xa,0xed,0xe5,0xf3,0xe4,0xee,0xe2,0xee,0xeb,
  0xfc,0xf1,0xf2,0xe2,0xe8,0xe5,0xd,0xa,0xef,0xeb,0xe0,0xf2,0xe0,0xd,0xa,0xef,
  0xee,0xe4,0xef,0xe8,0xf1,0xe0,0xed,0xe8,0xe5,0xd,0xa,0xef,0xee,0xed,0xe8,0xe6,
  0xe5,0xed,0xe8,0xe5,0xd,0xa,0xef,0xf0,0xee,0xe7,0xe0,0xe8,0xea,0xd,0xa,0xef,
  0xf0,0xff,0xed,0xe8,0xea,0xd,0xa,0xf1,0xeb,0xe5,0xe6,0xea,0xe0,0xd,0xa,0xf1,
  0xed,0xe3,0xd,0xa,0xf1,0xef,0xe5,0xea,0xf2,0xf0,0xd,0xa,0xf5,0xe2,0xee,0xf0,
  0xee,0xf1,0xf2,0xd,0xa,0xe1,0xe5,0xeb,0xee,0xf0,0xf3,0xf1,0xf1,0xe8,0xff,0xd,
  0xa,0xe2,0xeb,0xe0,0xe4,0xe8,0xe2,0xee,0xf1,0xf2,0xee,0xea,0xd,0xa,0xe2,0xfb,
  0xea,0xeb,0xfe,0xf7,0xe0,0xf2,0xe5,0xeb,0xfc,0xd,0xa,0xe4,0xee,0xea,0xd,0xa,
  0xe8,0xe7,0xe2,0xe5,0xf1,0xf2,0xed,0xee,0xf1,0xf2,0xfc,0xd,0xa,0xea,0xee,0xec,
  0xe8,0xed,0xf2,0xe5,0xf0,0xed,0xd,0xa,0xeb,0xfe,0xea,0xf1,0xd,0xa,0xec,0xee,
  0xed,0xf1,0xf2,0xf0,0xd,0xa,0xec,0xf3,0xd,0xa,0xee,0xea,0xf3,0xeb,0xff,0xf0,
  0xd,0xa,0xef,0xee,0xe4,0xe2,0xee,0xf0,0xee,0xf2,0xed,0xff,0xd,0xa,0xf0,0xe0,
  0xe7,0xed,0xee,0xee,0xe1,0xf0,0xe0,0xe7,0xe8,0xe5,0xd,0xa,0xf1,0xea,0xf0,0xe5,
  0xe6,0xe5,0xf2,0xd,0xa,0xf1,0xee,0xef,0xeb,0xff,0xd,0xa,0xf5,0xe0,0xe1,0xe0,
  0xf0,0xd,0xa,0xfd,0xea,0xf1,0xef,0xee,0xf0,0xf2,0xd,0xa,0xe0,0xed,0xf2,0xe8,
  0xef,0xe0,0xf2,0xe8,0xff,0xd,0xa,0xe0,0xf1,0xf2,0xf0,0xe0,0xeb,0xd,0xa,0xe1,
  0xeb,0xe0,0xe3,0xee,0xf0,0xe0,0xe7,0xf3,0xec,0xe8,0xe5,0xd,0xa,0xe1,0xee,0xf3,
  0xeb,0xe4,0xe5,0xf0,0xd,0xa,0xe1,0xf0,0xf3,0xe4,0xe5,0xf0,0xf8,0xe0,0xf4,0xf2,
  0xd,0xa,0xe1,0xf3,0xea,0xee,0xe2,0xea,0xe0,0xd,0xa,0xe2,0xe5,0xeb,0xe8,0xea,
  0xe0,0xed,0xf8,0xe0,0xd,0xa,0xe2,0xe5,0xf0,0xf5,0xee,0xe2,0xfc,0xe5,0xd,0xa,
  0xe2,0xee,0xe4,0xee,0xef,0xee,0xe9,0xd,0xa,0xe2,0xee,0xe4,0xee,0xf5,0xf0,0xe0,
  0xed,0xe8,0xeb,0xe8,0xf9,0xe5,0xd,0xa,0xe2,0xee,0xeb,0xfc,0xed,0xfb,0xe9,0xd,
  0xa,0xe3,0xe0,0xe3,0xf0,0xe0,0xd,0xa,0xe3,0xe0,0xec,0xe1,0xf3,0xf0,0xe3,0xe5,
  0xf0,0xd,0xa,0xe3,0xe0,0xed,0xe8,0xf7,0xe5,0xe2,0xd,0xa,0xe3,0xe8,0xec,0xed,
  0xe0,0xf1,0xf2,0xd,0xa,0xe3,0xeb,0xe8,0xf6,0xe5,0xf0,0xe8,0xed,0xd,0xa,0xe3,
  0xee,0xeb,0xeb,0xe0,0xed,0xe4,0xea,0xe0,0xd,0xa,0xe3,0xee,0xf0,0xe1,0xe0,0xf7,
  0xe5,0xe2,0xfb,0xd,0xa,0xe3,0xf0,0xe0,0xf6,0xe8,0xff,0xd,0xa,0xe3,0xf3,0xeb,
  0xfc,0xea,0xee,0xd,0xa,0xe3,0xf3,0xf0,0xec,0xe0,0xed,0xd,0xa,0xe4,0xe5,0xeb,
  0xe5,0xf6,0xd,0xa,0xe4,0xe5,0xed,0xfc,0xe6,0xe0,0xf2,0xe0,0xd,0xa,0xe4,0xe5,
  0xef,0xe5,0xf8,0xe0,0xd,0xa,0xe4,0xe8,0xe0,0xe3,0xee,0xed,0xe0,0xeb,0xfc,0xd,
  0xa,0xe4,0xe8,0xf1,0xea,0xf0,0xe8,0xec,0xe8,0xed,0xe0,0xf6,0xe8,0xff,0xd,0xa,
  0xe4,0xe8,0xf1,0xf2,0xf0,0xee,0xf4,0xe8,0xff,0xd,0xa,0xe4,0xee,0xe1,0xf0,0xee,
  0xe6,0xe5,0xeb,0xe0,0xf2,0xe5,0xeb,0xfc,0xd,0xa,0xe4,0xee,0xe2,0xee,0xeb,0xfc,
  0xf1,0xf2,0xe2,0xee,0xd,0xa,0xe6,0xf3,0xf0,0xf7,0xe0,0xed,0xe8,0xe5,0xd,0xa,
  0xe7,0xe0,0xe7,0xee,0xf0,0xd,0xa,0xe7,0xe0,0xeb,0xfb,0xf1,0xe8,0xed,0xe0,0xd,
  0xa,0xe7,0xe0,0xec,0xe8,0xf0,0xe0,0xed,0xe8,0xe5,0xd,0xa,0xe7,0xe0,0xec,0xea,
  0xed,0xf3,0xf2,0xee,0xf1,0xf2,0xfc,0xd,0xa,0xe7,0xee,0xf0,0xfc,0xea,0xe0,0xd,
  0xa,0xe8,0xe4,0xe5,0xe0,0xeb,0xe8,0xe7,0xec,0xd,0xa,0xe8,0xed,0xe4,0xe5,0xe9,
  0xea,0xe0,0xd,0xa,0xe8,0xed,0xf4,0xf0,0xe0,0xf1,0xf2,0xf0,0xf3,0xea,0xf2,0xf3,
  0xf0,0xe0,0xd,0xa,0xea,0xe0,0xeb,0xfc,0xea,0xf3,0xeb,0xff,0xf2,0xee,0xf0,0xd,
  0xa,0xea,0xe0,0xed,0xe0,0xf0,0xe5,0xe9,0xea,0xe0,0xd,0xa,0xea,0xe0,0xf0,0xe0,
  0xf2,0xfd,0xd,0xa,0xea,0xe2,0xe0,0xf0,0xf2,0xe5,0xf2,0xd,0xa,0xea,0xe5,0xf0,
  0xf7,0xfc,0xd,0xa,0xea,0xe8,0xec,0xee,0xed,0xee,0xd,0xa,0xea,0xe8,0xed,0xe5,
  0xec,0xe0,0xf2,0xee,0xe3,0xf0,0xe0,0xf4,0xe8,0xf1,0xf2,0xd,0xa,0xea,0xee,0xeb,
  0xe8,0xe1,0xf0,0xe8,0xd,0xa,0xea,0xee,0xf0,0xed,0xe5,0xe2,0xe8,0xf9,0xe5,0xd,
  0xa,0xea,0xf0,0xe0,0xe9,0xea,0xee,0xec,0xd,0xa,0xea,0xf0,0xe0,0xed,0xe8,0xea,
  0xd,0xa,0xea,0xf0,0xf3,0xef,0xf1,0xea,0xe0,0xff,0xd,0xa,0xea,0xf3,0xed,0xf6,
  0xe5,0xe2,0xee,0xd,0xa,0xea,0xf3,0xef,0xe0,0xeb,0xfc,0xed,0xff,0xd,0xa,0xea,
  0xf3,0xef,0xee,0xf0,0xee,0xf1,0xd,0xa,0xeb,0xe0,0xf0,0xf1,0xe5,0xed,0xd,0xa,
  0xeb,0xe0,0xf1,0xf2,0xd,0xa,0xeb,0xe5,0xe6,0xe0,0xea,0xd,0xa,0xeb,0xe5,0xf1,
  0xe1,0xe8,0xff,0xed,0xea,0xe0,0xd,0xa,0xeb,0xe5,0xf7,0xe5,0xe1,0xed,0xe8,0xf6,
  0xe0,0xd,0xa,0xec,0xe0,0xed,0xf3,0xf4,0xe0,0xea,0xf2,0xf3,0xf0,0xe0,0xd,0xa,
  0xec,0xe5,0xf1,0xf1,0xe8,0xff,0xd,0xa,0xec,0xe8,0xf1,0xf2,0xe8,0xf4,0xe8,0xea,
  0xe0,0xf6,0xe8,0xff,0xd,0xa,0xec,0xee,0xf2,0xee,0xf0,0xee,0xeb,0xeb,0xe5,0xf0,
  0xd,0xa,0xec,0xee,0xf2,0xfb,0xe3,0xe0,0xd,0xa,0xed,0xe0,0xef,0xeb,0xfb,0xe2,
  0xd,0xa,0xed,0xe0,0xf8,0xe0,0xf2,0xfb,0xf0,0xfc,0xd,0xa,0xed,0xe5,0xe2,0xf0,
  0xe0,0xeb,0xe3,0xe8,0xff,0xd,0xa,0xed,0xe5,0xf3,0xf1,0xf2,0xee,0xe9,0xf7,0xe8,
  0xe2,0xee,0xf1,0xf2,0xfc,0xd,0xa,0xed,0xe8,0xf1,0xf1,0xe0,0xed,0xd,0xa,0xed,
  0xe8,0xf2,0xf0,0xee,0xe3,0xeb,0xe8,0xf6,0xe5,0xf0,0xe8,0xed,0xd,0xa,0xed,0xe8,
  0xf6,0xf6,0xe0,0xd,0xa,0xee,0xe1,0xe5,0xf2,0xd,0xa,0xee,0xe2,0xe5,0xed,0xd,
  0xa,0xee,0xf1,0xe5,0xf2,0xf0,0xe8,0xed,0xe0,0xd,0xa,0xee,0xf5,0xf0,0xe0,0xed,
  0xe5,0xed,0xe8,0xe5,0xd,0xa,0xee,0xf8,0xec,0xe5,0xf2,0xee,0xea,0xd,0xa,0xef,
  0xe0,0xf0,0xea,0xee,0xe2,0xea,0xe0,0xd,0xa,0xef,0xe0,0xf0,0xf3,0xf1,0xed,0xe8,
  0xea,0xd,0xa,0xef,0xe5,0xeb,0xe5,0xe2,0xe8,0xed,0xd,0xa,0xef,0xe5,0xf0,0xe5,
  0xea,0xeb,0xfe,0xf7,0xe0,0xf2,0xe5,0xeb,0xfc,0xd,0xa,0xef,0xe5,0xf0,0xe5,0xef,
  0xe0,0xeb,0xea,0xe0,0xd,0xa,0xef,0xe5,0xf0,0xe5,0xf1,0xea,0xe0,0xe7,0xd,0xa,
  0xef,0xe8,0xf0,0xf3,0xf8,0xea,0xe0,0xd,0xa,0xef,0xee,0xe2,0xe8,0xed,0xee,0xe2,
  0xe5,0xed,0xe8,0xe5,0xd,0xa,0xef,0xee,0xe4,0xed,0xe5,0xe1,0xe5,0xf1,0xfc,0xe5,
  0xd,0xa,0xef,0xee,0xe4,0xef,0xee,0xeb,0xd,0xa,0xef,0xee,0xe9,0xeb,0xee,0xd,
  0xa,0xef,0xee,0xea,0xeb,0xe0,0xe6,0xe0,0xd,0xa,0xef,0xee,0xf0,0xf8,0xe5,0xed,
  0xfc,0xd,0xa,0xef,0xf0,0xe0,0xd,0xa,0xef,0xf0,0xe8,0xf1,0xf2,0xe0,0xe2,0xea,
  0xe0,0xd,0xa,0xef,0xf0,0xee,0xef,0xeb,0xe5,0xf8,0xe8,0xed,0xe0,0xd,0xa,0xef,
  0xf0,0xee,0xf1,0xe5,0xe4,0xfc,0xd,0xa,0xef,0xf0,0xee,0xf1,0xf2,0xe0,0xea,0xd,
  0xa,0xef,0xf0,0xee,0xf2,0xe5,0xea,0xf6,0xe8,0xff,0xd,0xa,0xef,0xf0,0xff,0xd,
  0xa,0xef,0xf3,0xf2,0xfb,0xd,0xa,0xf0,0xe5,0xe4,0xe8,0xf1,0xea,0xe0,0xd,0xa,
  0xf0,0xe5,0xea,0xf0,0xf3,0xf2,0xd,0xa,0xf0,0xe5,0xed,0xe5,0xf1,0xf1,0xe0,0xed,
  0xf1,0xd,0xa,0xf0,0xee,0xe3,0xee,0xe6,0xe0,0xd,0xa,0xf0,0xee,0xe7,0xed,0xfc,
  0xd,0xa,0xf0,0xee,0xf2,0xed,0xfb,0xe9,0xd,0xa,0xf1,0xe0,0xec,0xee,0xf1,0xf2,
  0xf0,0xe5,0xeb,0xd,0xa,0xf1,0xe0,0xed,0xf2,0xe8,0xec,0xe5,0xed,0xf2,0xfb,0xd,
  0xa,0xf1,0xe2,0xe5,0xf0,0xe6,0xe5,0xed,0xe8,0xe5,0xd,0xa,0xf1,0xe5,0xe2,0xe5,
  0xf0,0xff,0xed,0xe8,0xed,0xd,0xa,0xf1,0xe8,0xf0,0xe8,0xff,0xd,0xa,0xf1,0xee,
  0xea,0xe0,0xec,0xe5,0xf0,0xed,0xe8,0xea,0xd,0xa,0xf1,0xee,0xea,0xf0,0xfb,0xf2,
  0xe8,0xe5,0xd,0xa,0xf1,0xf2,0xee,0xec,0xe0,0xf2,0xee,0xeb,0xee,0xe3,0xd,0xa,
  0xf1,0xf3,0xf0,0xfc,0xec,0xe0,0xd,0xa,0xf2,0xe0,0xe1,0xe0,0xea,0xe5,0xf0,0xea,
  0xe0,0xd,0xa,0xf2,0xe0,0xe9,0xec,0xfb,0xf0,0xd,0xa,0xf2,0xe0,0xed,0xe8,0xed,
  0xd,0xa,0xf2,0xe5,0xed,0xee,0xf0,0xee,0xea,0xd,0xa,0xf2,0xee,0xef,0xee,0xf0,
  0xe8,0xf9,0xe5,0xd,0xa,0xf2,0xee,0xf7,0xe8,0xeb,0xee,0xd,0xa,0xf2,0xf0,0xe8,
  0xeb,0xee,0xe3,0xe8,0xff,0xd,0xa,0xf2,0xfe,0xf0,0xe5,0xec,0xf9,0xe8,0xea,0xd,
  0xa,0xf3,0xe1,0xfb,0xeb,0xfc,0xd,0xa,0xf4,0xe8,0xeb,0xe0,0xf0,0xec,0xee,0xed,
  0xe8,0xff,0xd,0xa,0xf5,0xe0,0xf5,0xe0,0xeb,0xfc,0xd,0xa,0xf5,0xe8,0xec,0xe5,
  0xf0,0xe0,0xd,0xa,0xf5,0xeb,0xe5,0xe1,0xf3,0xf8,0xea,0xee,0xd,0xa,0xf5,0xed,
  0xe0,0xd,0xa,0xf5,0xee,0xf0,0xe5,0xea,0xd,0xa,0xf8,0xe0,0xf0,0xec,0xe0,0xed,
  0xf9,0xe8,0xea,0xd,0xa,0xf8,0xeb,0xe0,0xea,0xd,0xa,0xf8,0xee,0xea,0xee,0xeb,
  0xe0,0xe4,0xea,0xe0,0xd,0xa,0xf8,0xf2,0xe8,0xeb,0xfc,0xd,0xa,0xf8,0xf3,0xec,
  0xee,0xea,0xd,0xa,0xfd,0xeb,0xe5,0xea,0xf2,0xf0,0xee,0xe1,0xf0,0xe8,0xf2,0xe2,
  0xe0,0xd,0xa,0xfd,0xf1,0xea,0xee,0xf0,0xf2,0xd,0xa,0xe0,0xf4,0xe8,0xed,0xfb,
  0xd,0xa,0xe1,0xe0,0xf0,0xf5,0xe0,0xf2,0xd,0xa,0xe1,0xe8,0xf0,0xfe,0xea,0xd,
  0xa,0xe1,0xe8,0xf2,0xee,0xea,0xd,0xa,0xe1,0xf3,0xf1,0xfb,0xd,0xa,0xe7,0xe0,
  0xe2,0xfc,0xff,0xeb,0xee,0xe2,0xd,0xa,0xe7,0xe0,0xed,0xff,0xf2,0xee,0xf1,0xf2,
  0xfc,0xd,0xa,0xe7,0xe8,0xec,0xee,0xe2,0xea,0xe0,0xd,0xa,0xe8,0xe7,0xe2,0xe5,
  0xf1,0xf2,0xfc,0xd,0xa,0xe8,0xec,0xec,0xf3,0xed,0xe8,0xf2,0xe5,0xf2,0xd,0xa,
  0xe8,0xf1,0xef,0xe0,0xed,0xe5,0xf6,0xd,0xa,0xeb,0xe0,0xe2,0xf0,0xd,0xa,0xec,
  0xe5,0xe4,0xf3,0xe7,0xe0,0xd,0xa,0xec,0xe8,0xee,0xea,0xe0,0xf0,0xe4,0xd,0xa,
  0xed,0xee,0xe2,0xe5,0xeb,0xeb,0xe0,0xd,0xa,0xed,0xee,0xe2,0xee,0xe1,0xf0,0xe0,
  0xed,0xe5,0xf6,0xd,0xa,0xef,0xe5,0xf0,0xe5,0xf0,0xe0,0xe1,0xee,0xf2,0xea,0xe0,
  0xd,0xa,0xef,0xf0,0xe0,0xe2,0xee,0xf1,0xf3,0xe4,0xe8,0xe5,0xd,0xa,0xef,0xf0,
  0xe8,0xf1,0xff,0xe3,0xe0,0xd,0xa,0xef,0xfb,0xeb,0xe5,0xf1,0xee,0xf1,0xd,0xa,
  0xf0,0xe5,0xe2,0xec,0xe0,0xf2,0xe8,0xe7,0xec,0xd,0xa,0xf1,0xe0,0xea,0xe2,0xee,
  0xff,0xe6,0xd,0xa,0xf1,0xe5,0xf0,0xe2,0xe5,0xf0,0xd,0xa,0xf1,0xee,0xe1,0xf1,
  0xf2,0xe2,0xe5,0xed,0xed,0xe8,0xea,0xd,0xa,0xf1,0xf0,0xe5,0xe7,0xd,0xa,0xf1,
  0xf2,0xe0,0xf0,0xf8,0xe5,0xea,0xeb,0xe0,0xf1,0xf1,0xed,0xe8,0xea,0xd,0xa,0xf2,
  0xe0,0xe8,0xeb,0xe0,0xed,0xe4,0xd,0xa,0xf2,0xf0,0xe8,0xf3,0xec,0xf4,0xd,0xa,
  0xf4,0xee,0xea,0xf3,0xf1,0xed,0xe8,0xea,0xd,0xa,0xf4,0xee,0xf2,0xee,0xea,0xe0,
  0xf0,0xf2,0xee,0xf7,0xea,0xe0,0xd,0xa,0xf6,0xe8,0xea,0xeb,0xee,0xed,0xd,0xa,
  0xf7,0xe0,0xf1,0xf2,0xee,0xea,0xee,0xeb,0xd,0xa,0xf7,0xe5,0xf8,0xf3,0xff,0xd,
  0xa,0xfd,0xea,0xf1,0xef,0xf0,0xe5,0xf1,0xf1,0xd,0xa,0xe0,0xf1,0xef,0xe8,0xf0,
  0xe0,0xed,0xf2,0xd,0xa,0xe1,0xfe,0xf0,0xee,0xea,0xf0,0xe0,0xf2,0xe8,0xff,0xd,
  0xa,0xe2,0xe7,0xec,0xe0,0xf5,0xd,0xa,0xe3,0xee,0xeb,0xee,0xf1,0xee,0xe2,0xe0,
  0xed,0xe8,0xe5,0xd,0xa,0xe4,0xe0,0xe2,0xed,0xee,0xf1,0xf2,0xfc,0xd,0xa,0xea,
  0xe2,0xe0,0xf1,0xd,0xa,0xea,0xf0,0xf3,0xef,0xe0,0xd,0xa,0xeb,0xe8,0xed,0xe7,
  0xe0,0xd,0xa,0xeb,0xe8,0xf2,0xe2,0xe0,0xd,0xa,0xeb,0xf3,0xed,0xea,0xe0,0xd,
  0xa,0xed,0xe0,0xea,0xee,0xef,0xeb,0xe5,0xed,0xe8,0xe5,0xd,0xa,0xee,0xe4,0xed,
  0xee,0xea,0xeb,0xe0,0xf1,0xf1,0xed,0xe8,0xea,0xd,0xa,0xee,0xf1,0xf3,0xe6,0xe4,
  0xe5,0xed,0xed,0xfb,0xe9,0xd,0xa,0xee,0xf2,0xe2,0xe0,0xe3,0xe0,0xd,0xa,0xef,
  0xeb,0xe8,0xf2,0xea,0xe0,0xd,0xa,0xef,0xee,0xe3,0xee,0xe2,0xee,0xf0,0xea,0xe0,
  0xd,0xa,0xef,0xee,0xe4,0xe4,0xe5,0xf0,0xe6,0xe0,0xed,0xe8,0xe5,0xd,0xa,0xef,
  0xf0,0xee,0xf7,0xed,0xee,0xf1,0xf2,0xfc,0xd,0xa,0xf1,0xef,0xf3,0xf2,0xed,0xe8,
  0xf6,0xe0,0xd,0xa,0xf2,0xe0,0xea,0xf2,0xe8,0xea,0xd,0xa,0xf2,0xe2,0xe5,0xf0,
  0xe4,0xee,0xf1,0xf2,0xfc,0xd,0xa,0xf2,0xf0,0xfe,0xea,0xd,0xa,0xf3,0xf1,0xe5,
  0xf0,0xe4,0xe8,0xe5,0xd,0xa,0xf3,0xfe,0xf2,0xd,0xa,0xf4,0xe8,0xed,0xea,0xe0,
  0xd,0xa,0xe1,0xe5,0xf1,0xf1,0xee,0xed,0xed,0xe8,0xf6,0xe0,0xd,0xa,0xe3,0xe0,
  0xe3,0xe0,0xd,0xa,0xe4,0xf3,0xe4,0xfb,0xf0,0xe5,0xe2,0xd,0xa,0xed,0xe5,0xe2,
  0xee,0xe7,0xec,0xee,0xe6,0xed,0xee,0xf1,0xf2,0xfc,0xd,0xa,0xef,0xeb,0xe0,0xe2,
  0xe0,0xed,0xe8,0xe5,0xd,0xa,0xef,0xeb,0xee,0xf2,0xed,0xe8,0xea,0xd,0xa,0xef,
  0xee,0xe4,0xeb,0xee,0xf1,0xf2,0xfc,0xd,0xa,0xef,0xee,0xf0,0xf2,0xed,0xee,0xe9,
  0xd,0xa,0xf0,0xe0,0xe4,0xe8,0xee,0xf1,0xf2,0xe0,0xed,0xf6,0xe8,0xff,0xd,0xa,
  0xf0,0xf3,0xec,0xff,0xed,0xe5,0xf6,0xd,0xa,0xf1,0xe0,0xef,0xe5,0xf0,0xd,0xa,
  0xf1,0xe8,0xeb,0xe5,0xed,0xd,0xa,0xf2,0xee,0xf0,0xf2,0xd,0xa,0xf2,0xf0,0xe5,
  0xed,0xe8,0xf0,0xee,0xe2,0xea,0xe0,0xd,0xa,0xf6,0xe0,0xf0,0xe0,0xef,0xe8,0xed,
  0xe0,0xd,0xa,0xf7,0xe5,0xf0,0xf2,0xe5,0xe6,0xd,0xa,0xe0,0xe0,0xf0,0xee,0xed,
  0xd,0xa,0xe0,0xe2,0xf2,0xee,0xed,0xee,0xec,0xe8,0xff,0xd,0xa,0xe0,0xe2,0xf2,
  0xee,0xef,0xe0,0xf0,0xea,0xd,0xa,0xe0,0xe6,0xf3,0xf0,0xd,0xa,0xe0,0xe7,0xe0,
  0xeb,0xe8,0xff,0xd,0xa,0xe0,0xea,0xe2,0xe0,0xf2,0xee,0xf0,0xe8,0xff,0xd,0xa,
  0xe0,0xea,0xf2,0xe0,0xf3,0xd,0xa,0xe0,0xec,0xe5,0xe1,0xe0,0xd,0xa,0xe0,0xed,
  0xea,0xe0,0xf0,0xe0,0xd,0xa,0xe0,0xed,0xee,0xe4,0xd,0xa,0xe0,0xed,0xf0,0xe8,
  0xd,0xa,0xe0,0xed,0xf2,0xe8,0xea,0xe2,0xe0,0xf0,0xd,0xa,0xe0,0xed,0xf2,0xe8,
  0xf1,0xee,0xe2,0xe5,0xf2,0xf7,0xe8,0xed,0xe0,0xd,0xa,0xe0,0xed,0xf2,0xee,0xeb,
  0xee,0xe3,0xe8,0xff,0xd,0xa,0xe0,0xef,0xe5,0xeb,0xeb,0xff,0xf6,0xe8,0xff,0xd,
  0xa,0xe0,0xf1,0xef,0xe8,0xe4,0xd,0xa,0xe0,0xf3,0xf2,0xd,0xa,0xe1,0xe0,0xe4,
  0xe0,0xed,0xd,0xa,0xe1,0xe0,0xeb,0xe0,0xe3,0xf3,0xf0,0xd,0xa,0xe1,0xe0,0xed,
  0xe4,0xf4,0xee,0xf0,0xec,0xe8,0xf0,0xee,0xe2,0xe0,0xed,0xe8,0xe5,0xd,0xa,0xe1,
  0xe0,0xf8,0xe8,0xe1,0xf3,0xe7,0xf3,0xea,0xd,0xa,0xe1,0xe5,0xe7,0xec,0xff,0xf2,
  0xe5,0xe6,0xed,0xee,0xf1,0xf2,0xfc,0xd,0xa,0xe1,0xe5,0xeb,0xff,0xea,0xd,0xa,
  0xe1,0xe5,0xf0,0xe4,0xe0,0xed,0xea,0xe0,0xd,0xa,0xe1,0xe5,0xf1,0xf6,0xe5,0xf0,
  0xe5,0xec,0xee,0xed,0xed,0xee,0xf1,0xf2,0xfc,0xd,0xa,0xe1,0xe8,0xeb,0xe5,0xf2,
  0xe5,0xf0,0xf8,0xe0,0xd,0xa,0xe1,0xf0,0xee,0xea,0xe5,0xf0,0xd,0xa,0xe1,0xf3,
  0xe4,0xe4,0xe8,0xf1,0xf2,0xd,0xa,0xe1,0xf3,0xeb,0xfc,0xea,0xe0,0xed,0xfc,0xe5,
  0xd,0xa,0xe2,0xe5,0xe4,0xfc,0xec,0xe0,0xea,0xd,0xa,0xe2,0xe5,0xf0,0xf2,0xe5,
  0xef,0xd,0xa,0xe2,0xe7,0xe2,0xe8,0xe7,0xe3,0xd,0xa,0xe2,0xe8,0xf2,0xf0,0xe0,
  0xe6,0xd,0xa,0xe2,0xee,0xe7,0xe2,0xe5,0xe4,0xe5,0xed,0xe8,0xe5,0xd,0xa,0xe2,
  0xee,0xea,0xe0,0xeb,0xd,0xa,0xe2,0xee,0xeb,0xee,0xf1,0xe8,0xea,0xd,0xa,0xe2,
  0xee,0xeb,0xfc,0xf4,0xee,0xe2,0xe8,0xf7,0xd,0xa,0xe2,0xfb,0xec,0xee,0xe3,0xe0,
  0xf2,0xe5,0xeb,0xfc,0xd,0xa,0xe2,0xfb,0xf1,0xe5,0xeb,0xe5,0xed,0xe8,0xe5,0xd,
  0xa,0xe3,0xe0,0xe2,0xe0,0xed,0xe0,0xd,0xa,0xe3,0xe0,0xe4,0xe5,0xed,0xfb,0xf8,
  0xd,0xa,0xe3,0xe0,0xeb,0xf1,0xf2,0xf3,0xf7,0xe5,0xea,0xd,0xa,0xe3,0xe0,0xf0,
  0xf2,0xd,0xa,0xe3,0xe0,0xf8,0xe5,0xf2,0xea,0xe0,0xd,0xa,0xe3,0xe5,0xf0,0xf6,
  0xee,0xe3,0xf1,0xf2,0xe2,0xee,0xd,0xa,0xe3,0xe8,0xef,0xe5,0xf0,0xe5,0xec,0xe8,
  0xff,0xd,0xa,0xe3,0xeb,0xe0,0xf3,0xea,0xee,0xec,0xe0,0xd,0xa,0xe3,0xee,0xe1,
  0xee,0xe9,0xd,0xa,0xe3,0xee,0xe3,0xee,0xf2,0xd,0xa,0xe3,0xee,0xec,0xe5,0xee,
  0xef,0xe0,0xf2,0xe8,0xff,0xd,0xa,0xe3,0xfd,0xf1,0xd,0xa,0xe4,0xe0,0xed,0xed,
  0xee,0xf1,0xf2,0xfc,0xd,0xa,0xe4,0xe0,0xf2,0xf7,0xe0,0xed,0xe8,0xed,0xd,0xa,
  0xe4,0xe5,0xe2,0xe5,0xf0,0xfc,0xd,0xa,0xe4,0xe5,0xe4,0xee,0xe2,0xf9,0xe8,0xed,
  0xe0,0xd,0xa,0xe4,0xe5,0xf1,0xef,0xee,0xf2,0xe8,0xe7,0xec,0xd,0xa,0xe4,0xe5,
  0xf8,0xe5,0xe2,0xe8,0xe7,0xed,0xe0,0xd,0xa,0xe4,0xe8,0xf1,0xed,0xe5,0xe9,0xeb,
  0xe5,0xed,0xe4,0xd,0xa,0xe4,0xed,0xe5,0xef,0xf0,0xee,0xef,0xe5,0xf2,0xf0,0xee,
  0xe2,0xf1,0xea,0xd,0xa,0xe4,0xee,0xec,0xea,0xf0,0xe0,0xf2,0xd,0xa,0xe4,0xee,
  0xef,0xe8,0xed,0xe3,0xd,0xa,0xe4,0xee,0xf1,0xff,0xe3,0xe0,0xe5,0xec,0xee,0xf1,
  0xf2,0xfc,0xd,0xa,0xe4,0xf0,0xe0,0xf2,0xe2,0xe0,0xd,0xa,0xe4,0xf3,0xe1,0xeb,
  0xe8,0xea,0xe0,0xf2,0xd,0xa,0xe4,0xf3,0xe1,0xed,0xff,0xea,0xd,0xa,0xe4,0xf3,
  0xec,0xea,0xe0,0xd,0xa,0xe4,0xf3,0xf8,0xe5,0xf7,0xea,0xe0,0xd,0xa,0xe4,0xfc,
  0xff,0xe2,0xee,0xeb,0xe5,0xed,0xee,0xea,0xd,0xa,0xe6,0xe0,0xeb,0xee,0xe2,0xe0,
  0xed,0xe8,0xe5,0xd,0xa,0xe6,0xec,0xee,0xf2,0xd,0xa,0xe6,0xf3,0xf0,0xe1,0xe8,
  0xed,0xd,0xa,0xe7,0xe0,0xe2,0xe0,0xf0,0xf3,0xf5,0xe0,0xd,0xa,0xe7,0xe0,0xe2,
  0xee,0xe4,0xf1,0xea,0xe8,0xe9,0xd,0xa,0xe7,0xe0,0xe4,0xee,0xea,0xd,0xa,0xe7,
  0xe0,0xea,0xe8,0xf1,0xfc,0xd,0xa,0xe7,0xe0,0xeb,0xe5,0xe6,0xfc,0xd,0xa,0xe7,
  0xe0,0xec,0xe5,0xf0,0xd,0xa,0xe7,0xe0,0xf2,0xf5,0xeb,0xee,0xf1,0xf2,0xfc,0xd,
  0xa,0xe7,0xee,0xee,0xeb,0xee,0xe3,0xd,0xa,0xe8,0xec,0xff,0xf0,0xe5,0xea,0xd,
  0xa,0xe8,0xf1,0xea,0xf3,0xf1,0xed,0xe8,0xea,0xd,0xa,0xe8,0xf1,0xf2,0xee,0xeb,
  0xea,0xee,0xe2,0xe0,0xed,0xe8,0xe5,0xd,0xa,0xea,0xe0,0xeb,0xe8,0xed,0xd,0xa,
  0xea,0xe0,0xec,0xf4,0xe0,0xf0,0xe0,0xd,0xa,0xea,0xe0,0xed,0xf2,0xf0,0xe8,0xd,
  0xa,0xea,0xe0,0xef,0xe8,0xf2,0xe0,0xeb,0xee,0xe2,0xeb,0xee,0xe6,0xe5,0xed,0xe8,
  0xe5,0xd,0xa,0xea,0xe0,0xf0,0xe8,0xe5,0xf1,0xd,0xa,0xea,0xe0,0xf0,0xec,0xe0,
  0xed,0xed,0xe8,0xea,0xd,0xa,0xea,0xe0,0xf2,0xe0,0xf0,0xd,0xa,0xea,0xe5,0xeb,
  0xfc,0xed,0xd,0xa,0xea,0xe5,0xeb,0xfc,0xed,0xe5,0xf0,0xd,0xa,0xea,0xe5,0xf8,
  0xd,0xa,0xea,0xe8,0xed,0xee,0xea,0xee,0xec,0xef,0xe0,0xed,0xe8,0xff,0xd,0xa,
  0xea,0xe8,0xed,0xee,0xf5,0xf0,0xee,0xed,0xe8,0xea,0xe0,0xd,0xa,0xea,0xee,0xe2,
  0xfb,0xd,0xa,0xea,0xee,0xec,0xef,0xe5,0xf2,0xe5,0xed,0xf2,0xed,0xee,0xf1,0xf2,
  0xfc,0xd,0xa,0xea,0xee,0xed,0xe2,0xee,0xe9,0xed,0xfb,0xe9,0xd,0xa,0xea,0xee,
  0xed,0xed,0xfb,0xe9,0xd,0xa,0xea,0xee,0xed,0xf2,0xf0,0xe0,0xe1,0xe0,0xf1,0xd,
  0xa,0xea,0xee,0xed,0xf4,0xe5,0xf0,0xe0,0xed,0xf1,0xfc,0xe5,0xd,0xa,0xea,0xee,
  0xed,0xf4,0xe5,0xf1,0xf1,0xe8,0xff,0xd,0xa,0xea,0xee,0xf0,0xf0,0xe5,0xea,0xf2,
  0xe8,0xf0,0xee,0xe2,0xea,0xe0,0xd,0xa,0xea,0xee,0xf1,0xe0,0xf0,0xfc,0xd,0xa,
  0xea,0xee,0xf8,0xec,0xe0,0xd,0xa,0xea,0xf0,0xe8,0xed,0xea,0xe0,0xd,0xa,0xea,
  0xf0,0xee,0xe2,0xf3,0xf8,0xea,0xe0,0xd,0xa,0xea,0xf0,0xee,0xe9,0xd,0xa,0xea,
  0xf3,0xe2,0xf8,0xe8,0xed,0xf7,0xe8,0xea,0xd,0xa,0xea,0xf3,0xec,0xe0,0xf7,0xd,
  0xa,0xea,0xf3,0xed,0xe3,0xe0,0xf1,0xd,0xa,0xea,0xfd,0xf2,0xd,0xa,0xeb,0xe8,
  0xf2,0xe0,0xe2,0xf0,0xe0,0xd,0xa,0xeb,0xe8,0xf6,0xe5,0xe8,0xf1,0xf2,0xd,0xa,
  0xeb,0xee,0xe7,0xed,0xff,0xea,0xd,0xa,0xec,0xe0,0xe3,0xe8,0xf1,0xf2,0xf0,0xe0,
  0xf2,0xd,0xa,0xec,0xe0,0xed,0xe0,0xf2,0xea,0xe8,0xd,0xa,0xec,0xe0,0xed,0xe8,
  0xef,0xf3,0xeb,0xff,0xf2,0xee,0xf0,0xd,0xa,0xec,0xe0,0xf0,0xe0,0xf4,0xee,0xed,
  0xd,0xa,0xec,0xe0,0xf2,0xe5,0xf0,0xfc,0xd,0xa,0xec,0xe5,0xe4,0xe8,0xe0,0xd,
  0xa,0xec,0xe5,0xe4,0xee,0xf1,0xec,0xee,0xf2,0xf0,0xd,0xa,0xec,0xe5,0xf2,0xe0,
  0xd,0xa,0xec,0xe5,0xf2,0xe0,0xed,0xd,0xa,0xec,0xe8,0xe7,0xe5,0xf0,0xd,0xa,
  0xec,0xe8,0xed,0xe0,0xf0,0xe5,0xf2,0xd,0xa,0xec,0xe8,0xed,0xee,0xed,0xee,0xf1,
  0xe5,0xf6,0xd,0xa,0xec,0xed,0xee,0xe3,0xee,0xf2,0xee,0xf7,0xe8,0xe5,0xd,0xa,
  0xec,0xee,0xe4,0xe5,0xf0,0xed,0xe8,0xf1,0xf2,0xd,0xa,0xec,0xee,0xe4,0xe8,0xf1,
  0xf2,0xea,0xe0,0xd,0xa,0xec,0xee,0xf7,0xe5,0xe2,0xe8,0xed,0xe0,0xd,0xa,0xec,
  0xf3,0xe6,0xe5,0xf1,0xf2,0xe2,0xe5,0xed,0xed,0xee,0xf1,0xf2,0xfc,0xd,0xa,0xed,
  0xe0,0xe8,0xf2,0xe8,0xe5,0xd,0xa,0xed,0xe0,0xeb,0xe8,0xe2,0xea,0xe0,0xd,0xa,
  0xed,0xe0,0xf0,0xff,0xe4,0xf7,0xe8,0xea,0xd,0xa,0xed,0xe0,0xf3,0xec,0xee,0xe2,
  0xe0,0xd,0xa,0xed,0xe0,0xf6,0xe8,0xe7,0xec,0xd,0xa,0xed,0xe5,0xef,0xf0,0xe5,
  0xf0,0xfb,0xe2,0xed,0xee,0xf1,0xf2,0xfc,0xd,0xa,0xed,0xe5,0xf0,0xe0,0xe7,0xe3,
  0xeb,0xe0,0xf8,0xe5,0xed,0xe8,0xe5,0xd,0xa,0xed,0xe5,0xf7,0xe8,0xf1,0xf2,0xee,
  0xf2,0xfb,0xd,0xa,0xed,0xe8,0xe4,0xe5,0xf0,0xeb,0xe0,0xed,0xe4,0xe5,0xf6,0xd,
  0xa,0xed,0xe8,0xe4,0xe5,0xf0,0xeb,0xe0,0xed,0xe4,0xfb,0xd,0xa,0xed,0xee,0xe6,
  0xee,0xe2,0xea,0xe0,0xd,0xa,0xed,0xee,0xf3,0xf2,0xe1,0xf3,0xea,0xd,0xa,0xee,
  0xe1,0xe2,0xee,0xe4,0xd,0xa,0xee,0xe1,0xeb,0xe0,0xe4,0xe0,0xf2,0xe5,0xeb,0xfc,
  0xed,0xe8,0xf6,0xe0,0xd,0xa,0xee,0xe1,0xeb,0xe8,0xf7,0xe5,0xed,0xe8,0xe5,0xd,
  0xa,0xee,0xe1,0xf9,0xe5,0xf1,0xf2,0xe2,0xe5,0xed,0xed,0xe8,0xea,0xd,0xa,0xee,
  0xe4,0xe5,0xe6,0xe0,0xd,0xa,0xee,0xea,0xee,0xeb,0xfb,0xf8,0xd,0xa,0xee,0xef,
  0xe5,0xf0,0xf3,0xef,0xee,0xeb,0xed,0xee,0xec,0xee,0xf7,0xe5,0xed,0xed,0xfb,0xe9,
  0xd,0xa,0xee,0xf2,0xe1,0xfb,0xf2,0xe8,0xe5,0xd,0xa,0xee,0xf2,0xe3,0xee,0xe2,
  0xee,0xf0,0xea,0xe0,0xd,0xa,0xee,0xf2,0xea,0xf3,0xef,0xd,0xa,0xee,0xf2,0xeb,
  0xe8,0xf7,0xed,0xe8,0xf6,0xe0,0xd,0xa,0xee,0xf2,0xf1,0xe5,0xf7,0xe5,0xed,0xe8,
  0xe5,0xd,0xa,0xee,0xf2,0xf1,0xeb,0xee,0xe9,0xea,0xe0,0xd,0xa,0xee,0xf2,0xf2,
  0xff,0xe6,0xea,0xe0,0xd,0xa,0xef,0xe0,0xea,0xee,0xf1,0xf2,0xed,0xe8,0xea,0xd,
  0xa,0xef,0xe0,0xec,0xef,0xe0,0xd,0xa,0xef,0xe0,0xf0,0xe0,0xe1,0xee,0xeb,0xee,
  0xe8,0xe4,0xd,0xa,0xef,0xe0,0xf0,0xe0,0xed,0xee,0xe9,0xff,0xd,0xa,0xef,0xe0,
  0xf0,0xed,0xe8,0xea,0xd,0xa,0xef,0xe0,0xf0,0xf2,0xed,0xe5,0xf0,0xf1,0xf2,0xe2,
  0xee,0xd,0xa,0xef,0xe0,0xf6,0xe0,0xed,0xe5,0xed,0xee,0xea,0xd,0xa,0xef,0xe5,
  0xe4,0xf1,0xee,0xe2,0xe5,0xf2,0xd,0xa,0xef,0xe5,0xf0,0xe2,0xee,0xea,0xeb,0xe0,
  0xf1,0xf1,0xed,0xe8,0xea,0xd,0xa,0xef,0xe5,0xf0,0xe5,0xe3,0xf0,0xe5,0xe2,0xd,
  0xa,0xef,0xe5,0xf0,0xe5,0xf0,0xee,0xf1,0xf2,0xee,0xea,0xd,0xa,0xef,0xe5,0xf0,
  0xeb,0xe0,0xec,0xf3,0xf2,0xf0,0xd,0xa,0xef,0xe5,0xf2,0xe8,0xf6,0xe8,0xff,0xd,
  0xa,0xef,0xe5,0xf2,0xf0,0xee,0xeb,0xe5,0xf3,0xec,0xd,0xa,0xef,0xe8,0xf9,0xe0,
  0xeb,0xfc,0xd,0xa,0xef,0xeb,0xe0,0xea,0xe0,0xf2,0xe8,0xea,0xd,0xa,0xef,0xeb,
  0xee,0xf1,0xea,0xee,0xe3,0xee,0xf0,0xfc,0xe5,0xd,0xa,0xef,0xee,0xe3,0xf0,0xe5,
  0xf8,0xed,0xee,0xf1,0xf2,0xfc,0xd,0xa,0xef,0xee,0xe3,0xf0,0xee,0xec,0xf9,0xe8,
  0xea,0xd,0xa,0xef,0xee,0xe4,0xe6,0xe8,0xe3,0xe0,0xf2,0xe5,0xeb,0xfc,0xd,0xa,
  0xef,0xee,0xe4,0xe7,0xe5,0xec,0xee,0xea,0xd,0xa,0xef,0xee,0xe4,0xeb,0xee,0xe4,
  0xea,0xe0,0xd,0xa,0xef,0xee,0xe4,0xec,0xe8,0xe3,0xe8,0xe2,0xe0,0xed,0xe8,0xe5,
  0xd,0xa,0xef,0xee,0xe4,0xee,0xeb,0xfc,0xf1,0xea,0xd,0xa,0xef,0xee,0xe4,0xee,
  0xf1,0xe8,0xed,0xee,0xe2,0xe8,0xea,0xd,0xa,0xef,0xee,0xe4,0xf1,0xeb,0xf3,0xf8,
  0xe8,0xe2,0xe0,0xed,0xe8,0xe5,0xd,0xa,0xef,0xee,0xe4,0xf2,0xe5,0xea,0xd,0xa,
  0xef,0xee,0xeb,0xee,0xe2,0xe8,0xf7,0xee,0xea,0xd,0xa,0xef,0xee,0xeb,0xef,0xf0,
  0xe5,0xe4,0xd,0xa,0xef,0xee,0xeb,0xf3,0xe1,0xee,0xf2,0xe8,0xed,0xee,0xea,0xd,
  0xa,0xef,0xee,0xf1,0xee,0xf8,0xee,0xea,0xd,0xa,0xef,0xf0,0xe0,0xee,0xf2,0xe5,
  0xf6,0xd,0xa,0xef,0xf0,0xe5,0xe9,0xf1,0xea,0xf3,0xf0,0xe0,0xed,0xf2,0xd,0xa,
  0xef,0xf0,0xe8,0xe2,0xff,0xe7,0xea,0xe0,0xd,0xa,0xef,0xf0,0xe8,0xe4,0xe2,0xee,
  0xf0,0xed,0xfb,0xe9,0xd,0xa,0xef,0xf0,0xe8,0xef,0xe0,0xe9,0xd,0xa,0xef,0xf0,
  0xe8,0xf7,0xe0,0xf1,0xf2,0xe8,0xe5,0xd,0xa,0xef,0xf0,0xee,0xf1,0xe2,0xe5,0xf2,
  0xeb,0xe5,0xed,0xe8,0xe5,0xd,0xa,0xef,0xf0,0xf3,0xe6,0xe8,0xed,0xea,0xe0,0xd,
  0xa,0xef,0xf2,0xf3,0xd,0xa,0xef,0xf3,0xf0,0xe8,0xf2,0xe0,0xed,0xe8,0xed,0xd,
  0xa,0xef,0xf3,0xf4,0xd,0xa,0xef,0xf8,0xe8,0xea,0xd,0xa,0xf0,0xe0,0xf1,0xea,
  0xee,0xe2,0xe0,0xed,0xed,0xee,0xf1,0xf2,0xfc,0xd,0xa,0xf0,0xe0,0xf1,0xf1,0xe5,
  0xeb,0xe5,0xed,0xe8,0xe5,0xd,0xa,0xf0,0xe0,0xf5,0xe8,0xf2,0xd,0xa,0xf0,0xe5,
  0xe0,0xea,0xf2,0xe8,0xe2,0xd,0xa,0xf0,0xe5,0xed,0xf2,0xe0,0xe1,0xe5,0xeb,0xfc,
  0xed,0xee,0xf1,0xf2,0xfc,0xd,0xa,0xf0,0xe5,0xef,0xe5,0xf2,0xe8,0xf2,0xee,0xf0,
  0xd,0xa,0xf0,0xe5,0xf7,0xee,0xed,0xea,0xe0,0xd,0xa,0xf1,0xe0,0xec,0xee,0xe4,
  0xe5,0xf0,0xe6,0xe0,0xe2,0xe8,0xe5,0xd,0xa,0xf1,0xe0,0xec,0xee,0xee,0xe1,0xf1,
  0xeb,0xf3,0xe6,0xe8,0xe2,0xe0,0xed,0xe8,0xe5,0xd,0xa,0xf1,0xe2,0xe5,0xf2,0xeb,
  0xff,0xea,0xd,0xa,0xf1,0xe5,0xeb,0xe5,0xe4,0xee,0xf7,0xea,0xe0,0xd,0xa,0xf1,
  0xe5,0xec,0xe5,0xe9,0xea,0xe0,0xd,0xa,0xf1,0xe8,0xe4,0xe0,0xed,0xea,0xee,0xd,
  0xa,0xf1,0xe8,0xf0,0xe8,0xf3,0xf1,0xd,0xa,0xf1,0xea,0xee,0xf0,0xee,0xf5,0xee,
  0xe4,0xd,0xa,0xf1,0xeb,0xe0,0xf1,0xf2,0xfc,0xd,0xa,0xf1,0xec,0xe0,0xea,0xd,
  0xa,0xf1,0xee,0xed,0xec,0xd,0xa,0xf1,0xef,0xe5,0xf6,0xef,0xee,0xe4,0xf0,0xe0,
  0xe7,0xe4,0xe5,0xeb,0xe5,0xed,0xe8,0xe5,0xd,0xa,0xf1,0xf2,0xee,0xeb,0xfc,0xed,
  0xe8,0xea,0xd,0xa,0xf1,0xf2,0xf0,0xe5,0xeb,0xea,0xe0,0xd,0xa,0xf1,0xf2,0xf0,
  0xee,0xf7,0xe8,0xeb,0xe0,0xd,0xa,0xf1,0xf2,0xf3,0xef,0xe0,0xd,0xa,0xf1,0xf2,
  0xff,0xe3,0xd,0xa,0xf1,0xf3,0xe1,0xf2,0xf0,0xee,0xef,0xe8,0xea,0xe8,0xd,0xa,
  0xf1,0xf3,0xed,0xe6,0xe0,0xd,0xa,0xf1,0xf3,0xef,0xee,0xf1,0xf2,0xe0,0xf2,0xd,
  0xa,0xf2,0xe0,0xed,0xe4,0xe5,0xec,0xd,0xa,0xf2,0xe0,0xf2,0xe0,0xf0,0xf7,0xee,
  0xed,0xee,0xea,0xd,0xa,0xf2,0xe0,0xf7,0xe0,0xed,0xea,0xe0,0xd,0xa,0xf2,0xe5,
  0xeb,0xe5,0xf4,0xee,0xed,0xf7,0xe8,0xea,0xd,0xa,0xf2,0xe5,0xeb,0xe5,0xf6,0xe5,
  0xed,0xf2,0xf0,0xd,0xa,0xf2,0xe5,0xef,0xeb,0xee,0xe2,0xee,0xe7,0xd,0xa,0xf2,
  0xe5,0xf0,0xe5,0xec,0xee,0xea,0xd,0xa,0xf2,0xe8,0xf0,0xd,0xa,0xf2,0xee,0xed,
  0xe7,0xe8,0xeb,0xeb,0xe8,0xf2,0xd,0xa,0xf2,0xf0,0xe0,0xef,0xe5,0xf6,0xe8,0xff,
  0xd,0xa,0xf2,0xf0,0xe5,0xe1,0xf3,0xf5,0xe0,0xd,0xa,0xf2,0xf3,0xff,0xd,0xa,
  0xf2,0xf7,0xea,0xd,0xa,0xf2,0xfe,0xf0,0xe1,0xe0,0xed,0xd,0xa,0xf2,0xfe,0xf0,
  0xff,0xe3,0xe0,0xd,0xa,0xf3,0xe4,0xe5,0xf0,0xe6,0xd,0xa,0xf3,0xef,0xf3,0xf9,
  0xe5,0xed,0xe8,0xe5,0xd,0xa,0xf3,0xf1,0xe0,0xf7,0xd,0xa,0xf3,0xf1,0xeb,0xee,
  0xe6,0xed,0xe5,0xed,0xe8,0xe5,0xd,0xa,0xf3,0xf1,0xf1,0xd,0xa,0xf3,0xf1,0xfb,
  0xef,0xe0,0xeb,0xfc,0xed,0xe8,0xf6,0xe0,0xd,0xa,0xf3,0xf2,0xee,0xeb,0xf9,0xe5,
  0xed,0xe8,0xe5,0xd,0xa,0xf4,0xe0,0xe1,0xf3,0xeb,0xe0,0xd,0xa,0xf4,0xe0,0xec,
  0xe8,0xeb,0xfc,0xff,0xf0,0xed,0xee,0xf1,0xf2,0xfc,0xd,0xa,0xf4,0xe0,0xed,0xf2,
  0xe0,0xf1,0xec,0xe0,0xe3,0xee,0xf0,0xe8,0xff,0xd,0xa,0xf4,0xe5,0xee,0xe4,0xee,
  0xf1,0xe8,0xff,0xd,0xa,0xf4,0xe5,0xf5,0xf2,0xee,0xe2,0xe0,0xed,0xe8,0xe5,0xd,
  0xa,0xf4,0xeb,0xee,0xf2,0xe8,0xeb,0xe8,0xff,0xd,0xa,0xf5,0xe0,0xf3,0xf1,0xd,
  0xa,0xf5,0xe2,0xe0,0xf1,0xf2,0xf3,0xed,0xd,0xa,0xf5,0xeb,0xee,0xf0,0xea,0xe0,
  0xd,0xa,0xf5,0xf0,0xe8,0xef,0xee,0xf2,0xf6,0xe0,0xd,0xa,0xf5,0xf0,0xee,0xec,
  0xd,0xa,0xf6,0xe5,0xed,0xed,0xe8,0xea,0xd,0xa,0xf6,0xe8,0xea,0xeb,0xff,0xd,
  0xa,0xf7,0xe5,0xf0,0xe5,0xec,0xf3,0xf8,0xea,0xe8,0xd,0xa,0xf7,0xe5,0xf0,0xea,
  0xe5,0xf1,0xd,0xa,0xf7,0xe5,0xf0,0xed,0xee,0xf1,0xeb,0xe8,0xe2,0xd,0xa,0xf7,
  0xe5,0xf0,0xed,0xf3,0xf5,0xe0,0xd,0xa,0xf7,0xe8,0xf0,0xe5,0xe9,0xd,0xa,0xf8,
  0xe0,0xe1,0xeb,0xe8,0xed,0xf1,0xea,0xe8,0xe9,0xd,0xa,0xf8,0xe0,0xf0,0xea,0xe0,
  0xed,0xfc,0xe5,0xd,0xa,0xfd,0xea,0xf0,0xe0,0xed,0xe8,0xe7,0xe0,0xf6,0xe8,0xff,
  0xd,0xa,0xfd,0xea,0xf1,0xef,0xf0,0xee,0xef,0xf0,0xe8,0xe0,0xf6,0xe8,0xff,0xd,
  0xa,0xfd,0xeb,0xe5,0xea,0xf2,0xf0,0xee,0xed,0xf9,0xe8,0xea,0xd,0xa,0xfd,0xec,
  0xe1,0xf0,0xe8,0xee,0xed,0xd,0xa,0xfd,0xed,0xe4,0xee,0xea,0xe0,0xf0,0xe4,0xe8,
  0xf2,0xd,0xa,0xfe,0xf0,0xe8,0xf1,0xef,0xf0,0xf3,0xe4,0xe5,0xed,0xf6,0xe8,0xff,
  0xd,0xa,0xff,0xe3,0xe5,0xeb,0xfc,0xd,0xa,0xe0,0xec,0xed,0xe8,0xf1,0xf2,0xe8,
  0xff,0xd,0xa,0xe0,0xed,0xf2,0xe8,0xf5,0xf0,0xe8,0xf1,0xf2,0xd,0xa,0xe1,0xe0,
  0xeb,0xe0,0xe3,0xe0,0xed,0xd,0xa,0xe1,0xf0,0xe0,0xf2,0xe8,0xff,0xd,0xa,0xe1,
  0xf3,0xe3,0xf0,0xe5,0xe5,0xe2,0xd,0xa,0xe2,0xe0,0xeb,0xe8,0xea,0xd,0xa,0xe2,
  0xee,0xe5,0xe2,0xee,0xe4,0xe0,0xd,0xa,0xe2,0xee,0xf1,0xea,0xd,0xa,0xe3,0xee,
  0xe4,0xe8,0xea,0xd,0xa,0xe3,0xee,0xeb,0xee,0xe4,0xe0,0xed,0xe8,0xe5,0xd,0xa,
  0xe3,0xee,0xf0,0xed,0xd,0xa,0xe3,0xee,0xf0,0xf7,0xe8,0xf6,0xe0,0xd,0xa,0xe3,
  0xee,0xf1,0xf3,0xe4,0xe0,0xf0,0xfb,0xed,0xff,0xd,0xa,0xe4,0xe0,0xe2,0xea,0xe0,
  0xd,0xa,0xe4,0xe5,0xf2,0xe8,0xf9,0xe5,0xd,0xa,0xe4,0xf0,0xe5,0xe2,0xee,0xd,
  0xa,0xe4,0xf3,0xe1,0xeb,0xe5,0xed,0xea,0xe0,0xd,0xa,0xe4,0xf3,0xf5,0xee,0xe2,
  0xed,0xee,0xf1,0xf2,0xfc,0xd,0xa,0xe4,0xfb,0xe1,0xe0,0xd,0xa,0xe6,0xe5,0xeb,
  0xe5,0xe7,0xed,0xee,0xe4,0xee,0xf0,0xee,0xe6,0xed,0xe8,0xea,0xd,0xa,0xe8,0xe7,
  0xe1,0xe0,0xe2,0xeb,0xe5,0xed,0xe8,0xe5,0xd,0xa,0xe8,0xed,0xe4,0xf3,0xf1,0xf2,
  0xf0,0xe8,0xe0,0xeb,0xe8,0xe7,0xe0,0xf6,0xe8,0xff,0xd,0xa,0xea,0xe0,0xe4,0xea,
  0xe0,0xd,0xa,0xea,0xee,0xf0,0xe6,0xe0,0xea,0xee,0xe2,0xd,0xa,0xea,0xee,0xf0,
  0xec,0xeb,0xe5,0xed,0xe8,0xe5,0xd,0xa,0xea,0xf3,0xe1,0xf0,0xe8,0xea,0xd,0xa,
  0xea,0xf3,0xe2,0xe0,0xeb,0xe4,0xe0,0xd,0xa,0xec,0xe0,0xf0,0xe5,0xe2,0xee,0xd,
  0xa,0xec,0xe0,0xf0,0xfc,0xd,0xa,0xec,0xe5,0xea,0xf1,0xe8,0xea,0xe0,0xd,0xa,
  0xec,0xe5,0xf0,0xe8,0xed,0xd,0xa,0xed,0xe0,0xf1,0xeb,0xe5,0xe4,0xf1,0xf2,0xe2,
  0xe5,0xed,0xed,0xee,0xf1,0xf2,0xfc,0xd,0xa,0xed,0xee,0xed,0xe0,0xd,0xa,0xed,
  0xee,0xf1,0xf2,0xe0,0xeb,0xfc,0xe3,0xe8,0xff,0xd,0xa,0xee,0xea,0xf3,0xed,0xfc,
  0xd,0xa,0xee,0xf1,0xf2,0xf0,0xee,0xf3,0xec,0xe8,0xe5,0xd,0xa,0xef,0xe0,0xf0,
  0xe0,0xeb,0xeb,0xe5,0xeb,0xfc,0xd,0xa,0xef,0xe5,0xf0,0xe5,0xea,0xf3,0xf0,0xd,
  0xa,0xef,0xe5,0xf0,0xe5,0xf1,0xe5,0xf7,0xe5,0xed,0xe8,0xe5,0xd,0xa,0xef,0xee,
  0xe4,0xe1,0xee,0xf0,0xe0,0xd,0xa,0xef,0xee,0xe4,0xe2,0xee,0xe4,0xe0,0xd,0xa,
  0xef,0xee,0xeb,0xfb,0xed,0xfc,0xff,0xd,0xa,0xef,0xee,0xf2,0xe5,0xf5,0xe0,0xd,
  0xa,0xef,0xf0,0xe8,0xf1,0xe2,0xee,0xe5,0xed,0xe8,0xe5,0xd,0xa,0xef,0xf0,0xee,
  0xf0,0xf3,0xe1,0xfc,0xd,0xa,0xf0,0xe0,0xe7,0xe4,0xe5,0xe2,0xe0,0xeb,0xea,0xe0,
  0xd,0xa,0xf0,0xe0,0xe7,0xec,0xe5,0xf9,0xe5,0xed,0xe8,0xe5,0xd,0xa,0xf0,0xe0,
  0xf1,0xea,0xf0,0xfb,0xf2,0xe8,0xe5,0xd,0xa,0xf0,0xee,0xf1,0xf2,0xee,0xea,0xd,
  0xa,0xf0,0xf3,0xef,0xee,0xf0,0xd,0xa,0xf0,0xfb,0xf1,0xfc,0xd,0xa,0xf1,0xe0,
  0xec,0xe8,0xe7,0xe4,0xe0,0xf2,0xd,0xa,0xf1,0xe0,0xf5,0xe0,0xeb,0xe8,0xed,0xd,
  0xa,0xf1,0xea,0xe8,0xf2,0xe0,0xed,0xe8,0xe5,0xd,0xa,0xf1,0xeb,0xe5,0xef,0xee,
  0xe9,0xd,0xa,0xf1,0xec,0xe8,0xf0,0xed,0xee,0xe2,0xe0,0xd,0xa,0xf1,0xee,0xf1,
  0xf2,0xe0,0xe2,0xeb,0xe5,0xed,0xe8,0xe5,0xd,0xa,0xf1,0xef,0xe8,0xea,0xe5,0xf0,
  0xd,0xa,0xf1,0xf2,0xee,0xe9,0xea,0xee,0xf1,0xf2,0xfc,0xd,0xa,0xf1,0xf2,0xee,
  0xeb,0xe5,0xf8,0xed,0xe8,0xf6,0xe0,0xd,0xa,0xf1,0xf3,0xe1,0xf1,0xf2,0xe0,0xed,
  0xf6,0xe8,0xff,0xd,0xa,0xf2,0xe5,0xeb,0xe5,0xea,0xe0,0xed,0xe0,0xeb,0xd,0xa,
  0xf2,0xee,0xea,0xe8,0xee,0xd,0xa,0xf2,0xee,0xf0,0xe3,0xd,0xa,0xf2,0xee,0xf0,
  0xe5,0xf6,0xd,0xa,0xf2,0xf3,0xe6,0xf3,0xf0,0xea,0xe0,0xd,0xa,0xf2,0xff,0xe3,
  0xee,0xf2,0xe5,0xed,0xe8,0xe5,0xd,0xa,0xf3,0xeb,0xee,0xe2,0xea,0xe0,0xd,0xa,
  0xf4,0xe0,0xea,0xf1,0xd,0xa,0xf4,0xe5,0xeb,0xfc,0xe4,0xf4,0xe5,0xe1,0xe5,0xeb,
  0xfc,0xd,0xa,0xf4,0xee,0xeb,0xfc,0xea,0xeb,0xee,0xf0,0xd,0xa,0xf8,0xe8,0xea,
  0xd,0xa,0xfd,0xed,0xf2,0xf3,0xe7,0xe8,0xe0,0xf1,0xf2,0xd,0xa,0xe0,0xe2,0xf1,
  0xf2,0xf0,0xe8,0xff,0xd,0xa,0xe1,0xe0,0xeb,0xeb,0xee,0xed,0xd,0xa,0xe1,0xeb,
  0xe0,0xe6,0xe5,0xed,0xf1,0xf2,0xe2,0xee,0xd,0xa,0xe3,0xe8,0xf0,0xff,0xd,0xa,
  0xe4,0xe0,0xe3,0xe5,0xf1,0xf2,0xe0,0xed,0xd,0xa,0xe4,0xe8,0xf7,0xfc,0xd,0xa,
  0xea,0xed,0xff,0xe3,0xe8,0xed,0xff,0xd,0xa,0xea,0xee,0xeb,0xee,0xed,0xee,0xea,
  0xd,0xa,0xec,0xe0,0xe9,0xff,0xd,0xa,0xec,0xe0,0xea,0xe0,0xf0,0xee,0xed,0xfb,
  0xd,0xa,0xed,0xe0,0xf0,0xea,0xee,0xf2,0xe8,0xea,0xd,0xa,0xee,0xf0,0xf2,0xd,
  0xa,0xef,0xee,0xf7,0xf2,0xe0,0xeb,0xfc,0xee,0xed,0xd,0xa,0xef,0xf0,0xee,0xec,
  0xe0,0xf5,0xd,0xa,0xef,0xfb,0xeb,0xd,0xa,0xf1,0xe0,0xf0,0xe0,0xf2,0xee,0xe2,
  0xd,0xa,0xf1,0xea,0xf3,0xeb,0xfc,0xef,0xf2,0xee,0xf0,0xd,0xa,0xf1,0xee,0xe2,
  0xe0,0xd,0xa,0xf1,0xf2,0xf3,0xe6,0xe0,0xd,0xa,0xf3,0xec,0xfb,0xf1,0xe5,0xeb,
  0xd,0xa,0xf5,0xeb,0xee,0xef,0xee,0xea,0xd,0xa,0xf7,0xe0,0xf1,0xee,0xe2,0xee,
  0xe9,0xd,0xa,0xf8,0xe8,0xf8,0xd,0xa,0xf8,0xee,0xf0,0xf2,0xfb,0xd,0xa,0xe1,
  0xee,0xf1,0xf1,0xd,0xa,0xe2,0xe5,0xe5,0xf0,0xd,0xa,0xe2,0xe7,0xf0,0xee,0xf1,
  0xeb,0xfb,0xe9,0xd,0xa,0xe2,0xed,0xf3,0xf2,0xf0,0xe5,0xed,0xed,0xee,0xf1,0xf2,
  0xfc,0xd,0xa,0xe2,0xf2,0xee,0xf0,0xe6,0xe5,0xed,0xe8,0xe5,0xd,0xa,0xe2,0xfa,
  0xe5,0xe7,0xe4,0xd,0xa,0xe3,0xe8,0xf2,0xe0,0xf0,0xe8,0xf1,0xf2,0xd,0xa,0xe4,
  0xf0,0xf3,0xe6,0xea,0xe0,0xd,0xa,0xee,0xf0,0xe0,0xf2,0xee,0xf0,0xd,0xa,0xef,
  0xee,0xe6,0xe5,0xeb,0xe0,0xed,0xe8,0xe5,0xd,0xa,0xef,0xee,0xf2,0xf0,0xff,0xf1,
  0xe5,0xed,0xe8,0xe5,0xd,0xa,0xf0,0xe0,0xea,0xd,0xa,0xf1,0xe5,0xed,0xe0,0xf2,
  0xee,0xf0,0xd,0xa,0xf2,0xee,0xef,0xee,0xf2,0xd,0xa,0xf4,0xe0,0xf1,0xe0,0xe4,
  0xd,0xa,0xf6,0xe8,0xe3,0xe0,0xf0,0xea,0xe0,0xd,0xa,0xf8,0xe0,0xf0,0xe0,0xe4,
  0xe0,0xd,0xa,0xf8,0xf3,0xf2,0xd,0xa,0xe0,0xe1,0xee,0xed,0xe5,0xed,0xf2,0xd,
  0xa,0xe0,0xe3,0xe8,0xf2,0xe0,0xf2,0xee,0xf0,0xd,0xa,0xe0,0xf0,0xec,0xe5,0xed,
  0xe8,0xff,0xd,0xa,0xe1,0xe0,0xf0,0xe0,0xf8,0xe5,0xea,0xd,0xa,0xe1,0xe5,0xeb,
  0xee,0xec,0xee,0xf0,0xd,0xa,0xe1,0xe5,0xeb,0xfc,0xec,0xee,0xd,0xa,0xe1,0xe5,
  0xf1,0xef,0xe5,0xf7,0xed,0xee,0xf1,0xf2,0xfc,0xd,0xa,0xe1,0xee,0xe3,0xe4,0xe0,
  0xed,0xee,0xe2,0xe0,0xd,0xa,0xe2,0xe7,0xe0,0xe8,0xec,0xee,0xef,0xee,0xed,0xe8,
  0xec,0xe0,0xed,0xe8,0xe5,0xd,0xa,0xe2,0xe7,0xfb,0xf1,0xea,0xe0,0xed,0xe8,0xe5,
  0xd,0xa,0xe3,0xe0,0xf2,0xfc,0xd,0xa,0xe3,0xeb,0xe0,0xe7,0xe3,0xee,0xd,0xa,
  0xe3,0xeb,0xe0,0xe7,0xe8,0xf9,0xe5,0xd,0xa,0xe3,0xeb,0xe0,0xf1,0xd,0xa,0xe3,
  0xee,0xf0,0xe8,0xeb,0xeb,0xe0,0xd,0xa,0xe4,0xe2,0xe8,0xe6,0xee,0xea,0xd,0xa,
  0xe4,0xee,0xe2,0xe5,0xf0,0xf7,0xe8,0xe2,0xee,0xf1,0xf2,0xfc,0xd,0xa,0xe4,0xee,
  0xe2,0xe5,0xf0,0xf8,0xe5,0xed,0xe8,0xe5,0xd,0xa,0xe7,0xe0,0xe9,0xea,0xe0,0xd,
  0xa,0xe7,0xe0,0xea,0xeb,0xe0,0xe4,0xea,0xe0,0xd,0xa,0xe7,0xe0,0xed,0xf3,0xe4,
  0xe0,0xd,0xa,0xe7,0xed,0xe0,0xf7,0xe8,0xf2,0xe5,0xeb,0xfc,0xed,0xee,0xf1,0xf2,
  0xfc,0xd,0xa,0xe7,0xee,0xeb,0xf3,0xf8,0xea,0xe0,0xd,0xa,0xe8,0xe4,0xe5,0xed,
  0xf2,0xe8,0xf4,0xe8,0xea,0xe0,0xf6,0xe8,0xff,0xd,0xa,0xe8,0xf1,0xea,0xe0,0xf2,
  0xe5,0xeb,0xfc,0xd,0xa,0xea,0xe0,0xe1,0xe0,0xf0,0xe5,0xd,0xa,0xea,0xe0,0xea,
  0xe0,0xee,0xd,0xa,0xea,0xe0,0xeb,0xee,0xf0,0xe8,0xff,0xd,0xa,0xea,0xe1,0xd,
  0xa,0xea,0xe5,0xe4,0xd,0xa,0xea,0xee,0xeb,0xee,0xf2,0xe8,0xeb,0xee,0xd,0xa,
  0xea,0xee,0xeb,0xfb,0xf8,0xe5,0xea,0xd,0xa,0xea,0xf0,0xf3,0xef,0xe8,0xed,0xea,
  0xe0,0xd,0xa,0xea,0xf3,0xe7,0xed,0xe8,0xf6,0xe0,0xd,0xa,0xeb,0xe0,0xea,0xee,
  0xec,0xf1,0xf2,0xe2,0xee,0xd,0xa,0xeb,0xe6,0xe5,0xf6,0xd,0xa,0xeb,0xee,0xea,
  0xe0,0xf2,0xee,0xf0,0xd,0xa,0xec,0xe0,0xed,0xe5,0xea,0xe5,0xed,0xf9,0xe8,0xf6,
  0xe0,0xd,0xa,0xec,0xe0,0xf0,0xe0,0xeb,0xd,0xa,0xec,0xe5,0xf9,0xe0,0xed,0xe8,
  0xed,0xd,0xa,0xec,0xe8,0xea,0xea,0xe8,0xd,0xa,0xec,0xee,0xea,0xf0,0xe5,0xf6,
  0xd,0xa,0xec,0xee,0xf0,0xe4,0xee,0xe1,0xee,0xe9,0xd,0xa,0xec,0xee,0xf1,0xea,
  0xe2,0xe8,0xf7,0xea,0xe0,0xd,0xa,0xed,0xe0,0xe3,0xee,0xf2,0xe0,0xd,0xa,0xed,
  0xe5,0xee,0xf1,0xf2,0xee,0xf0,0xee,0xe6,0xed,0xee,0xf1,0xf2,0xfc,0xd,0xa,0xee,
  0xe1,0xe5,0xf0,0xf2,0xea,0xe0,0xd,0xa,0xee,0xe1,0xf0,0xe0,0xe7,0xee,0xe2,0xe0,
  0xed,0xed,0xee,0xf1,0xf2,0xfc,0xd,0xa,0xee,0xe1,0xf0,0xe5,0xf7,0xe5,0xed,0xed,
  0xee,0xf1,0xf2,0xfc,0xd,0xa,0xee,0xe1,0xfa,0xe5,0xea,0xf2,0xe8,0xe2,0xed,0xee,
  0xf1,0xf2,0xfc,0xd,0xa,0xee,0xe2,0xe8,0xed,0xd,0xa,0xee,0xef,0xe0,0xed,0xe0,
  0xf1,0xe5,0xed,0xea,0xee,0xd,0xa,0xee,0xef,0xee,0xf1,0xf1,0xf3,0xec,0xd,0xa,
  0xee,0xf0,0xe0,0xed,0xe6,0xe5,0xf0,0xe5,0xff,0xd,0xa,0xee,0xf2,0xe8,0xf2,0xd,
  0xa,0xef,0xe0,0xf2,0xe5,0xed,0xf2,0xd,0xa,0xef,0xe0,0xf5,0xe0,0xf0,0xfc,0xd,
  0xa,0xef,0xe5,0xed,0xf2,0xe0,0xe3,0xee,0xed,0xd,0xa,0xef,0xe5,0xf0,0xe5,0xef,
  0xee,0xeb,0xee,0xf5,0xd,0xa,0xef,0xee,0xe2,0xe0,0xf0,0xe8,0xf5,0xe0,0xd,0xa,
  0xef,0xee,0xec,0xee,0xe8,0xd,0xa,0xef,0xee,0xfd,0xf2,0xe5,0xf1,0xf1,0xe0,0xd,
  0xa,0xef,0xf0,0xe8,0xf6,0xe5,0xef,0xd,0xa,0xef,0xf0,0xee,0xe1,0xeb,0xe5,0xf1,
  0xea,0xd,0xa,0xef,0xf0,0xee,0xf1,0xf2,0xe8,0xf2,0xf3,0xf6,0xe8,0xff,0xd,0xa,
  0xf0,0xe0,0xe7,0xf0,0xf3,0xf5,0xe0,0xd,0xa,0xf0,0xee,0xe4,0xe4,0xee,0xec,0xd,
  0xa,0xf0,0xfb,0xf7,0xe0,0xe6,0xee,0xea,0xd,0xa,0xf1,0xe5,0xf0,0xe2,0xe8,0xe7,
  0xd,0xa,0xf1,0xe5,0xf0,0xee,0xf1,0xf2,0xfc,0xd,0xa,0xf1,0xee,0xeb,0xff,0xf0,
  0xea,0xe0,0xd,0xa,0xf1,0xee,0xef,0xe5,0xed,0xe8,0xe5,0xd,0xa,0xf2,0xe0,0xed,
  0xf6,0xee,0xe2,0xf9,0xe8,0xf6,0xe0,0xd,0xa,0xf3,0xed,0xe8,0xf4,0xee,0xf0,0xec,
  0xe0,0xd,0xa,0xf5,0xe8,0xf0,0xf3,0xf0,0xe3,0xe8,0xff,0xd,0xa,0xf7,0xe5,0xf0,
  0xf2,0xee,0xf7,0xea,0xe0,0xd,0xa,0xf7,0xf3,0xe4,0xe8,0xf9,0xe5,0xd,0xa,0xfd,
  0xef,0xe8,0xe3,0xf0,0xe0,0xec,0xec,0xe0,0xd,0xa,0xfd,0xef,0xe8,0xf6,0xe5,0xed,
  0xf2,0xf0,0xd,0xa,0xff,0xe1,0xe5,0xe4,0xe0,0xd,0xa,0xe1,0xe5,0xe7,0xe4,0xe5,
  0xeb,0xfc,0xe5,0xd,0xa,0xe1,0xee,0xf0,0xee,0xe7,0xe4,0xe0,0xd,0xa,0xe1,0xf3,
  0xf4,0xe5,0xf2,0xf7,0xe8,0xf6,0xe0,0xd,0xa,0xe2,0xe0,0xf0,0xd,0xa,0xe2,0xee,
  0xe5,0xed,0xe0,0xf7,0xe0,0xeb,0xfc,0xed,0xe8,0xea,0xd,0xa,0xe2,0xfb,0xe4,0xe0,
  0xf7,0xe0,0xd,0xa,0xe3,0xee,0xf0,0xee,0xe4,0xe8,0xf8,0xea,0xee,0xd,0xa,0xe4,
  0xe5,0xe2,0xff,0xf2,0xea,0xe0,0xd,0xa,0xe4,0xe8,0xe0,0xe1,0xe5,0xf2,0xd,0xa,
  0xe4,0xed,0xe5,0xe2,0xe0,0xeb,0xfc,0xed,0xfb,0xe9,0xd,0xa,0xe7,0xe0,0xe2,0xe5,
  0xe4,0xf3,0xfe,0xf9,0xe0,0xff,0xd,0xa,0xe7,0xe0,0xf7,0xe5,0xf2,0xd,0xa,0xea,
  0xee,0xeb,0xeb,0xe5,0xe4,0xe6,0xd,0xa,0xea,0xf0,0xe0,0xf1,0xee,0xf2,0xea,0xe0,
  0xd,0xa,0xeb,0xe8,0xe3,0xe0,0xd,0xa,0xec,0xee,0xf0,0xf9,0xe8,0xed,0xea,0xe0,
  0xd,0xa,0xed,0xe0,0xef,0xe8,0xf1,0xe0,0xed,0xe8,0xe5,0xd,0xa,0xed,0xe8,0xf7,
  0xf2,0xee,0xe6,0xe5,0xf1,0xf2,0xe2,0xee,0xd,0xa,0xee,0xe1,0xe8,0xf2,0xe0,0xed,
  0xe8,0xe5,0xd,0xa,0xef,0xee,0xe4,0xeb,0xe8,0xed,0xed,0xee,0xf1,0xf2,0xfc,0xd,
  0xa,0xef,0xee,0xec,0xe5,0xf9,0xe8,0xea,0xd,0xa,0xef,0xf3,0xef,0xee,0xea,0xd,
  0xa,0xf1,0xe5,0xf0,0xe4,0xf6,0xe5,0xe1,0xe8,0xe5,0xed,0xe8,0xe5,0xd,0xa,0xf1,
  0xf2,0xee,0xeb,0xff,0xf0,0xd,0xa,0xf1,0xf3,0xef,0xe5,0xf0,0xec,0xe0,0xf0,0xea,
  0xe5,0xf2,0xd,0xa,0xf2,0xe1,0xe8,0xeb,0xe8,0xf1,0xe8,0xd,0xa,0xf2,0xfb,0xea,
  0xe2,0xe0,0xd,0xa,0xf3,0xe4,0xe0,0xf0,0xe5,0xed,0xe8,0xe5,0xd,0xa,0xf3,0xec,
  0xe8,0xeb,0xe5,0xed,0xe8,0xe5,0xd,0xa,0xf8,0xea,0xe0,0xf4,0xf7,0xe8,0xea,0xd,
  0xa,0xf8,0xef,0xee,0xf0,0xe0,0xd,0xa,0xf8,0xf2,0xf0,0xe8,0xf5,0xd,0xa,0xe0,
  0xf0,0xe5,0xf1,0xf2,0xee,0xe2,0xe0,0xed,0xed,0xfb,0xe9,0xd,0xa,0xe1,0xe5,0xf2,
  0xee,0xed,0xd,0xa,0xe1,0xf0,0xe8,0xeb,0xeb,0xe8,0xe0,0xed,0xf2,0xd,0xa,0xe2,
  0xee,0xe7,0xe2,0xf0,0xe0,0xf2,0xd,0xa,0xe2,0xfb,0xef,0xf3,0xf1,0xea,0xed,0xe8,
  0xea,0xd,0xa,0xe3,0xf0,0xf3,0xe1,0xee,0xf1,0xf2,0xfc,0xd,0xa,0xe4,0xe5,0xed,
  0xe5,0xe6,0xea,0xe0,0xd,0xa,0xea,0xe0,0xf8,0xf2,0xe0,0xed,0xd,0xa,0xea,0xe5,
  0xf0,0xee,0xf1,0xe8,0xed,0xd,0xa,0xea,0xee,0xeb,0xee,0xe4,0xe0,0xd,0xa,0xed,
  0xe0,0xe5,0xec,0xed,0xe8,0xea,0xd,0xa,0xef,0xe5,0xf0,0xe5,0xed,0xee,0xf1,0xe8,
  0xf6,0xe0,0xd,0xa,0xef,0xee,0xe4,0xe4,0xe0,0xed,0xed,0xfb,0xe9,0xd,0xa,0xef,
  0xee,0xf0,0xf2,0xe2,0xe5,0xe9,0xed,0xd,0xa,0xef,0xf3,0xeb,0xe5,0xec,0xe5,0xf2,
  0xf7,0xe8,0xea,0xd,0xa,0xf1,0xf2,0xee,0xef,0xe0,0xd,0xa,0xf2,0xe5,0xf1,0xf2,
  0xee,0xd,0xa,0xf5,0xe0,0xf0,0xff,0xd,0xa,0xf9,0xe5,0xeb,0xf7,0xee,0xea,0xd,
  0xa,0xe1,0xee,0xe5,0xef,0xf0,0xe8,0xef,0xe0,0xf1,0xd,0xa,0xe3,0xee,0xf0,0xed,
  0xe8,0xf6,0xe0,0xd,0xa,0xea,0xe8,0xef,0xff,0xf2,0xee,0xea,0xd,0xa,0xea,0xeb,
  0xfb,0xea,0xd,0xa,0xed,0xe0,0xe4,0xe7,0xe8,0xf0,0xe0,0xf2,0xe5,0xeb,0xfc,0xd,
  0xa,0xee,0xe1,0xeb,0xe0,0xe4,0xe0,0xf2,0xe5,0xeb,0xfc,0xd,0xa,0xef,0xf0,0xe0,
  0xe2,0xfb,0xe9,0xd,0xa,0xef,0xf0,0xe8,0xf1,0xf2,0xe0,0xed,0xfc,0xd,0xa,0xef,
  0xf0,0xf3,0xe6,0xe8,0xed,0xe0,0xd,0xa,0xf0,0xe8,0xf2,0xf3,0xe0,0xeb,0xd,0xa,
  0xf2,0xe5,0xeb,0xe5,0xf1,0xea,0xee,0xef,0xd,0xa,0xf4,0xe5,0xf1,0xf2,0xe8,0xe2,
  0xe0,0xeb,0xfc,0xd,0xa,0xf4,0xee,0xf0,0xf2,0xee,0xf7,0xea,0xe0,0xd,0xa,0xf7,
  0xe0,0xe5,0xea,0xd,0xa,0xf7,0xe5,0xf2,0xe2,0xe5,0xf0,0xe5,0xed,0xfc,0xea,0xe8,
  0xd,0xa,0xe0,0xe2,0xf2,0xee,0xf2,0xf0,0xe0,0xed,0xf1,0xef,0xee,0xf0,0xf2,0xd,
  0xa,0xe0,0xeb,0xfc,0xec,0xe0,0xd,0xa,0xe0,0xeb,0xfc,0xff,0xed,0xf1,0xd,0xa,
  0xe0,0xed,0xf2,0xe5,0xe9,0xd,0xa,0xe0,0xf0,0xf5,0xe8,0xe5,0xf0,0xe5,0xe9,0xd,
  0xa,0xe0,0xf2,0xeb,0xe5,0xf2,0xd,0xa,0xe0,0xf5,0xe8,0xed,0xe5,0xff,0xd,0xa,
  0xe1,0xe0,0xe3,0xe4,0xe0,0xe4,0xd,0xa,0xe1,0xe0,0xe9,0xe4,0xe0,0xf0,0xea,0xe0,
  0xd,0xa,0xe1,0xe0,0xf2,0xe0,0xeb,0xe8,0xff,0xd,0xa,0xe1,0xe5,0xeb,0xe0,0xf0,
  0xf3,0xf1,0xfc,0xd,0xa,0xe1,0xe5,0xeb,0xe8,0xeb,0xe0,0xd,0xa,0xe1,0xe8,0xe1,
  0xeb,0xe8,0xee,0xf2,0xe5,0xea,0xe0,0xf0,0xfc,0xd,0xa,0xe1,0xeb,0xe0,0xe3,0xee,
  0xf2,0xe2,0xee,0xf0,0xe8,0xf2,0xe5,0xeb,0xfc,0xed,0xee,0xf1,0xf2,0xfc,0xd,0xa,
  0xe2,0xe0,0xe2,0xe8,0xeb,0xee,0xed,0xd,0xa,0xe2,0xe0,0xf2,0xea,0xe0,0xd,0xa,
  0xe2,0xe4,0xfb,0xf5,0xe0,0xed,0xe8,0xe5,0xd,0xa,0xe2,0xe8,0xe4,0xe5,0xee,0xf4,
  0xee,0xed,0xd,0xa,0xe2,0xee,0xe4,0xee,0xe2,0xee,0xe7,0xd,0xa,0xe2,0xee,0xeb,
  0xf5,0xee,0xe2,0xd,0xa,0xe2,0xfb,0xec,0xee,0xe3,0xe0,0xf2,0xe5,0xeb,0xfc,0xf1,
  0xf2,0xe2,0xee,0xd,0xa,0xe3,0xe5,0xed,0xe4,0xe8,0xf0,0xe5,0xea,0xf2,0xee,0xf0,
  0xd,0xa,0xe3,0xe5,0xf0,0xee,0xe9,0xf1,0xf2,0xe2,0xee,0xd,0xa,0xe3,0xe8,0xef,
  0xed,0xee,0xf2,0xe8,0xe7,0xe5,0xf0,0xd,0xa,0xe3,0xea,0xf7,0xef,0xd,0xa,0xe3,
  0xf0,0xe0,0xec,0xec,0xe0,0xf2,0xe8,0xea,0xe0,0xd,0xa,0xe3,0xf0,0xe0,0xec,0xec,
  0xee,0xf4,0xee,0xed,0xd,0xa,0xe4,0xe5,0xf0,0xed,0xd,0xa,0xe4,0xe5,0xf1,0xe5,
  0xf0,0xf2,0xd,0xa,0xe4,0xe5,0xf2,0xe5,0xea,0xf2,0xee,0xf0,0xd,0xa,0xe4,0xe6,
  0xee,0xea,0xe5,0xf0,0xd,0xa,0xe4,0xe8,0xe7,0xe0,0xe9,0xed,0xd,0xa,0xe4,0xe8,
  0xe7,0xe5,0xed,0xf2,0xe5,0xf0,0xe8,0xff,0xd,0xa,0xe4,0xe8,0xed,0xe3,0xee,0xd,
  0xa,0xe4,0xee,0xe1,0xf0,0xee,0xe6,0xe5,0xeb,0xe0,0xf2,0xe5,0xeb,0xfc,0xed,0xee,
  0xf1,0xf2,0xfc,0xd,0xa,0xe4,0xee,0xe1,0xfb,0xe2,0xe0,0xed,0xe8,0xe5,0xd,0xa,
  0xe4,0xee,0xec,0xee,0xf3,0xef,0xf0,0xe0,0xe2,0xeb,0xe5,0xed,0xe8,0xe5,0xd,0xa,
  0xe6,0xe5,0xed,0xf1,0xf2,0xe2,0xe5,0xed,0xed,0xee,0xf1,0xf2,0xfc,0xd,0xa,0xe7,
  0xe0,0xe1,0xe5,0xeb,0xe8,0xed,0xd,0xa,0xe7,0xe0,0xea,0xe2,0xe0,0xf1,0xea,0xe0,
  0xd,0xa,0xe7,0xe0,0xef,0xe8,0xed,0xea,0xe0,0xd,0xa,0xe7,0xe0,0xf1,0xe5,0xe4,
  0xe0,0xf2,0xe5,0xeb,0xfc,0xd,0xa,0xe7,0xe0,0xf1,0xf2,0xf0,0xee,0xe9,0xea,0xe0,
  0xd,0xa,0xe8,0xe7,0xe1,0xf0,0xe0,0xed,0xe8,0xe5,0xd,0xa,0xe8,0xe7,0xeb,0xe8,
  0xff,0xed,0xe8,0xe5,0xd,0xa,0xe8,0xe7,0xed,0xe0,0xed,0xea,0xe0,0xd,0xa,0xe8,
  0xf1,0xf1,0xf2,0xf3,0xef,0xeb,0xe5,0xed,0xe8,0xe5,0xd,0xa,0xea,0xe0,0xef,0xe8,
  0xeb,0xeb,0xff,0xf0,0xd,0xa,0xea,0xe0,0xf0,0xe5,0xed,0xe8,0xed,0xe0,0xd,0xa,
  0xea,0xe0,0xf2,0xe0,0xed,0xe8,0xe5,0xd,0xa,0xea,0xeb,0xff,0xf7,0xe0,0xd,0xa,
  0xea,0xee,0xea,0xf1,0xd,0xa,0xea,0xee,0xec,0xec,0xf3,0xed,0xe0,0xf0,0xd,0xa,
  0xea,0xee,0xed,0xf2,0xf0,0xe0,0xe1,0xe0,0xed,0xe4,0xe8,0xf1,0xf2,0xd,0xa,0xea,
  0xee,0xef,0xe0,0xd,0xa,0xea,0xee,0xf0,0xfc,0xd,0xa,0xea,0xf0,0xee,0xe2,0xee,
  0xef,0xee,0xf2,0xe5,0xf0,0xff,0xd,0xa,0xea,0xf0,0xee,0xf8,0xe5,0xe2,0xee,0xd,
  0xa,0xea,0xf0,0xf3,0xe6,0xee,0xf7,0xe5,0xea,0xd,0xa,0xeb,0xe0,0xef,0xee,0xf7,
  0xea,0xe0,0xd,0xa,0xeb,0xe5,0xe2,0xe8,0xe0,0xf4,0xe0,0xed,0xd,0xa,0xeb,0xe5,
  0xf1,0xee,0xf7,0xe5,0xea,0xd,0xa,0xeb,0xe8,0xf2,0xee,0xe2,0xe5,0xf6,0xd,0xa,
  0xeb,0xe8,0xf5,0xe0,0xf7,0xd,0xa,0xec,0xe0,0xea,0xee,0xe2,0xea,0xe0,0xd,0xa,
  0xec,0xe5,0xf2,0xe0,0xed,0xe8,0xe5,0xd,0xa,0xec,0xeb,0xe5,0xea,0xee,0xef,0xe8,
  0xf2,0xe0,0xfe,0xf9,0xe5,0xe5,0xd,0xa,0xec,0xee,0xed,0xee,0xef,0xee,0xeb,0xe8,
  0xf1,0xf2,0xd,0xa,0xed,0xe0,0xe3,0xed,0xee,0xe5,0xed,0xe8,0xe5,0xd,0xa,0xed,
  0xe0,0xe8,0xed,0xd,0xa,0xed,0xe0,0xf2,0xff,0xe6,0xea,0xe0,0xd,0xa,0xed,0xe5,
  0xe1,0xfb,0xeb,0xe8,0xf6,0xe0,0xd,0xa,0xed,0xe5,0xe2,0xe5,0xe7,0xe5,0xed,0xe8,
  0xe5,0xd,0xa,0xee,0xe1,0xf3,0xf5,0xd,0xa,0xee,0xe2,0xf0,0xe0,0xe6,0xe5,0xea,
  0xd,0xa,0xee,0xef,0xe8,0xf3,0xec,0xd,0xa,0xee,0xf2,0xef,0xf3,0xf9,0xe5,0xed,
  0xe8,0xe5,0xd,0xa,0xef,0xe0,0xeb,0xe0,0xed,0xea,0xe8,0xed,0xd,0xa,0xef,0xe0,
  0xed,0xf1,0xe8,0xee,0xed,0xd,0xa,0xef,0xe0,0xff,0xeb,0xfc,0xed,0xe8,0xea,0xd,
  0xa,0xef,0xe5,0xf0,0xe5,0xe4,0xee,0xe2,0xe8,0xea,0xd,0xa,0xef,0xe5,0xf0,0xe5,
  0xed,0xe0,0xef,0xf0,0xff,0xe6,0xe5,0xed,0xe8,0xe5,0xd,0xa,0xef,0xe5,0xf0,0xe5,
  0xef,0xeb,0xe5,0xf2,0xe5,0xed,0xe8,0xe5,0xd,0xa,0xef,0xe5,0xf0,0xe5,0xf1,0xfb,
  0xeb,0xea,0xe0,0xd,0xa,0xef,0xe8,0xea,0xe5,0xf2,0xd,0xa,0xef,0xe8,0xf1,0xe0,
  0xed,0xe8,0xed,0xe0,0xd,0xa,0xef,0xeb,0xfe,0xf9,0xd,0xa,0xef,0xee,0xea,0xe0,
  0xe7,0xf3,0xf5,0xe0,0xd,0xa,0xef,0xee,0xeb,0xf7,0xe8,0xf9,0xe5,0xd,0xa,0xef,
  0xee,0xec,0xe5,0xf2,0xd,0xa,0xef,0xee,0xf5,0xee,0xf2,0xfc,0xd,0xa,0xef,0xf0,
  0xe5,0xed,0xe8,0xe5,0xd,0xa,0xef,0xf0,0xe8,0xf9,0xf3,0xf0,0xd,0xa,0xef,0xf0,
  0xee,0xe4,0xee,0xeb,0xe6,0xe0,0xf2,0xe5,0xeb,0xfc,0xd,0xa,0xef,0xf0,0xee,0xf1,
  0xf2,0xe5,0xed,0xee,0xea,0xd,0xa,0xef,0xf0,0xee,0xf5,0xee,0xe4,0xe8,0xec,0xee,
  0xf1,0xf2,0xfc,0xd,0xa,0xf0,0xe0,0xe1,0xfb,0xed,0xff,0xd,0xa,0xf0,0xe0,0xe7,
  0xec,0xe8,0xed,0xea,0xe0,0xd,0xa,0xf0,0xe0,0xf2,0xf3,0xf8,0xe0,0xd,0xa,0xf0,
  0xe5,0xe9,0xed,0xd,0xa,0xf0,0xe5,0xe9,0xed,0xe4,0xe6,0xe5,0xf0,0xd,0xa,0xf0,
  0xee,0xe6,0xe4,0xe5,0xed,0xfc,0xe5,0xd,0xa,0xf0,0xf2,0xf0,0xd,0xa,0xf1,0xe0,
  0xe4,0xee,0xea,0xd,0xa,0xf1,0xe0,0xec,0xe0,0xf0,0xd,0xa,0xf1,0xe5,0xe1,0xe5,
  0xf1,0xf2,0xee,0xe8,0xec,0xee,0xf1,0xf2,0xfc,0xd,0xa,0xf1,0xe5,0xed,0xee,0xea,
  0xee,0xf1,0xd,0xa,0xf1,0xe5,0xed,0xf6,0xfb,0xd,0xa,0xf1,0xe5,0xf0,0xe4,0xf6,
  0xe5,0xe2,0xe8,0xed,0xe0,0xd,0xa,0xf1,0xe8,0xe4,0xed,0xe5,0xe9,0xd,0xa,0xf1,
  0xe8,0xed,0xee,0xe4,0xd,0xa,0xf1,0xea,0xe0,0xe7,0xee,0xf7,0xea,0xe0,0xd,0xa,
  0xf1,0xea,0xf3,0xeb,0xe8,0xeb,0xe0,0xd,0xa,0xf1,0xee,0xe2,0xe5,0xf0,0xf8,0xe5,
  0xed,0xed,0xee,0xeb,0xe5,0xf2,0xe8,0xe5,0xd,0xa,0xf1,0xf2,0xe0,0xeb,0xe8,0xed,
  0xe8,0xe7,0xec,0xd,0xa,0xf1,0xf2,0xe5,0xf0,0xe2,0xe5,0xf6,0xd,0xa,0xf1,0xf3,
  0xf0,0xe3,0xf3,0xf7,0xd,0xa,0xf1,0xf3,0xf5,0xee,0xf0,0xf3,0xea,0xee,0xe2,0xd,
  0xa,0xf2,0xe0,0xe1,0xe0,0xf7,0xee,0xea,0xd,0xa,0xf2,0xe0,0xe4,0xe6,0xe8,0xea,
  0xd,0xa,0xf2,0xe0,0xed,0xea,0xe5,0xf0,0xd,0xa,0xf2,0xe8,0xf0,0xe0,0xed,0xe8,
  0xff,0xd,0xa,0xf2,0xe8,0xf0,0xe5,0xd,0xa,0xf2,0xea,0xe0,0xed,0xfc,0xe5,0xd,
  0xa,0xf2,0xf0,0xe0,0xed,0xf1,0xeb,0xff,0xf6,0xe8,0xff,0xd,0xa,0xf2,0xf0,0xf3,
  0xe4,0xff,0xe3,0xe0,0xd,0xa,0xf3,0xe2,0xe5,0xf0,0xe5,0xed,0xe8,0xe5,0xd,0xa,
  0xf3,0xeb,0xfc,0xf2,0xf0,0xe0,0xe7,0xe2,0xf3,0xea,0xd,0xa,0xf3,0xf5,0xe0,0xe6,
  0xe8,0xe2,0xe0,0xed,0xe8,0xe5,0xd,0xa,0xf4,0xe8,0xed,0xe0,0xed,0xf1,0xe8,0xf1,
  0xf2,0xd,0xa,0xf4,0xee,0xeb,0xfc,0xe3,0xe0,0xd,0xa,0xf6,0xe0,0xf0,0xf1,0xf2,
  0xe2,0xe8,0xe5,0xd,0xa,0xf6,0xe8,0xed,0xe3,0xe0,0xd,0xa,0xf6,0xfe,0xf0,0xe8,
  0xf5,0xd,0xa,0xf7,0xe5,0xf1,0xee,0xf2,0xea,0xe0,0xd,0xa,0xf7,0xe5,0xf2,0xea,
  0xe8,0xd,0xa,0xf8,0xe2,0xe5,0xe9,0xf6,0xe0,0xf0,0xe5,0xf6,0xd,0xa,0xf9,0xe5,
  0xef,0xee,0xf2,0xea,0xe0,0xd,0xa,0xfd,0xf1,0xf2,0xe5,0xf2,0xd,0xa,0xe0,0xeb,
  0xe8,0xec,0xe5,0xed,0xf2,0xfb,0xd,0xa,0xe1,0xf3,0xea,0xf1,0xe8,0xf0,0xd,0xa,
  0xe3,0xe5,0xea,0xf2,0xe0,0xf0,0xd,0xa,0xe4,0xe5,0xe3,0xee,0xf2,0xfc,0xd,0xa,
  0xe4,0xee,0xf0,0xee,0xe3,0xf3,0xf8,0xe0,0xd,0xa,0xe6,0xf3,0xf7,0xee,0xea,0xd,
  0xa,0xe7,0xe0,0xe2,0xf3,0xf7,0xd,0xa,0xe8,0xe7,0xfa,0xff,0xf2,0xe8,0xe5,0xd,
  0xa,0xe8,0xed,0xee,0xec,0xe0,0xf0,0xea,0xe0,0xd,0xa,0xe8,0xf1,0xef,0xe0,0xf0,
  0xe8,0xed,0xe0,0xd,0xa,0xea,0xe0,0xf0,0xf3,0xf1,0xe5,0xeb,0xfc,0xd,0xa,0xea,
  0xe2,0xe0,0xf8,0xed,0xff,0xd,0xa,0xea,0xee,0xec,0xec,0xf3,0xed,0xe0,0xd,0xa,
  0xec,0xee,0xe3,0xe8,0xeb,0xea,0xe0,0xd,0xa,0xec,0xee,0xf0,0xea,0xee,0xe2,0xfc,
  0xd,0xa,0xed,0xe8,0xf7,0xfc,0xff,0xd,0xa,0xee,0xf2,0xf0,0xe0,0xe2,0xe0,0xd,
  0xa,0xee,0xf2,0xf0,0xe0,0xe6,0xe0,0xf2,0xe5,0xeb,0xfc,0xd,0xa,0xee,0xf7,0xe8,
  0xf9,0xe5,0xed,0xe8,0xe5,0xd,0xa,0xef,0xe0,0xf0,0xee,0xeb,0xfc,0xd,0xa,0xef,
  0xe0,0xf0,0xee,0xf5,0xee,0xe4,0xf1,0xf2,0xe2,0xee,0xd,0xa,0xef,0xe5,0xf8,0xea,
  0xe0,0xd,0xa,0xef,0xe8,0xf9,0xe5,0xe2,0xe0,0xf0,0xe5,0xed,0xe8,0xe5,0xd,0xa,
  0xef,0xeb,0xe5,0xe2,0xee,0xea,0xd,0xa,0xef,0xee,0xeb,0xe8,0xf0,0xee,0xe2,0xe0,
  0xeb,0xfc,0xed,0xe8,0xea,0xd,0xa,0xef,0xf0,0xe5,0xe4,0xe2,0xee,0xe4,0xe8,0xf2,
  0xe5,0xeb,0xfc,0xd,0xa,0xef,0xf0,0xe5,0xe4,0xf0,0xe0,0xf1,0xf1,0xf3,0xe4,0xee,
  0xea,0xd,0xa,0xef,0xf0,0xee,0xf0,0xee,0xf7,0xe5,0xf1,0xf2,0xe2,0xee,0xd,0xa,
  0xef,0xf0,0xee,0xf1,0xe5,0xea,0xe0,0xd,0xa,0xef,0xf0,0xee,0xf1,0xf2,0xf3,0xe4,
  0xe0,0xd,0xa,0xf0,0xe0,0xf1,0xea,0xeb,0xe0,0xe4,0xd,0xa,0xf0,0xe5,0xf6,0xe5,
  0xef,0xf2,0xee,0xf0,0xd,0xa,0xf1,0xe1,0xee,0xe9,0xd,0xa,0xf1,0xf2,0xf0,0xf3,
  0xe6,0xea,0xe0,0xd,0xa,0xf2,0xf0,0xe5,0xf1,0xf2,0xd,0xa,0xf3,0xe1,0xeb,0xfe,
  0xe4,0xee,0xea,0xd,0xa,0xf3,0xe4,0xe5,0xeb,0xd,0xa,0xf7,0xe0,0xf1,0xee,0xe2,
  0xed,0xff,0xd,0xa,0xf7,0xe5,0xf0,0xe5,0xe4,0xed,0xe8,0xf7,0xe5,0xed,0xea,0xee,
  0xd,0xa,0xff,0xe1,0xeb,0xee,0xf7,0xea,0xee,0xd,0xa,0xff,0xf9,0xe8,0xf7,0xe5,
  0xea,0xd,0xa,0xe0,0xed,0xe0,0xeb,0xee,0xe3,0xe8,0xff,0xd,0xa,0xe1,0xe5,0xeb,
  0xe8,0xe7,0xed,0xe0,0xd,0xa,0xe1,0xe5,0xf1,0xf1,0xec,0xe5,0xf0,0xf2,0xe8,0xe5,
  0xd,0xa,0xe1,0xee,0xe3,0xe8,0xed,0xff,0xd,0xa,0xe1,0xf0,0xe0,0xf2,0xf1,0xf2,
  0xe2,0xee,0xd,0xa,0xe2,0xe5,0xe4,0xee,0xec,0xee,0xf1,0xf2,0xfc,0xd,0xa,0xe2,
  0xee,0xe4,0xee,0xe5,0xec,0xd,0xa,0xe2,0xf3,0xeb,0xea,0xe0,0xed,0xd,0xa,0xe3,
  0xe5,0xef,0xe0,0xf2,0xe8,0xf2,0xd,0xa,0xe3,0xe8,0xef,0xed,0xee,0xe7,0xd,0xa,
  0xe3,0xee,0xf0,0xea,0xee,0xec,0xd,0xa,0xe4,0xe5,0xf0,0xe5,0xe2,0xf3,0xf8,0xea,
  0xe0,0xd,0xa,0xe4,0xe8,0xf1,0xef,0xe5,0xf2,0xf7,0xe5,0xf0,0xd,0xa,0xe4,0xee,
  0xf1,0xf2,0xee,0xff,0xed,0xe8,0xe5,0xd,0xa,0xe4,0xee,0xf6,0xe5,0xed,0xf2,0xd,
  0xa,0xe7,0xe0,0xe2,0xe5,0xf1,0xe0,0xd,0xa,0xe7,0xe2,0xe5,0xe7,0xe4,0xee,0xeb,
  0xe5,0xf2,0xd,0xa,0xea,0xe5,0xf4,0xe8,0xf0,0xd,0xa,0xea,0xee,0xe6,0xf3,0xf5,
  0xd,0xa,0xea,0xf0,0xe0,0xf5,0xd,0xa,0xea,0xf0,0xe5,0xf2,0xe8,0xed,0xd,0xa,
  0xec,0xe8,0xf0,0xee,0xe2,0xee,0xe7,0xe7,0xf0,0xe5,0xed,0xe8,0xe5,0xd,0xa,0xef,
  0xeb,0xe0,0xed,0xe8,0xf0,0xee,0xe2,0xe0,0xed,0xe8,0xe5,0xd,0xa,0xef,0xf0,0xe8,
  0xe2,0xe0,0xf2,0xe8,0xe7,0xe0,0xf6,0xe8,0xff,0xd,0xa,0xef,0xf3,0xf8,0xea,0xe0,
  0xd,0xa,0xf1,0xe5,0xf0,0xfc,0xe5,0xe7,0xed,0xee,0xf1,0xf2,0xfc,0xd,0xa,0xf2,
  0xe8,0xed,0xe0,0xd,0xa,0xf2,0xf0,0xee,0xef,0xea,0xe0,0xd,0xa,0xf3,0xe1,0xfb,
  0xf2,0xee,0xea,0xd,0xa,0xff,0xf9,0xe5,0xf0,0xe8,0xf6,0xe0,0xd,0xa,0xe7,0xe0,
  0xe2,0xe0,0xeb,0xd,0xa,0xeb,0xe8,0xea,0xe2,0xe8,0xe4,0xe0,0xf6,0xe8,0xff,0xd,
  0xa,0xec,0xe5,0xf2,0xeb,0xe0,0xd,0xa,0xee,0xf1,0xe2,0xe5,0xf9,0xe5,0xed,0xe8,
  0xe5,0xd,0xa,0xef,0xe0,0xe9,0xea,0xe0,0xd,0xa,0xef,0xeb,0xe0,0xf1,0xf2,0xd,
  0xa,0xef,0xee,0xef,0xf3,0xeb,0xff,0xf0,0xed,0xee,0xf1,0xf2,0xfc,0xd,0xa,0xef,
  0xf0,0xe5,0xe4,0xeb,0xee,0xe3,0xd,0xa,0xef,0xf0,0xee,0xef,0xe8,0xf1,0xea,0xe0,
  0xd,0xa,0xf0,0xe0,0xe4,0xf3,0xe3,0xe0,0xd,0xa,0xf1,0xea,0xe2,0xe5,0xf0,0xd,
  0xa,0xf2,0xe0,0xed,0xea,0xe8,0xf1,0xf2,0xd,0xa,0xf6,0xe8,0xeb,0xe8,0xed,0xe4,
  0xf0,0xd,0xa,0xe0,0xe1,0xe1,0xf0,0xe5,0xe2,0xe8,0xe0,0xf2,0xf3,0xf0,0xe0,0xd,
  0xa,0xe0,0xe1,0xe8,0xf2,0xf3,0xf0,0xe8,0xe5,0xed,0xf2,0xd,0xa,0xe0,0xeb,0xfc,
  0xe1,0xe0,0xf2,0xf0,0xee,0xf1,0xd,0xa,0xe0,0xed,0xe0,0xf5,0xf0,0xee,0xed,0xe8,
  0xe7,0xec,0xd,0xa,0xe0,0xef,0xee,0xea,0xf0,0xe8,0xf4,0xd,0xa,0xe0,0xf0,0xe0,
  0xe2,0xe8,0xff,0xd,0xa,0xe0,0xf0,0xeb,0xe5,0xea,0xe8,0xed,0xd,0xa,0xe0,0xf0,
  0xf2,0xef,0xee,0xe4,0xe3,0xee,0xf2,0xee,0xe2,0xea,0xe0,0xd,0xa,0xe0,0xf4,0xf0,
  0xe8,0xea,0xe0,0xed,0xe5,0xf6,0xd,0xa,0xe1,0xe0,0xeb,0xe0,0xf5,0xee,0xed,0xf6,
  0xe5,0xe2,0xd,0xa,0xe1,0xe0,0xf0,0xea,0xe0,0xf1,0xd,0xa,0xe1,0xe5,0xe3,0xeb,
  0xfb,0xe9,0xd,0xa,0xe1,0xe5,0xe7,0xe2,0xea,0xf3,0xf1,0xe8,0xf6,0xe0,0xd,0xa,
  0xe1,0xe5,0xe7,0xe4,0xe5,0xff,0xf2,0xe5,0xeb,0xfc,0xed,0xee,0xf1,0xf2,0xfc,0xd,
  0xa,0xe1,0xe5,0xed,0xe7,0xee,0xe2,0xee,0xe7,0xd,0xa,0xe1,0xe8,0xe3,0xf3,0xe4,
  0xe8,0xd,0xa,0xe1,0xee,0xe3,0xee,0xe8,0xf1,0xea,0xe0,0xf2,0xe5,0xeb,0xfc,0xd,
  0xa,0xe1,0xee,0xe5,0xea,0xee,0xec,0xef,0xeb,0xe5,0xea,0xf2,0xd,0xa,0xe1,0xee,
  0xe5,0xf1,0xef,0xee,0xf1,0xee,0xe1,0xed,0xee,0xf1,0xf2,0xfc,0xd,0xa,0xe1,0xee,
  0xe6,0xee,0xea,0xd,0xa,0xe1,0xee,0xf0,0xec,0xee,0xf2,0xe0,0xed,0xfc,0xe5,0xd,
  0xa,0xe1,0xf0,0xe0,0xe2,0xe0,0xe4,0xe0,0xd,0xa,0xe1,0xf0,0xee,0xed,0xf2,0xee,
  0xe7,0xe0,0xe2,0xf0,0xd,0xa,0xe1,0xf0,0xee,0xf8,0xfe,0xf0,0xea,0xe0,0xd,0xa,
  0xe1,0xf0,0xf3,0xf1,0xf7,0xe0,0xf2,0xea,0xe0,0xd,0xa,0xe1,0xf3,0xf5,0xe0,0xf0,
  0xe0,0xd,0xa,0xe2,0xe7,0xf0,0xfb,0xe2,0xed,0xe8,0xea,0xd,0xa,0xe2,0xe8,0xed,
  0xed,0xe8,0xf6,0xe0,0xd,0xa,0xe2,0xe8,0xf8,0xe5,0xed,0xea,0xe0,0xd,0xa,0xe2,
  0xee,0xeb,0xfc,0xe5,0xf0,0xe0,0xd,0xa,0xe2,0xf1,0xf2,0xe0,0xe2,0xea,0xe0,0xd,
  0xa,0xe2,0xfb,0xf0,0xe0,0xf9,0xe8,0xe2,0xe0,0xed,0xe8,0xe5,0xd,0xa,0xe2,0xff,
  0xe7,0xe0,0xed,0xfc,0xe5,0xd,0xa,0xe2,0xff,0xf2,0xea,0xe0,0xd,0xa,0xe3,0xe0,
  0xe7,0xe5,0xf2,0xe5,0xed,0xea,0xe0,0xd,0xa,0xe3,0xe8,0xe4,0xf0,0xee,0xf1,0xf2,
  0xe0,0xed,0xf6,0xe8,0xff,0xd,0xa,0xe3,0xe8,0xeb,0xfc,0xee,0xf2,0xe8,0xed,0xe0,
  0xd,0xa,0xe3,0xee,0xeb,0xf3,0xe1,0xff,0xf2,0xed,0xe8,0xea,0xd,0xa,0xe3,0xee,
  0xec,0xe8,0xea,0xd,0xa,0xe3,0xee,0xf1,0xef,0xeb,0xe0,0xed,0xd,0xa,0xe3,0xee,
  0xf1,0xf2,0xd,0xa,0xe3,0xf0,0xe0,0xed,0xe0,0xf2,0xee,0xec,0xe5,0xf2,0xf7,0xe8,
  0xea,0xd,0xa,0xe3,0xf0,0xe5,0xed,0xeb,0xe0,0xed,0xe4,0xe8,0xff,0xd,0xa,0xe3,
  0xf0,0xe8,0xf4,0xee,0xed,0xd,0xa,0xe4,0xe0,0xee,0xf1,0xd,0xa,0xe4,0xe5,0xe4,
  0xf3,0xeb,0xff,0xd,0xa,0xe4,0xe5,0xeb,0xe5,0xe6,0xea,0xe0,0xd,0xa,0xe4,0xe8,
  0xf1,0xea,0xf0,0xe5,0xe4,0xe8,0xf2,0xe0,0xf6,0xe8,0xff,0xd,0xa,0xe4,0xe8,0xf1,
  0xf1,0xee,0xed,0xe0,0xed,0xf1,0xd,0xa,0xe4,0xe8,0xf4,0xf4,0xe5,0xf0,0xe5,0xed,
  0xf6,0xe8,0xe0,0xf6,0xe8,0xff,0xd,0xa,0xe4,0xeb,0xe0,0xed,0xfc,0xd,0xa,0xe4,
  0xee,0xe1,0xf0,0xee,0xf5,0xee,0xf2,0xd,0xa,0xe4,0xee,0xeb,0xe3,0xee,0xe6,0xe8,
  0xf2,0xe5,0xeb,0xfc,0xd,0xa,0xe4,0xee,0xeb,0xee,0xf2,0xee,0xd,0xa,0xe4,0xee,
  0xed,0xfc,0xff,0xd,0xa,0xe4,0xf0,0xe5,0xf1,0xf1,0xe8,0xf0,0xee,0xe2,0xea,0xe0,
  0xd,0xa,0xe7,0xe0,0xe1,0xf0,0xe0,0xeb,0xee,0xd,0xa,0xe7,0xe0,0xea,0xee,0xeb,
  0xea,0xe0,0xd,0xa,0xe7,0xe0,0xea,0xf0,0xe5,0xef,0xeb,0xe5,0xed,0xe8,0xe5,0xd,
  0xa,0xe7,0xe0,0xec,0xee,0xf0,0xfb,0xf8,0xd,0xa,0xe7,0xe0,0xf7,0xe0,0xf2,0xee,
  0xea,0xd,0xa,0xe7,0xe5,0xe2,0xe0,0xd,0xa,0xe7,0xe5,0xec,0xeb,0xe5,0xea,0xee,
  0xef,0xd,0xa,0xe7,0xe8,0xed,0xee,0xe2,0xfc,0xe5,0xe2,0xe8,0xf7,0xd,0xa,0xe7,
  0xed,0xe0,0xec,0xe5,0xed,0xe0,0xf2,0xe5,0xeb,0xfc,0xd,0xa,0xe8,0xed,0xe4,0xee,
  0xed,0xe5,0xe7,0xe8,0xff,0xd,0xa,0xe8,0xf1,0xea,0xf3,0xf1,0xe8,0xf2,0xe5,0xeb,
  0xfc,0xd,0xa,0xe8,0xf2,0xe0,0xeb,0xfc,0xff,0xed,0xea,0xe0,0xd,0xa,0xe8,0xf9,
  0xe5,0xe9,0xea,0xe0,0xd,0xa,0xea,0xe0,0xe1,0xe0,0xeb,0xe0,0xd,0xa,0xea,0xe0,
  0xe5,0xec,0xea,0xe0,0xd,0xa,0xea,0xe0,0xe8,0xf0,0xd,0xa,0xea,0xe0,0xeb,0xfc,
  0xea,0xf3,0xf2,0xf2,0xe0,0xd,0xa,0xea,0xe0,0xed,0xfc,0xee,0xed,0xd,0xa,0xea,
  0xe0,0xf0,0xe5,0xd,0xa,0xea,0xe0,0xf1,0xf2,0xe5,0xeb,0xff,0xed,0xf8,0xe0,0xd,
  0xa,0xea,0xe5,0xf0,0xe0,0xf2,0xe8,0xf2,0xd,0xa,0xea,0xe5,0xf0,0xee,0xf1,0xe8,
  0xed,0xea,0xe0,0xd,0xa,0xea,0xeb,0xe5,0xe2,0xe5,0xf2,0xed,0xe8,0xea,0xd,0xa,
  0xea,0xeb,0xf3,0xed,0xff,0xd,0xa,0xea,0xee,0xed,0xe2,0xe5,0xf0,0xf2,0xe8,0xea,
  0xd,0xa,0xea,0xee,0xf0,0xec,0xf7,0xe8,0xe9,0xd,0xa,0xea,0xee,0xf0,0xf1,0xe0,
  0xf0,0xd,0xa,0xea,0xee,0xf7,0xe5,0xe2,0xfc,0xe5,0xd,0xa,0xea,0xee,0xf8,0xd,
  0xa,0xea,0xf0,0xe0,0xf1,0xe8,0xe2,0xee,0xf1,0xf2,0xfc,0xd,0xa,0xea,0xf0,0xe5,
  0xf1,0xf2,0xee,0xe2,0xf1,0xea,0xe8,0xe9,0xd,0xa,0xea,0xf0,0xee,0xed,0xf8,0xf2,
  0xe5,0xe9,0xed,0xd,0xa,0xea,0xf0,0xf3,0xe3,0xee,0xe2,0xe5,0xf0,0xf2,0xfc,0xd,
  0xa,0xea,0xf3,0xeb,0xee,0xed,0xd,0xa,0xeb,0xe0,0xf2,0xe8,0xed,0xee,0xe0,0xec,
  0xe5,0xf0,0xe8,0xea,0xe0,0xed,0xe5,0xf6,0xd,0xa,0xeb,0xe5,0xe2,0xee,0xec,0xe8,
  0xf6,0xe5,0xf2,0xe8,0xed,0xd,0xa,0xeb,0xe5,0xe9,0xef,0xf6,0xe8,0xe3,0xd,0xa,
  0xeb,0xe5,0xed,0xee,0xf1,0xf2,0xfc,0xd,0xa,0xeb,0xe5,0xef,0xf2,0xe0,0xd,0xa,
  0xeb,0xe8,0xf2,0xe2,0xe0,0xea,0xd,0xa,0xeb,0xee,0xe2,0xea,0xe0,0xf7,0xd,0xa,
  0xeb,0xee,0xec,0xee,0xed,0xee,0xf1,0xd,0xa,0xeb,0xf3,0xea,0xee,0xe2,0xea,0xe0,
  0xd,0xa,0xeb,0xf3,0xf5,0xd,0xa,0xec,0xe0,0xe3,0xed,0xe5,0xe7,0xe8,0xff,0xd,
  0xa,0xec,0xe0,0xea,0xe0,0xea,0xe0,0xd,0xa,0xec,0xe0,0xed,0xed,0xe0,0xd,0xa,
  0xec,0xe5,0xf1,0xf2,0xee,0xef,0xee,0xeb,0xee,0xe6,0xe5,0xed,0xe8,0xe5,0xd,0xa,
  0xec,0xe7,0xe4,0xe0,0xd,0xa,0xec,0xe8,0xec,0xd,0xa,0xec,0xe8,0xec,0xe8,0xea,
  0xf0,0xe8,0xff,0xd,0xa,0xec,0xe8,0xf0,0xee,0xee,0xf9,0xf3,0xf9,0xe5,0xed,0xe8,
  0xe5,0xd,0xa,0xec,0xee,0xed,0xe0,0xf8,0xe5,0xea,0xd,0xa,0xec,0xee,0xed,0xf2,
  0xe0,0xe6,0xed,0xe8,0xea,0xd,0xa,0xec,0xee,0xf0,0xe0,0xeb,0xe8,0xf1,0xf2,0xd,
  0xa,0xec,0xf3,0xe7,0xfb,0xea,0xee,0xe2,0xe5,0xe4,0xd,0xa,0xec,0xf3,0xed,0xe8,
  0xf6,0xe8,0xef,0xe0,0xeb,0xe8,0xf2,0xe5,0xf2,0xd,0xa,0xec,0xf3,0xf0,0xe0,0xf8,
  0xe5,0xe2,0xd,0xa,0xec,0xf3,0xf5,0xee,0xec,0xee,0xf0,0xd,0xa,0xed,0xe0,0xe4,
  0xe0,0xe2,0xeb,0xe8,0xe2,0xe0,0xed,0xe8,0xe5,0xd,0xa,0xed,0xe0,0xf0,0xee,0xe4,
  0xe8,0xf8,0xea,0xee,0xd,0xa,0xed,0xe0,0xf0,0xee,0xf1,0xf2,0xd,0xa,0xed,0xe0,
  0xf2,0xf3,0xf0,0xe0,0xeb,0xe8,0xf1,0xf2,0xd,0xa,0xed,0xe5,0xe2,0xf0,0xe0,0xf1,
  0xf2,0xe5,0xed,0xe8,0xea,0xd,0xa,0xed,0xe5,0xf0,0xff,0xf5,0xe0,0xd,0xa,0xed,
  0xe5,0xf3,0xe2,0xff,0xe7,0xea,0xe0,0xd,0xa,0xed,0xe5,0xf3,0xf0,0xee,0xe6,0xe0,
  0xe9,0xd,0xa,0xed,0xe8,0xe3,0xe8,0xeb,0xe8,0xe7,0xec,0xd,0xa,0xed,0xee,0xf1,
  0xee,0xe2,0xee,0xe9,0xd,0xa,0xee,0xe0,0xee,0xd,0xa,0xee,0xe1,0xee,0xeb,0xf2,
  0xf3,0xf1,0xd,0xa,0xee,0xea,0xee,0xe2,0xe0,0xd,0xa,0xee,0xeb,0xe0,0xe4,0xfc,
  0xff,0xd,0xa,0xee,0xeb,0xe5,0xed,0xe8,0xed,0xe0,0xd,0xa,0xee,0xef,0xee,0xf0,
  0xee,0xe6,0xed,0xe5,0xed,0xe8,0xe5,0xd,0xa,0xee,0xef,0xef,0xee,0xe7,0xe8,0xf6,
  0xe8,0xee,0xed,0xe5,0xf0,0xd,0xa,0xee,0xef,0xf3,0xf1,0xf2,0xee,0xf8,0xe5,0xed,
  0xe8,0xe5,0xd,0xa,0xee,0xf0,0xee,0xf8,0xe5,0xed,0xe8,0xe5,0xd,0xa,0xee,0xf1,
  0xff,0xe7,0xe0,0xed,0xe8,0xe5,0xd,0xa,0xee,0xf2,0xe7,0xfb,0xe2,0xf7,0xe8,0xe2,
  0xee,0xf1,0xf2,0xfc,0xd,0xa,0xee,0xf2,0xf0,0xe0,0xe1,0xee,0xf2,0xea,0xe0,0xd,
  0xa,0xee,0xf2,0xf3,0xef,0xe5,0xed,0xe8,0xe5,0xd,0xa,0xee,0xf5,0xe8,0xd,0xa,
  0xef,0xe0,0xed,0xf7,0xe5,0xed,0xea,0xee,0xd,0xa,0xef,0xe0,0xf0,0xe5,0xe7,0xd,
  0xa,0xef,0xe0,0xf6,0xe8,0xf4,0xe8,0xf1,0xf2,0xd,0xa,0xef,0xe0,0xf8,0xea,0xe8,
  0xed,0xd,0xa,0xef,0xe5,0xf0,0xe2,0xee,0xef,0xf0,0xee,0xf5,0xee,0xe4,0xe5,0xf6,
  0xd,0xa,0xef,0xe5,0xf0,0xe5,0xe4,0xee,0xe7,0xe8,0xf0,0xee,0xe2,0xea,0xe0,0xd,
  0xa,0xef,0xe5,0xf0,0xe5,0xe8,0xe7,0xe4,0xe0,0xed,0xe8,0xe5,0xd,0xa,0xef,0xe5,
  0xf0,0xe5,0xea,0xee,0xf1,0xd,0xa,0xef,0xe5,0xf0,0xe5,0xef,0xeb,0xe5,0xf2,0xf7,
  0xe8,0xea,0xd,0xa,0xef,0xe5,0xf1,0xed,0xee,0xef,0xe5,0xed,0xe8,0xe5,0xd,0xa,
  0xef,0xe8,0xe3,0xe0,0xeb,0xe8,0xf6,0xe0,0xd,0xa,0xef,0xee,0xe4,0xe2,0xe8,0xe6,
  0xed,0xe8,0xea,0xd,0xa,0xef,0xee,0xe4,0xef,0xe8,0xf2,0xe8,0xe5,0xd,0xa,0xef,
  0xee,0xe4,0xf1,0xef,0xee,0xf0,0xfc,0xe5,0xd,0xa,0xef,0xee,0xeb,0xe8,0xf1,0xd,
  0xa,0xef,0xee,0xeb,0xe8,0xf2,0xee,0xeb,0xee,0xe3,0xd,0xa,0xef,0xee,0xeb,0xf3,
  0xf3,0xeb,0xfb,0xe1,0xea,0xe0,0xd,0xa,0xef,0xee,0xec,0xe5,0xf0,0xe0,0xed,0xe5,
  0xf6,0xd,0xa,0xef,0xee,0xec,0xe5,0xf9,0xe8,0xf6,0xe0,0xd,0xa,0xef,0xee,0xec,
  0xe8,0xeb,0xee,0xe2,0xe0,0xed,0xe8,0xe5,0xd,0xa,0xef,0xee,0xef,0xf0,0xee,0xf8,
  0xe0,0xe9,0xea,0xe0,0xd,0xa,0xef,0xee,0xef,0xf3,0xf1,0xf2,0xe8,0xf2,0xe5,0xeb,
  0xfc,0xf1,0xf2,0xe2,0xee,0xd,0xa,0xef,0xee,0xf0,0xea,0xe0,0xd,0xa,0xef,0xee,
  0xf1,0xeb,0xe5,0xe4,0xd,0xa,0xef,0xee,0xf2,0xe5,0xef,0xeb,0xe5,0xed,0xe8,0xe5,
  0xd,0xa,0xef,0xee,0xf2,0xf0,0xe5,0xf1,0xea,0xe8,0xe2,0xe0,0xed,0xe8,0xe5,0xd,
  0xa,0xef,0xf0,0xe0,0xea,0xf2,0xe8,0xea,0xe0,0xed,0xf2,0xea,0xe0,0xd,0xa,0xef,
  0xf0,0xe5,0xeb,0xfe,0xe4,0xe8,0xff,0xd,0xa,0xef,0xf0,0xe8,0xf1,0xeb,0xf3,0xe6,
  0xed,0xe8,0xf6,0xe0,0xd,0xa,0xef,0xf0,0xe8,0xf1,0xf2,0xf3,0xef,0xee,0xea,0xd,
  0xa,0xef,0xf0,0xe8,0xf2,0xff,0xe3,0xe0,0xf2,0xe5,0xeb,0xfc,0xed,0xee,0xf1,0xf2,
  0xfc,0xd,0xa,0xef,0xf0,0xe8,0xff,0xe7,0xed,0xfc,0xd,0xa,0xef,0xf0,0xee,0xe2,
  0xee,0xe7,0xe3,0xeb,0xe0,0xf8,0xe5,0xed,0xe8,0xe5,0xd,0xa,0xef,0xf0,0xee,0xf0,
  0xe8,0xf6,0xe0,0xf2,0xe5,0xeb,0xfc,0xd,0xa,0xef,0xf0,0xee,0xf4,0xe5,0xf1,0xf1,
  0xf3,0xf0,0xe0,0xd,0xa,0xef,0xf3,0xeb,0xfc,0xf1,0xe0,0xf2,0xe8,0xeb,0xeb,0xe0,
  0xd,0xa,0xef,0xf3,0xec,0xe0,0xd,0xa,0xef,0xf3,0xf8,0xea,0xe8,0xed,0xe0,0xd,
  0xa,0xf0,0xe0,0xe1,0xee,0xe2,0xeb,0xe0,0xe4,0xe5,0xeb,0xe5,0xf6,0xd,0xa,0xf0,
  0xe0,0xe7,0xe2,0xf0,0xe0,0xf2,0xed,0xe8,0xea,0xd,0xa,0xf0,0xe0,0xf0,0xe8,0xf2,
  0xe5,0xf2,0xd,0xa,0xf0,0xe0,0xf1,0xf7,0xe8,0xf1,0xf2,0xea,0xe0,0xd,0xa,0xf0,
  0xe0,0xf6,0xe8,0xee,0xed,0xe0,0xeb,0xe8,0xe7,0xe0,0xf6,0xe8,0xff,0xd,0xa,0xf0,
  0xe5,0xe9,0xf5,0xf1,0xf2,0xe0,0xe3,0xd,0xa,0xf0,0xe5,0xec,0xee,0xed,0xf2,0xed,
  0xe8,0xea,0xd,0xa,0xf0,0xe5,0xf4,0xf0,0xe0,0xea,0xf6,0xe8,0xff,0xd,0xa,0xf0,
  0xee,0xe4,0xf1,0xf2,0xe2,0xe5,0xed,0xed,0xe8,0xf7,0xe5,0xea,0xd,0xa,0xf0,0xf3,
  0xe4,0xee,0xeb,0xfc,0xf4,0xd,0xa,0xf0,0xfb,0xeb,0xfc,0xf6,0xe5,0xd,0xa,0xf1,
  0xe0,0xe2,0xe0,0xed,0xd,0xa,0xf1,0xe0,0xec,0xee,0xe2,0xee,0xf1,0xef,0xf0,0xee,
  0xe8,0xe7,0xe2,0xee,0xe4,0xf1,0xf2,0xe2,0xee,0xd,0xa,0xf1,0xe1,0xee,0xf0,0xf9,
  0xe8,0xea,0xd,0xa,0xf1,0xe2,0xe0,0xed,0xe8,0xe4,0xe7,0xe5,0xd,0xa,0xf1,0xe2,
  0xff,0xf2,0xe8,0xeb,0xe8,0xf9,0xe5,0xd,0xa,0xf1,0xe5,0xec,0xe8,0xeb,0xe5,0xf2,
  0xea,0xe0,0xd,0xa,0xf1,0xe5,0xf0,0xe1,0xd,0xa,0xf1,0xe8,0xec,0xef,0xf2,0xee,
  0xec,0xe0,0xf2,0xe8,0xea,0xe0,0xd,0xa,0xf1,0xe8,0xed,0xee,0xef,0xf2,0xe8,0xea,
  0xd,0xa,0xf1,0xe8,0xed,0xfc,0xea,0xe0,0xd,0xa,0xf1,0xea,0xe0,0xe7,0xd,0xa,
  0xf1,0xea,0xeb,0xe0,0xe4,0xee,0xf7,0xea,0xe0,0xd,0xa,0xf1,0xea,0xee,0xf0,0xed,
  0xff,0xea,0xd,0xa,0xf1,0xeb,0xe0,0xe1,0xe8,0xed,0xe0,0xd,0xa,0xf1,0xeb,0xe5,
  0xf2,0xd,0xa,0xf1,0xeb,0xee,0xec,0xd,0xa,0xf1,0xed,0xe5,0xe3,0xee,0xe2,0xe8,
  0xea,0xd,0xa,0xf1,0xee,0xe0,0xe2,0xf2,0xee,0xf0,0xf1,0xf2,0xe2,0xee,0xd,0xa,
  0xf1,0xee,0xe6,0xe8,0xf2,0xe5,0xeb,0xfc,0xed,0xe8,0xf6,0xe0,0xd,0xa,0xf1,0xee,
  0xf7,0xe8,0xed,0xe8,0xf2,0xe5,0xeb,0xfc,0xf1,0xf2,0xe2,0xee,0xd,0xa,0xf1,0xef,
  0xf0,0xe0,0xe2,0xee,0xf7,0xea,0xe0,0xd,0xa,0xf1,0xef,0xf0,0xe8,0xed,0xf6,0xe5,
  0xe2,0xe0,0xed,0xe8,0xe5,0xd,0xa,0xf1,0xf2,0xe5,0xf0,0xeb,0xff,0xe4,0xfc,0xd,
  0xa,0xf2,0xe0,0xe5,0xf6,0xd,0xa,0xf2,0xe0,0xeb,0xe8,0xe1,0xd,0xa,0xf2,0xe0,
  0xf0,0xef,0xe8,0xf9,0xe5,0xe2,0xd,0xa,0xf2,0xe5,0xeb,0xe5,0xef,0xf0,0xee,0xe3,
  0xf0,0xe0,0xec,0xec,0xe0,0xd,0xa,0xf2,0xe5,0xeb,0xe5,0xf1,0xed,0xee,0xf1,0xf2,
  0xfc,0xd,0xa,0xf2,0xe5,0xed,0xed,0xe8,0xf1,0xe8,0xf1,0xf2,0xd,0xa,0xf2,0xe5,
  0xf5,0xe0,0xf1,0xe5,0xf6,0xd,0xa,0xf2,0xe8,0xed,0xea,0xf2,0xf3,0xf0,0xe0,0xd,
  0xa,0xf2,0xf0,0xe0,0xed,0xe7,0xe8,0xf2,0xd,0xa,0xf2,0xf0,0xe5,0xe1,0xe0,0xd,
  0xa,0xf2,0xf0,0xf3,0xf2,0xe5,0xed,0xfc,0xd,0xa,0xf3,0xe3,0xee,0xed,0xf9,0xe8,
  0xea,0xd,0xa,0xf3,0xe4,0xe0,0xe2,0xea,0xe0,0xd,0xa,0xf3,0xe7,0xe0,0xd,0xa,
  0xf3,0xed,0xe8,0xe2,0xe5,0xf0,0xf1,0xe0,0xeb,0xd,0xa,0xf3,0xef,0xf0,0xf3,0xe3,
  0xee,0xf1,0xf2,0xfc,0xd,0xa,0xf4,0xe8,0xe7,0xe8,0xee,0xf2,0xe5,0xf0,0xe0,0xef,
  0xe8,0xff,0xd,0xa,0xf4,0xee,0xf0,0xf1,0xd,0xa,0xf5,0xe0,0xeb,0xf2,0xf3,0xf0,
  0xf9,0xe8,0xea,0xd,0xa,0xf5,0xe0,0xf0,0xf7,0xee,0xd,0xa,0xf5,0xee,0xf5,0xee,
  0xf2,0xf3,0xf8,0xea,0xe0,0xd,0xa,0xf6,0xe5,0xeb,0xe5,0xf3,0xf1,0xf2,0xf0,0xe5,
  0xec,0xeb,0xe5,0xed,0xed,0xee,0xf1,0xf2,0xfc,0xd,0xa,0xf7,0xe0,0xf7,0xe0,0xd,
  0xa,0xf7,0xe5,0xeb,0xee,0xf7,0xea,0xe0,0xd,0xa,0xf7,0xe5,0xeb,0xff,0xe1,0xe8,
  0xed,0xf1,0xea,0xd,0xa,0xf7,0xe5,0xf0,0xe5,0xf8,0xed,0xff,0xd,0xa,0xf7,0xe5,
  0xf0,0xf2,0xe5,0xed,0xee,0xea,0xd,0xa,0xf7,0xeb,0xe5,0xed,0xf1,0xf2,0xe2,0xee,
  0xd,0xa,0xf7,0xf3,0xe4,0xe8,0xea,0xd,0xa,0xf7,0xf3,0xf0,0xe1,0xe0,0xea,0xd,
  0xa,0xf8,0xeb,0xff,0xe3,0xe5,0xf0,0xd,0xa,0xf9,0xe5,0xeb,0xea,0xf3,0xed,0xd,
  0xa,0xfd,0xeb,0xeb,0xe0,0xe4,0xe0,0xd,0xa,0xfd,0xed,0xf2,0xee,0xed,0xe8,0xd,
  0xa,0xff,0xe1,0xeb,0xee,0xf7,0xed,0xe8,0xea,0xd,0xa,0xe1,0xe0,0xf2,0xe5,0xed,
  0xfc,0xea,0xe0,0xd,0xa,0xe1,0xe5,0xe3,0xee,0xf2,0xed,0xff,0xd,0xa,0xe1,0xf3,
  0xe4,0xe0,0xef,0xe5,0xf8,0xf2,0xd,0xa,0xe2,0xe8,0xf0,0xe0,0xe6,0xd,0xa,0xe2,
  0xfb,0xef,0xe0,0xe4,0xe5,0xed,0xe8,0xe5,0xd,0xa,0xe3,0xe5,0xee,0xec,0xe5,0xf2,
  0xf0,0xe8,0xff,0xd,0xa,0xe4,0xe5,0xe2,0xf7,0xf3,0xf8,0xea,0xe0,0xd,0xa,0xe4,
  0xe8,0xe0,0xe3,0xed,0xee,0xf1,0xf2,0xe8,0xea,0xe0,0xd,0xa,0xe4,0xe8,0xf1,0xef,
  0xf3,0xf2,0xd,0xa,0xe4,0xee,0xec,0xe8,0xf8,0xea,0xee,0xd,0xa,0xe4,0xf3,0xf0,
  0xe5,0xed,0xfc,0xd,0xa,0xe6,0xe5,0xf1,0xf2,0xff,0xed,0xea,0xe0,0xd,0xa,0xe7,
  0xe0,0xe1,0xfb,0xf2,0xfc,0xe5,0xd,0xa,0xe7,0xe0,0xef,0xf7,0xe0,0xf1,0xf2,0xfc,
  0xd,0xa,0xe7,0xe5,0xeb,0xfc,0xe5,0xd,0xa,0xe7,0xed,0xe0,0xea,0xee,0xec,0xe5,
  0xf6,0xd,0xa,0xe8,0xe7,0xeb,0xe5,0xf7,0xe5,0xed,0xe8,0xe5,0xd,0xa,0xea,0xee,
  0xf7,0xe5,0xe3,0xe0,0xf0,0xd,0xa,0xea,0xf0,0xe0,0xf1,0xe0,0xd,0xa,0xea,0xf0,
  0xe5,0xe2,0xe5,0xf2,0xea,0xe0,0xd,0xa,0xea,0xf3,0xeb,0xe0,0xf7,0xee,0xea,0xd,
  0xa,0xeb,0xff,0xe6,0xea,0xe0,0xd,0xa,0xec,0xe0,0xea,0xe5,0xf2,0xd,0xa,0xec,
  0xe0,0xeb,0xfc,0xf7,0xf3,0xe3,0xe0,0xed,0xd,0xa,0xec,0xe5,0xe4,0xe0,0xeb,0xfc,
  0xee,0xed,0xd,0xa,0xec,0xe8,0xeb,0xee,0xea,0xd,0xa,0xed,0xe0,0xe8,0xec,0xe5,
  0xed,0xee,0xe2,0xe0,0xed,0xe8,0xe5,0xd,0xa,0xed,0xe0,0xf0,0xe0,0xf1,0xf2,0xe0,
  0xed,0xe8,0xe5,0xd,0xa,0xee,0xe1,0xfc,0xd,0xa,0xee,0xe7,0xe0,0xe1,0xee,0xf7,
  0xe5,0xed,0xed,0xee,0xf1,0xf2,0xfc,0xd,0xa,0xef,0xe5,0xe4,0xe5,0xf0,0xe0,0xf1,
  0xf2,0xd,0xa,0xef,0xe5,0xef,0xe5,0xeb,0xe8,0xf9,0xe5,0xd,0xa,0xef,0xe5,0xf0,
  0xe5,0xe2,0xff,0xe7,0xea,0xe0,0xd,0xa,0xef,0xe5,0xf0,0xe5,0xe4,0xe5,0xeb,0xea,
  0xe0,0xd,0xa,0xef,0xe8,0xe4,0xe6,0xe0,0xf7,0xee,0xea,0xd,0xa,0xef,0xeb,0xe5,
  0xf8,0xfc,0xd,0xa,0xef,0xee,0xe4,0xee,0xe7,0xf0,0xe8,0xf2,0xe5,0xeb,0xfc,0xed,
  0xee,0xf1,0xf2,0xfc,0xd,0xa,0xef,0xee,0xe4,0xf1,0xeb,0xe5,0xe4,0xf1,0xf2,0xe2,
  0xe5,0xed,0xed,0xfb,0xe9,0xd,0xa,0xef,0xee,0xea,0xf0,0xee,0xe9,0xd,0xa,0xef,
  0xee,0xf0,0xf2,0xf3,0xef,0xe5,0xff,0xd,0xa,0xef,0xee,0xf1,0xf3,0xe4,0xe8,0xed,
  0xe0,0xd,0xa,0xef,0xee,0xff,0xf1,0xed,0xe5,0xed,0xe8,0xe5,0xd,0xa,0xef,0xf0,
  0xe5,0xe4,0xe2,0xea,0xf3,0xf8,0xe5,0xed,0xe8,0xe5,0xd,0xa,0xef,0xf0,0xe5,0xe4,
  0xee,0xf1,0xf2,0xee,0xf0,0xee,0xe6,0xed,0xee,0xf1,0xf2,0xfc,0xd,0xa,0xef,0xf0,
  0xe5,0xe8,0xf1,0xef,0xee,0xe4,0xed,0xff,0xff,0xd,0xa,0xef,0xf0,0xee,0xeb,0xee,
  0xe3,0xd,0xa,0xef,0xf0,0xee,0xf4,0xe5,0xf1,0xf1,0xe8,0xee,0xed,0xe0,0xeb,0xe8,
  0xe7,0xec,0xd,0xa,0xf0,0xe0,0xe7,0xe4,0xf0,0xe0,0xe6,0xe8,0xf2,0xe5,0xeb,0xfc,
  0xed,0xee,0xf1,0xf2,0xfc,0xd,0xa,0xf0,0xe0,0xea,0xe5,0xf2,0xee,0xe4,0xf0,0xee,
  0xec,0xd,0xa,0xf0,0xe5,0xe0,0xed,0xe8,0xec,0xe0,0xf6,0xe8,0xff,0xd,0xa,0xf0,
  0xe5,0xe7,0xee,0xed,0xd,0xa,0xf0,0xe5,0xf6,0xe8,0xe4,0xe8,0xe2,0xd,0xa,0xf0,
  0xee,0xe3,0xe0,0xf2,0xea,0xe0,0xd,0xa,0xf0,0xf3,0xec,0xfb,0xed,0xe8,0xff,0xd,
  0xa,0xf0,0xf3,0xf7,0xee,0xed,0xea,0xe0,0xd,0xa,0xf1,0xe0,0xed,0xea,0xe8,0xd,
  0xa,0xf1,0xe0,0xf0,0xe0,0xf4,0xe0,0xed,0xd,0xa,0xf1,0xe2,0xe5,0xf0,0xf7,0xee,
  0xea,0xd,0xa,0xf1,0xe5,0xe2,0xee,0xea,0xd,0xa,0xf1,0xea,0xe2,0xe5,0xf0,0xe8,
  0xea,0xd,0xa,0xf1,0xea,0xeb,0xe5,0xf0,0xee,0xe7,0xd,0xa,0xf1,0xed,0xe8,0xf1,
  0xf5,0xee,0xe6,0xe4,0xe5,0xed,0xe8,0xe5,0xd,0xa,0xf1,0xed,0xee,0xef,0xd,0xa,
  0xf1,0xee,0xf3,0xf7,0xe0,0xf1,0xf2,0xed,0xe8,0xea,0xd,0xa,0xf1,0xf2,0xe8,0xec,
  0xf3,0xeb,0xd,0xa,0xf1,0xf3,0xe6,0xe5,0xed,0xe8,0xe5,0xd,0xa,0xf1,0xfb,0xe2,
  0xee,0xf0,0xee,0xf2,0xea,0xe0,0xd,0xa,0xf2,0xe0,0xe8,0xed,0xf1,0xf2,0xe2,0xe5,
  0xed,0xed,0xee,0xf1,0xf2,0xfc,0xd,0xa,0xf2,0xe0,0xf0,0xe8,0xf4,0xd,0xa,0xf3,
  0xea,0xee,0xf0,0xe8,0xe7,0xed,0xe0,0xd,0xa,0xf3,0xf2,0xee,0xef,0xe8,0xff,0xd,
  0xa,0xf3,0xf7,0xe0,0xf1,0xf2,0xea,0xee,0xe2,0xfb,0xe9,0xd,0xa,0xf4,0xeb,0xee,
  0xf0,0xe5,0xed,0xf6,0xe8,0xff,0xd,0xa,0xf4,0xf3,0xf2,0xd,0xa,0xf5,0xee,0xf1,
  0xf2,0xd,0xa,0xe1,0xee,0xe4,0xf0,0xee,0xf1,0xf2,0xfc,0xd,0xa,0xe2,0xfb,0xeb,
  0xe5,0xf2,0xd,0xa,0xe3,0xe0,0xe2,0xe0,0xed,0xfc,0xd,0xa,0xe4,0xf3,0xf0,0xee,
  0xf7,0xea,0xe0,0xd,0xa,0xe7,0xe0,0xec,0xe5,0xf8,0xe0,0xf2,0xe5,0xeb,0xfc,0xf1,
  0xf2,0xe2,0xee,0xd,0xa,0xe8,0xe7,0xe4,0xe5,0xe2,0xe0,0xf2,0xe5,0xeb,0xfc,0xf1,
  0xf2,0xe2,0xee,0xd,0xa,0xea,0xee,0xe1,0xe5,0xeb,0xfc,0xd,0xa,0xee,0xea,0xeb,
  0xe0,0xe4,0xd,0xa,0xef,0xeb,0xee,0xf2,0xe8,0xed,0xe0,0xd,0xa,0xef,0xee,0xe4,
  0xe0,0xe2,0xeb,0xe5,0xed,0xe8,0xe5,0xd,0xa,0xef,0xee,0xeb,0xf3,0xf1,0xeb,0xee,
  0xe2,0xee,0xd,0xa,0xf0,0xe0,0xe7,0xfa,0xff,0xf1,0xed,0xe5,0xed,0xe8,0xe5,0xd,
  0xa,0xf0,0xe5,0xf1,0xf2,0xee,0xf0,0xe0,0xed,0xf7,0xe8,0xea,0xd,0xa,0xf0,0xf3,
  0xe4,0xe0,0xd,0xa,0xf0,0xf3,0xe8,0xed,0xe0,0xd,0xa,0xf1,0xf3,0xed,0xe4,0xf3,
  0xf7,0xee,0xea,0xd,0xa,0xf1,0xf3,0xef,0xf0,0xf3,0xe3,0xe0,0xd,0xa,0xf2,0xe0,
  0xf2,0xf3,0xe8,0xf0,0xee,0xe2,0xea,0xe0,0xd,0xa,0xf8,0xe0,0xeb,0xfc,0xd,0xa,
  0xf8,0xe0,0xf0,0xeb,0xe0,0xf2,0xe0,0xed,0xd,0xa,0xf8,0xe8,0xeb,0xee,0xd,0xa,
  0xf8,0xf2,0xf3,0xea,0xe0,0xf2,0xf3,0xf0,0xea,0xe0,0xd,0xa,0xfd,0xed,0xe5,0xf0,
  0xe3,0xe5,0xf2,0xe8,0xea,0xe0,0xd,0xa,0xe1,0xee,0xec,0xe6,0xd,0xa,0xe8,0xe7,
  0xe2,0xe8,0xed,0xe5,0xed,0xe8,0xe5,0xd,0xa,0xea,0xed,0xe8,0xe6,0xe5,0xf7,0xea,
  0xe0,0xd,0xa,0xec,0xe0,0xf2,0xe5,0xec,0xe0,0xf2,0xe8,0xea,0xd,0xa,0xee,0xf5,
  0xe0,0xef,0xea,0xe0,0xd,0xa,0xf0,0xe0,0xf1,0xe0,0xd,0xa,0xf0,0xee,0xf2,0xec,
  0xe8,0xf1,0xf2,0xf0,0xd,0xa,0xf1,0xeb,0xe0,0xe4,0xee,0xf1,0xf2,0xfc,0xd,0xa,
  0xf3,0xe3,0xee,0xeb,0xee,0xe2,0xed,0xe8,0xea,0xd,0xa,0xf3,0xe3,0xee,0xeb,0xee,
  0xe2,0xed,0xfb,0xe9,0xd,0xa,0xf4,0xf1,0xe1,0xd,0xa,0xf5,0xe0,0xed,0xd,0xa,
  0xf8,0xe0,0xf0,0xf4,0xd,0xa,0xf8,0xf2,0xe0,0xec,0xef,0xd,0xa,0xf9,0xe5,0xf2,
  0xea,0xe0,0xd,0xa,0xfd,0xf1,0xf2,0xf0,0xe0,0xe4,0xe0,0xd,0xa,0xe0,0xeb,0xfe,
  0xec,0xe8,0xed,0xe8,0xe9,0xd,0xa,0xe0,0xed,0xe0,0xeb,0xfc,0xe3,0xe8,0xed,0xd,
  0xa,0xe0,0xed,0xf2,0xe8,0xf1,0xe5,0xec,0xe8,0xf2,0xd,0xa,0xe0,0xf0,0xe8,0xf4,
  0xec,0xe5,0xf2,0xe8,0xea,0xd,0xa,0xe0,0xf1,0xf2,0xf0,0xee,0xeb,0xee,0xe3,0xd,
  0xa,0xe1,0xe5,0xf0,0xe5,0xe7,0xea,0xe8,0xed,0xd,0xa,0xe1,0xe5,0xf0,0xe5,0xed,
  0xe4,0xe5,0xe9,0xd,0xa,0xe1,0xe8,0xe2,0xe5,0xed,0xfc,0xd,0xa,0xe1,0xeb,0xe0,
  0xe3,0xee,0xe3,0xee,0xe2,0xe5,0xed,0xe8,0xe5,0xd,0xa,0xe1,0xee,0xeb,0xe0,0xd,
  0xa,0xe1,0xee,0xeb,0xff,0xf7,0xea,0xe0,0xd,0xa,0xe1,0xf0,0xe8,0xf2,0xfc,0xe5,
  0xd,0xa,0xe2,0xe5,0xf0,0xf8,0xee,0xea,0xd,0xa,0xe2,0xee,0xeb,0xd,0xa,0xe2,
  0xf3,0xed,0xe4,0xe5,0xf0,0xea,0xe8,0xed,0xe4,0xd,0xa,0xe3,0xeb,0xf3,0xe1,0xe8,
  0xed,0xea,0xe0,0xd,0xa,0xe3,0xee,0xeb,0xee,0xe2,0xee,0xf0,0xe5,0xe7,0xd,0xa,
  0xe3,0xee,0xf0,0xee,0xf8,0xe8,0xed,0xe0,0xd,0xa,0xe3,0xf3,0xf2,0xe8,0xee,0xed,
  0xf2,0xee,0xe2,0xd,0xa,0xe4,0xe8,0xeb,0xe8,0xe6,0xe0,0xed,0xf1,0xd,0xa,0xe5,
  0xed,0xe8,0xf1,0xe5,0xe9,0xd,0xa,0xe6,0xe5,0xeb,0xf3,0xe4,0xee,0xf7,0xe5,0xea,
  0xd,0xa,0xe7,0xe0,0xe2,0xfb,0xe2,0xe0,0xed,0xe8,0xe5,0xd,0xa,0xe8,0xe7,0xe4,
  0xe5,0xe2,0xea,0xe0,0xd,0xa,0xe8,0xe7,0xfb,0xf1,0xea,0xe0,0xf2,0xe5,0xeb,0xfc,
  0xd,0xa,0xe8,0xf1,0xeb,0xe0,0xec,0xd,0xa,0xea,0xe0,0xec,0xe5,0xed,0xf9,0xe8,
  0xea,0xd,0xa,0xea,0xe0,0xef,0xe5,0xeb,0xeb,0xe0,0xd,0xa,0xea,0xe0,0xf2,0xe0,
  0xeb,0xea,0xe0,0xd,0xa,0xea,0xe0,0xf2,0xe5,0xf2,0xe5,0xf0,0xd,0xa,0xea,0xee,
  0xec,0xe8,0xea,0xd,0xa,0xea,0xee,0xec,0xef,0xf0,0xee,0xec,0xe0,0xf2,0xd,0xa,
  0xea,0xee,0xed,0xfe,0xf5,0xd,0xa,0xea,0xee,0xf0,0xed,0xd,0xa,0xea,0xee,0xf0,
  0xf2,0xd,0xa,0xea,0xf0,0xe0,0xf1,0xe0,0xe2,0xf7,0xe8,0xea,0xd,0xa,0xea,0xf0,
  0xe0,0xf1,0xed,0xee,0xf0,0xe5,0xf7,0xe8,0xe5,0xd,0xa,0xea,0xf0,0xe8,0xf8,0xed,
  0xe0,0xe8,0xf2,0xd,0xa,0xeb,0xe0,0xe4,0xe0,0xed,0xd,0xa,0xeb,0xe5,0xe4,0xe5,
  0xed,0xe5,0xf6,0xd,0xa,0xeb,0xe5,0xe9,0xea,0xee,0xf6,0xe8,0xf2,0xd,0xa,0xeb,
  0xe5,0xea,0xf1,0xe8,0xea,0xee,0xed,0xd,0xa,0xeb,0xe8,0xe1,0xe5,0xf0,0xe0,0xeb,
  0xd,0xa,0xeb,0xe8,0xec,0xe8,0xf2,0xd,0xa,0xeb,0xe8,0xf6,0xe5,0xec,0xe5,0xf0,
  0xe8,0xe5,0xd,0xa,0xeb,0xee,0xe7,0xe8,0xed,0xf1,0xea,0xe0,0xff,0xd,0xa,0xeb,
  0xee,0xff,0xeb,0xfc,0xed,0xee,0xf1,0xf2,0xfc,0xd,0xa,0xeb,0xfe,0xe4,0xe8,0xf8,
  0xea,0xe8,0xd,0xa,0xec,0xe0,0xf1,0xee,0xed,0xd,0xa,0xec,0xe5,0xeb,0xe0,0xed,
  0xf5,0xee,0xeb,0xe8,0xff,0xd,0xa,0xec,0xe5,0xf0,0xea,0xf3,0xf0,0xe8,0xe9,0xd,
  0xa,0xec,0xe5,0xf1,0xf2,0xea,0xee,0xec,0xd,0xa,0xec,0xec,0xec,0xd,0xa,0xec,
  0xee,0xe4,0xe5,0xf0,0xed,0xe8,0xe7,0xe0,0xf6,0xe8,0xff,0xd,0xa,0xec,0xee,0xeb,
  0xe4,0xe0,0xe2,0xe0,0xed,0xe8,0xed,0xd,0xa,0xec,0xee,0xed,0xe0,0xf5,0xe8,0xed,
  0xff,0xd,0xa,0xec,0xee,0xf1,0xe3,0xee,0xf0,0xe4,0xf3,0xec,0xe0,0xd,0xa,0xed,
  0xe0,0xe3,0xf0,0xe0,0xe6,0xe4,0xe5,0xed,0xe8,0xe5,0xd,0xa,0xed,0xe0,0xeb,0xee,
  0xe3,0xee,0xef,0xeb,0xe0,0xf2,0xe5,0xeb,0xfc,0xf9,0xe8,0xea,0xd,0xa,0xed,0xe0,
  0xef,0xf0,0xee,0xea,0xe0,0xf2,0xd,0xa,0xee,0xec,0xe0,0xf0,0xd,0xa,0xee,0xf0,
  0xe0,0xe2,0xe0,0xd,0xa,0xef,0xe5,0xed,0xff,0xd,0xa,0xef,0xe5,0xf0,0xe5,0xea,
  0xf0,0xfb,0xf2,0xe8,0xe5,0xd,0xa,0xef,0xe8,0xf0,0xf8,0xe5,0xf1,0xf2,0xe2,0xee,
  0xd,0xa,0xef,0xee,0xef,0xf0,0xe8,0xf9,0xe5,0xd,0xa,0xef,0xee,0xf2,0xe5,0xea,
  0xd,0xa,0xef,0xee,0xf7,0xe8,0xed,0xee,0xea,0xd,0xa,0xef,0xf0,0xe5,0xe2,0xfb,
  0xf8,0xe5,0xed,0xe8,0xe5,0xd,0xa,0xef,0xf0,0xee,0xf2,0xe8,0xe2,0xee,0xe4,0xe5,
  0xe9,0xf1,0xf2,0xe2,0xe8,0xe5,0xd,0xa,0xef,0xf2,0xe8,0xf6,0xe5,0xeb,0xee,0xe2,
  0xd,0xa,0xf0,0xe0,0xee,0xd,0xa,0xf1,0xe0,0xec,0xe0,0xf0,0xea,0xe0,0xed,0xe4,
  0xd,0xa,0xf1,0xe0,0xed,0xf7,0xe0,0xf1,0xf2,0xfc,0xd,0xa,0xf1,0xe3,0xe8,0xe1,
  0xd,0xa,0xf1,0xe5,0xeb,0xe5,0xea,0xf2,0xee,0xf0,0xd,0xa,0xf1,0xed,0xee,0xf8,
  0xe5,0xed,0xe8,0xe5,0xd,0xa,0xf1,0xee,0xef,0xeb,0xe5,0xec,0xe5,0xed,0xed,0xe8,
  0xea,0xd,0xa,0xf1,0xee,0xf1,0xed,0xff,0xea,0xd,0xa,0xf1,0xef,0xe8,0xf0,0xe8,
  0xed,0xd,0xa,0xf1,0xf2,0xee,0xeb,0xef,0xd,0xa,0xf2,0xe0,0xeb,0xe8,0xf1,0xec,
  0xe0,0xed,0xd,0xa,0xf2,0xe0,0xf0,0xe0,0xed,0xd,0xa,0xf2,0xf0,0xee,0xff,0xea,
  0xd,0xa,0xf2,0xf3,0xeb,0xe0,0xd,0xa,0xf4,0xee,0xf0,0xec,0xe0,0xf2,0xd,0xa,
  0xf4,0xee,0xf0,0xf2,0xf3,0xed,0xe0,0xd,0xa,0xf4,0xf0,0xe0,0xed,0xf6,0xf3,0xe6,
  0xe5,0xed,0xea,0xe0,0xd,0xa,0xf4,0xf0,0xe5,0xe9,0xeb,0xe8,0xed,0xe0,0xd,0xa,
  0xfd,0xf1,0xf1,0xe5,0xd,0xa,0xff,0xf1,0xf2,0xe2,0xee,0xd,0xa,0xe0,0xf8,0xec,
  0xe0,0xf0,0xe8,0xed,0xd,0xa,0xe1,0xe0,0xf0,0xe0,0xed,0xee,0xea,0xd,0xa,0xe1,
  0xe5,0xe4,0xee,0xeb,0xe0,0xe3,0xe0,0xd,0xa,0xe1,0xe5,0xe7,0xf0,0xe0,0xe1,0xee,
  0xf2,0xe8,0xf6,0xe0,0xd,0xa,0xe1,0xeb,0xee,0xf5,0xe0,0xd,0xa,0xe2,0xe5,0xf2,
  0xf7,0xe8,0xed,0xe0,0xd,0xa,0xe2,0xee,0xf1,0xef,0xe8,0xf2,0xe0,0xf2,0xe5,0xeb,
  0xfc,0xd,0xa,0xe3,0xf3,0xe4,0xe5,0xed,0xe8,0xe5,0xd,0xa,0xe6,0xe8,0xe7,0xed,
  0xe5,0xe4,0xe5,0xff,0xf2,0xe5,0xeb,0xfc,0xed,0xee,0xf1,0xf2,0xfc,0xd,0xa,0xe7,
  0xe0,0xe2,0xee,0xe4,0xfc,0xd,0xa,0xe8,0xed,0xea,0xd,0xa,0xe8,0xed,0xee,0xef,
  0xeb,0xe0,0xed,0xe5,0xf2,0xff,0xed,0xe8,0xed,0xd,0xa,0xe8,0xf1,0xef,0xee,0xeb,
  0xea,0xee,0xec,0xd,0xa,0xea,0xee,0xf0,0xee,0xe1,0xd,0xa,0xea,0xf3,0xe7,0xed,
  0xe5,0xf7,0xe8,0xea,0xd,0xa,0xec,0xee,0xea,0xf0,0xee,0xf2,0xe0,0xd,0xa,0xec,
  0xee,0xeb,0xe5,0xea,0xf3,0xeb,0xe0,0xd,0xa,0xec,0xf3,0xf0,0xee,0xec,0xe5,0xf6,
  0xd,0xa,0xed,0xe0,0xf1,0xf2,0xee,0xe9,0xf7,0xe8,0xe2,0xee,0xf1,0xf2,0xfc,0xd,
  0xa,0xed,0xe5,0xf3,0xe2,0xe5,0xf0,0xe5,0xed,0xed,0xee,0xf1,0xf2,0xfc,0xd,0xa,
  0xed,0xfe,0xf5,0xd,0xa,0xef,0xe5,0xeb,0xfc,0xec,0xe5,0xed,0xfc,0xd,0xa,0xef,
  0xee,0xeb,0xff,0xf0,0xed,0xe8,0xea,0xd,0xa,0xef,0xf0,0xe8,0xf2,0xee,0xea,0xd,
  0xa,0xf0,0xe5,0xe2,0xe8,0xe7,0xee,0xf0,0xd,0xa,0xf0,0xee,0xe9,0xd,0xa,0xf1,
  0xea,0xe0,0xf7,0xea,0xe0,0xd,0xa,0xf3,0xf0,0xe0,0xe2,0xed,0xe5,0xed,0xe8,0xe5,
  0xd,0xa,0xf4,0xf3,0xe6,0xe5,0xf0,0xd,0xa,0xfd,0xf0,0xec,0xe8,0xf2,0xe0,0xe6,
  0xd,0xa,0xe0,0xef,0xee,0xf1,0xf2,0xee,0xeb,0xd,0xa,0xe1,0xeb,0xe0,0xe3,0xee,
  0xf0,0xee,0xe4,0xf1,0xf2,0xe2,0xee,0xd,0xa,0xe1,0xf0,0xe8,0xea,0xd,0xa,0xe2,
  0xe5,0xed,0xff,0xd,0xa,0xe2,0xee,0xeb,0xee,0xf1,0xee,0xea,0xd,0xa,0xe2,0xf2,
  0xee,0xf0,0xed,0xe8,0xea,0xd,0xa,0xe2,0xf8,0xe0,0xd,0xa,0xe8,0xe5,0xf0,0xf3,
  0xf1,0xe0,0xeb,0xe8,0xec,0xd,0xa,0xea,0xf0,0xe0,0xe9,0xed,0xee,0xf1,0xf2,0xfc,
  0xd,0xa,0xeb,0xfc,0xe3,0xee,0xf2,0xe0,0xd,0xa,0xed,0xe8,0xea,0xe8,0xf2,0xe8,
  0xf7,0xd,0xa,0xef,0xe8,0xea,0xd,0xa,0xef,0xee,0xf5,0xe2,0xe0,0xeb,0xe0,0xd,
  0xa,0xef,0xf0,0xee,0xf1,0xe2,0xe5,0xf9,0xe5,0xed,0xe8,0xe5,0xd,0xa,0xf0,0xe5,
  0xe7,0xe8,0xed,0xea,0xe0,0xd,0xa,0xf1,0xe8,0xe4,0xe5,0xed,0xe8,0xe5,0xd,0xa,
  0xf1,0xe8,0xee,0xed,0xe8,0xe7,0xec,0xd,0xa,0xf1,0xee,0xe1,0xeb,0xfe,0xe4,0xe5,
  0xed,0xe8,0xe5,0xd,0xa,0xf1,0xee,0xf3,0xf1,0xd,0xa,0xf5,0xee,0xf5,0xee,0xeb,
  0xd,0xa,0xfd,0xeb,0xe5,0xea,0xf2,0xf0,0xee,0xeb,0xe8,0xf2,0xd,0xa,0xfd,0xef,
  0xe8,0xe4,0xe5,0xec,0xe8,0xff,0xd,0xa,0xe1,0xe0,0xe3,0xe0,0xe6,0xd,0xa,0xea,
  0xee,0xf0,0xec,0xe0,0xd,0xa,0xec,0xe5,0xeb,0xd,0xa,0xed,0xe5,0xe2,0xe5,0xe6,
  0xe5,0xf1,0xf2,0xe2,0xee,0xd,0xa,0xed,0xe5,0xee,0xf5,0xee,0xf2,0xe0,0xd,0xa,
  0xed,0xee,0xf0,0xe0,0xd,0xa,0xef,0xe0,0xf2,0xf0,0xf3,0xeb,0xfc,0xd,0xa,0xef,
  0xee,0xe2,0xe5,0xf1,0xf2,0xea,0xe0,0xd,0xa,0xef,0xee,0xf1,0xf2,0xe0,0xed,0xee,
  0xe2,0xea,0xe0,0xd,0xa,0xef,0xf0,0xee,0xe8,0xe7,0xe2,0xee,0xe4,0xe8,0xf2,0xe5,
  0xeb,0xfc,0xd,0xa,0xf1,0xe0,0xeb,0xf4,0xe5,0xf2,0xea,0xe0,0xd,0xa,0xf1,0xe0,
  0xec,0xee,0xeb,0xfe,0xe1,0xe8,0xe5,0xd,0xa,0xf1,0xe5,0xeb,0xfc,0xf1,0xee,0xe2,
  0xe5,0xf2,0xd,0xa,0xf3,0xea,0xf0,0xe0,0xf8,0xe5,0xed,0xe8,0xe5,0xd,0xa,0xf4,
  0xee,0xf2,0xee,0xe0,0xef,0xef,0xe0,0xf0,0xe0,0xf2,0xd,0xa,0xe0,0xea,0xe2,0xe0,
  0xf0,0xe5,0xeb,0xfc,0xd,0xa,0xe0,0xeb,0xf7,0xed,0xee,0xf1,0xf2,0xfc,0xd,0xa,
  0xe0,0xec,0xf3,0xeb,0xe5,0xf2,0xd,0xa,0xe0,0xef,0xee,0xea,0xe0,0xeb,0xe8,0xef,
  0xf1,0xe8,0xf1,0xd,0xa,0xe0,0xf0,0xf5,0xe0,0xed,0xe3,0xe5,0xeb,0xfc,0xf1,0xea,
  0xd,0xa,0xe1,0xe0,0xf0,0xe5,0xeb,0xfc,0xe5,0xf4,0xd,0xa,0xe1,0xe0,0xf0,0xea,
  0xe8,0xed,0xd,0xa,0xe1,0xe5,0xf1,0xea,0xee,0xf0,0xfb,0xf1,0xf2,0xe8,0xe5,0xd,
  0xa,0xe1,0xe8,0xee,0xf1,0xf4,0xe5,0xf0,0xe0,0xd,0xa,0xe1,0xeb,0xe0,0xe3,0xee,
  0xe4,0xf3,0xf8,0xe8,0xe5,0xd,0xa,0xe1,0xeb,0xe8,0xed,0xf7,0xe8,0xea,0xd,0xa,
  0xe1,0xee,0xeb,0xee,0xf2,0xf6,0xe5,0xd,0xa,0xe1,0xee,0xf1,0xee,0xed,0xee,0xe6,
  0xea,0xe0,0xd,0xa,0xe1,0xf3,0xf0,0xe5,0xeb,0xee,0xec,0xd,0xa,0xe1,0xf3,0xf0,
  0xff,0xf2,0xd,0xa,0xe1,0xf3,0xf4,0xe5,0xf0,0xd,0xa,0xe2,0xe7,0xe3,0xee,0xf0,
  0xfc,0xe5,0xd,0xa,0xe2,0xf1,0xe0,0xf1,0xfb,0xe2,0xe0,0xed,0xe8,0xe5,0xd,0xa,
  0xe2,0xfb,0xec,0xfb,0xf1,0xe5,0xeb,0xd,0xa,0xe2,0xfb,0xec,0xff,0xd,0xa,0xe3,
  0xe0,0xed,0xf2,0xe5,0xeb,0xfc,0xd,0xa,0xe3,0xe5,0xee,0xeb,0xee,0xe3,0xe8,0xff,
  0xd,0xa,0xe3,0xed,0xe8,0xeb,0xfc,0xd,0xa,0xe3,0xee,0xe4,0xee,0xea,0xd,0xa,
  0xe3,0xf0,0xfb,0xe7,0xf3,0xed,0xd,0xa,0xe4,0xe5,0xe2,0xee,0xed,0xfc,0xea,0xe0,
  0xd,0xa,0xe4,0xe5,0xf1,0xff,0xf2,0xe8,0xeb,0xe5,0xf2,0xea,0xe0,0xd,0xa,0xe6,
  0xe8,0xf0,0xed,0xee,0xf1,0xf2,0xfc,0xd,0xa,0xe7,0xe0,0xe4,0xed,0xe8,0xea,0xd,
  0xa,0xe7,0xe0,0xf1,0xf2,0xe5,0xed,0xf7,0xe8,0xe2,0xee,0xf1,0xf2,0xfc,0xd,0xa,
  0xe7,0xee,0xec,0xe1,0xe8,0xd,0xa,0xe8,0xe7,0xe2,0xe5,0xf0,0xe3,0xd,0xa,0xe8,
  0xe7,0xec,0xee,0xf0,0xee,0xe7,0xfc,0xd,0xa,0xe8,0xed,0xe4,0xfe,0xea,0xd,0xa,
  0xe8,0xed,0xe8,0xf6,0xe8,0xe0,0xeb,0xd,0xa,0xe8,0xf1,0xf2,0xe8,0xed,0xed,0xee,
  0xf1,0xf2,0xfc,0xd,0xa,0xea,0xe0,0xe9,0xec,0xe0,0xd,0xa,0xea,0xe8,0xf0,0xe8,
  0xe5,0xed,0xea,0xee,0xd,0xa,0xea,0xeb,0xfe,0xf7,0xed,0xe8,0xea,0xd,0xa,0xea,
  0xee,0xe1,0xf0,0xe0,0xd,0xa,0xea,0xee,0xe7,0xed,0xe8,0xd,0xa,0xea,0xee,0xeb,
  0xe4,0xee,0xe1,0xe8,0xed,0xe0,0xd,0xa,0xea,0xee,0xeb,0xee,0xe1,0xee,0xea,0xd,
  0xa,0xea,0xee,0xf0,0xee,0xed,0xea,0xe0,0xd,0xa,0xea,0xf3,0xe1,0xe8,0xed,0xe5,
  0xf6,0xd,0xa,0xeb,0xe5,0xe4,0xee,0xea,0xd,0xa,0xeb,0xe5,0xe4,0xee,0xf0,0xf3,
  0xe1,0xd,0xa,0xeb,0xe5,0xed,0xe8,0xed,0xe5,0xf6,0xd,0xa,0xeb,0xe5,0xf0,0xea,
  0xe0,0xd,0xa,0xeb,0xe5,0xf1,0xe8,0xed,0xe0,0xd,0xa,0xec,0xe0,0xed,0xe4,0xe0,
  0xf2,0xd,0xa,0xec,0xe5,0xf2,0xe0,0xeb,0xeb,0xf3,0xf0,0xe3,0xe8,0xff,0xd,0xa,
  0xec,0xe8,0xeb,0xe5,0xe4,0xe8,0xd,0xa,0xec,0xf0,0xe0,0xea,0xee,0xe1,0xe5,0xf1,
  0xd,0xa,0xec,0xf3,0xf1,0xee,0xf0,0xf9,0xe8,0xea,0xd,0xa,0xed,0xe0,0xe4,0xef,
  0xee,0xf7,0xe5,0xf7,0xed,0xe8,0xea,0xd,0xa,0xed,0xe0,0xe5,0xe7,0xe4,0xed,0xe8,
  0xea,0xd,0xa,0xed,0xe0,0xf1,0xe0,0xe6,0xe4,0xe5,0xed,0xe8,0xe5,0xd,0xa,0xed,
  0xe5,0xe0,0xef,0xee,0xeb,0xfc,0xd,0xa,0xed,0xe5,0xe3,0xe0,0xd,0xa,0xed,0xe8,
  0xed,0xe5,0xeb,0xfc,0xd,0xa,0xed,0xee,0xec,0xe0,0xd,0xa,0xee,0xeb,0xe8,0xe3,
  0xe0,0xf0,0xf5,0xd,0xa,0xee,0xf1,0xed,0xee,0xe2,0xee,0xef,0xee,0xeb,0xee,0xe6,
  0xed,0xe8,0xea,0xd,0xa,0xee,0xf2,0xed,0xee,0xf1,0xe8,0xf2,0xe5,0xeb,0xfc,0xed,
  0xee,0xf1,0xf2,0xfc,0xd,0xa,0xef,0xe0,0xed,0xea,0xd,0xa,0xef,0xe2,0xee,0xd,
  0xa,0xef,0xe5,0xf0,0xe5,0xe7,0xe2,0xee,0xed,0xd,0xa,0xef,0xe5,0xf0,0xe5,0xea,
  0xeb,0xe8,0xf7,0xea,0xe0,0xd,0xa,0xef,0xe5,0xf0,0xe8,0xef,0xe5,0xf2,0xe8,0xff,
  0xd,0xa,0xef,0xe5,0xf1,0xee,0xf7,0xe5,0xea,0xd,0xa,0xef,0xee,0xe2,0xf1,0xf2,
  0xe0,0xed,0xe5,0xf6,0xd,0xa,0xef,0xee,0xe4,0xe0,0xff,0xed,0xe8,0xe5,0xd,0xa,
  0xef,0xee,0xe4,0xeb,0xe5,0xe6,0xe0,0xf9,0xe5,0xe5,0xd,0xa,0xef,0xee,0xe6,0xe0,
  0xf0,0xed,0xfb,0xe9,0xd,0xa,0xef,0xee,0xe7,0xfb,0xe2,0xd,0xa,0xef,0xee,0xeb,
  0xe8,0xec,0xe5,0xf0,0xd,0xa,0xef,0xee,0xeb,0xe8,0xf2,0xee,0xf2,0xe4,0xe5,0xeb,
  0xd,0xa,0xef,0xf0,0xee,0xe8,0xe3,0xf0,0xfb,0xe2,0xe0,0xf2,0xe5,0xeb,0xfc,0xd,
  0xa,0xf0,0xe0,0xe7,0xf0,0xff,0xe4,0xea,0xe0,0xd,0xa,0xf0,0xe5,0xe7,0xee,0xed,
  0xe0,0xed,0xf1,0xd,0xa,0xf0,0xe8,0xed,0xea,0xd,0xa,0xf0,0xee,0xe2,0xe8,0xea,
  0xd,0xa,0xf0,0xee,0xe4,0xe8,0xf7,0xd,0xa,0xf0,0xee,0xf1,0xe2,0xee,0xee,0xf0,
  0xf3,0xe6,0xe5,0xed,0xe8,0xe5,0xd,0xa,0xf1,0xe0,0xec,0xee,0xe1,0xfb,0xf2,0xed,
  0xee,0xf1,0xf2,0xfc,0xd,0xa,0xf1,0xe2,0xff,0xe7,0xed,0xee,0xe9,0xd,0xa,0xf1,
  0xe8,0xeb,0xe0,0xf7,0xd,0xa,0xf1,0xea,0xee,0xf2,0xf7,0xd,0xa,0xf1,0xec,0xee,
  0xeb,0xe5,0xed,0xf1,0xea,0xd,0xa,0xf1,0xee,0xe1,0xe5,0xf1,0xe5,0xe4,0xee,0xe2,
  0xe0,0xed,0xe8,0xe5,0xd,0xa,0xf1,0xee,0xe7,0xed,0xe0,0xf2,0xe5,0xeb,0xfc,0xed,
  0xee,0xf1,0xf2,0xfc,0xd,0xa,0xf1,0xef,0xe5,0xf6,0xf8,0xea,0xee,0xeb,0xe0,0xd,
  0xa,0xf1,0xf2,0xeb,0xe0,0xed,0xe8,0xea,0xd,0xa,0xf1,0xf2,0xf0,0xe5,0xeb,0xfc,
  0xe1,0xe8,0xf9,0xe5,0xd,0xa,0xf1,0xf3,0xec,0xff,0xf2,0xe8,0xf6,0xe0,0xd,0xa,
  0xf2,0xe0,0xe1,0xf3,0xd,0xa,0xf2,0xea,0xe0,0xf7,0xf3,0xea,0xd,0xa,0xf2,0xee,
  0xeb,0xea,0xf3,0xf7,0xea,0xe0,0xd,0xa,0xf2,0xf0,0xe0,0xf5,0xe5,0xff,0xd,0xa,
  0xf2,0xf3,0xec,0xe1,0xeb,0xe5,0xf0,0xd,0xa,0xf2,0xf9,0xe0,0xf2,0xe5,0xeb,0xfc,
  0xed,0xee,0xf1,0xf2,0xfc,0xd,0xa,0xf3,0xe6,0xe3,0xee,0xf0,0xee,0xe4,0xd,0xa,
  0xf3,0xe7,0xe1,0xe5,0xea,0xe8,0xf1,0xf2,0xe0,0xed,0xd,0xa,0xf3,0xf2,0xee,0xef,
  0xeb,0xe5,0xed,0xed,0xe8,0xea,0xd,0xa,0xf4,0xe5,0xec,0xe8,0xed,0xe8,0xf1,0xf2,
  0xea,0xe0,0xd,0xa,0xf4,0xf3,0xf2,0xe1,0xee,0xeb,0xea,0xe0,0xd,0xa,0xf5,0xe0,
  0xed,0xe6,0xe0,0xd,0xa,0xf5,0xf0,0xe5,0xed,0xee,0xe2,0xe8,0xed,0xe0,0xd,0xa,
  0xf5,0xf3,0xe4,0xee,0xe6,0xed,0xe8,0xf6,0xe0,0xd,0xa,0xf7,0xe0,0xeb,0xec,0xe0,
  0xd,0xa,0xfd,0xe2,0xea,0xe0,0xeb,0xe8,0xef,0xf2,0xd,0xa,0xe0,0xe4,0xe0,0xef,
  0xf2,0xe0,0xf6,0xe8,0xff,0xd,0xa,0xe0,0xf0,0xf8,0xe8,0xed,0xd,0xa,0xe0,0xf1,
  0xf2,0xec,0xe0,0xd,0xa,0xe1,0xe0,0xf2,0xe0,0xf0,0xe5,0xe9,0xea,0xe0,0xd,0xa,
  0xe1,0xee,0xea,0xe0,0xf0,0xe5,0xe2,0xd,0xa,0xe1,0xf0,0xe5,0xec,0xff,0xd,0xa,
  0xe3,0xe0,0xeb,0xee,0xef,0xd,0xa,0xe3,0xf0,0xe8,0xf4,0xd,0xa,0xe5,0xe4,0xe8,
  0xed,0xee,0xec,0xfb,0xf8,0xeb,0xe5,0xed,0xed,0xe8,0xea,0xd,0xa,0xe6,0xf0,0xe5,
  0xe1,0xe8,0xe9,0xd,0xa,0xe7,0xe0,0xec,0xf3,0xe6,0xe5,0xf1,0xf2,0xe2,0xee,0xd,
  0xa,0xea,0xee,0xec,0xe0,0xed,0xe4,0xe0,0xf0,0xec,0xd,0xa,0xea,0xee,0xed,0xf1,
  0xf3,0xeb,0xd,0xa,0xea,0xf0,0xee,0xe2,0xee,0xe8,0xe7,0xeb,0xe8,0xff,0xed,0xe8,
  0xe5,0xd,0xa,0xea,0xf0,0xfb,0xeb,0xe5,0xf7,0xea,0xee,0xd,0xa,0xea,0xf3,0xf0,
  0xe4,0xfe,0xea,0xd,0xa,0xeb,0xe5,0xf9,0xd,0xa,0xec,0xe5,0xf2,0xe0,0xf4,0xee,
  0xf0,0xe0,0xd,0xa,0xed,0xe0,0xea,0xee,0xed,0xe5,0xf7,0xed,0xe8,0xea,0xd,0xa,
  0xed,0xe0,0xf6,0xe8,0xee,0xed,0xe0,0xeb,0xd,0xa,0xee,0xe1,0xe2,0xe8,0xed,0xe8,
  0xf2,0xe5,0xeb,0xfc,0xd,0xa,0xee,0xef,0xe5,0xea,0xe0,0xd,0xa,0xee,0xf2,0xeb,
  0xe8,0xe2,0xd,0xa,0xef,0xe0,0xf0,0xf2,0xea,0xee,0xec,0xd,0xa,0xef,0xeb,0xe0,
  0xed,0xe5,0xf0,0xd,0xa,0xef,0xeb,0xe0,0xed,0xea,0xe0,0xd,0xa,0xef,0xee,0xec,
  0xe0,0xe4,0xe0,0xd,0xa,0xef,0xf0,0xe5,0xe4,0xf1,0xf2,0xe0,0xe2,0xe8,0xf2,0xe5,
  0xeb,0xfc,0xf1,0xf2,0xe2,0xee,0xd,0xa,0xef,0xf0,0xe8,0xff,0xf2,0xe5,0xeb,0xfc,
  0xed,0xe8,0xf6,0xe0,0xd,0xa,0xef,0xf0,0xee,0xea,0xe0,0xf2,0xd,0xa,0xef,0xf3,
  0xe3,0xee,0xe2,0xea,0xe0,0xd,0xa,0xf0,0xe0,0xe4,0xe8,0xee,0xef,0xf0,0xe8,0xe5,
  0xec,0xed,0xe8,0xea,0xd,0xa,0xf0,0xe0,0xf1,0xf2,0xe8,0xf2,0xe5,0xeb,0xfc,0xed,
  0xee,0xf1,0xf2,0xfc,0xd,0xa,0xf0,0xe6,0xe0,0xe2,0xf7,0xe8,0xed,0xe0,0xd,0xa,
  0xf0,0xee,0xe4,0xe8,0xed,0xea,0xe0,0xd,0xa,0xf1,0xe0,0xe6,0xe0,0xd,0xa,0xf1,
  0xe5,0xf0,0xfc,0xe3,0xe0,0xd,0xa,0xf1,0xea,0xe8,0xef,0xe8,0xe4,0xe0,0xf0,0xd,
  0xa,0xf1,0xeb,0xe0,0xe2,0xff,0xed,0xe8,0xed,0xd,0xa,0xf1,0xee,0xe2,0xe5,0xf0,
  0xf8,0xe5,0xed,0xf1,0xf2,0xe2,0xee,0xe2,0xe0,0xed,0xe8,0xe5,0xd,0xa,0xf1,0xef,
  0xe5,0xf6,0xe8,0xf4,0xe8,0xea,0xe0,0xd,0xa,0xf1,0xf2,0xe5,0xea,0xeb,0xfb,0xf8,
  0xea,0xee,0xd,0xa,0xf5,0xf0,0xe0,0xef,0xd,0xa,0xf8,0xf0,0xe8,0xf4,0xf2,0xd,
  0xa,0xfd,0xeb,0xfc,0xd,0xa,0xe1,0xe0,0xea,0xf2,0xe5,0xf0,0xe8,0xff,0xd,0xa,
  0xe1,0xee,0xea,0xf1,0xe5,0xf0,0xd,0xa,0xe3,0xf0,0xe8,0xe2,0xe0,0xd,0xa,0xe4,
  0xf0,0xe0,0xe3,0xee,0xf6,0xe5,0xed,0xed,0xee,0xf1,0xf2,0xfc,0xd,0xa,0xe7,0xe0,
  0xef,0xee,0xf0,0xd,0xa,0xe7,0xee,0xeb,0xe0,0xd,0xa,0xe8,0xe7,0xe1,0xe8,0xf0,
  0xe0,0xf2,0xe5,0xeb,0xfc,0xd,0xa,0xea,0xe0,0xe1,0xe5,0xeb,0xfc,0xd,0xa,0xea,
  0xee,0xeb,0xee,0xf1,0xee,0xea,0xd,0xa,0xea,0xf0,0xf3,0xe6,0xea,0xe0,0xd,0xa,
  0xeb,0xe0,0xe4,0xee,0xd,0xa,0xee,0xf0,0xe3,0xe0,0xed,0xe8,0xf1,0xf2,0xd,0xa,
  0xee,0xf2,0xe1,0xeb,0xe5,0xf1,0xea,0xd,0xa,0xef,0xe8,0xd,0xa,0xef,0xf0,0xe8,
  0xfe,0xf2,0xd,0xa,0xf1,0xec,0xe5,0xf8,0xee,0xea,0xd,0xa,0xf2,0xf3,0xe7,0xe5,
  0xec,0xe5,0xf6,0xd,0xa,0xf3,0xe7,0xed,0xe8,0xea,0xd,0xa,0xf5,0xe0,0xec,0xf1,
  0xf2,0xe2,0xee,0xd,0xa,0xf8,0xe2,0xe5,0xe4,0xd,0xa,0xe1,0xee,0xec,0xe1,0xe5,
  0xe6,0xea,0xe0,0xd,0xa,0xe2,0xe0,0xeb,0xf3,0xed,0xd,0xa,0xea,0xe3,0xd,0xa,
  0xeb,0xe8,0xe2,0xe5,0xed,0xfc,0xd,0xa,0xeb,0xe8,0xed,0xe5,0xe9,0xea,0xe0,0xd,
  0xa,0xec,0xe5,0xe4,0xe8,0xea,0xd,0xa,0xec,0xf3,0xe6,0xe8,0xf7,0xee,0xea,0xd,
  0xa,0xef,0xee,0xfd,0xec,0xe0,0xd,0xa,0xf0,0xe8,0xe3,0xe0,0xd,0xa,0xf1,0xf3,
  0xf7,0xee,0xea,0xd,0xa,0xf3,0xe2,0xee,0xeb,0xfc,0xed,0xe5,0xed,0xe8,0xe5,0xd,
  0xa,0xf4,0xe8,0xed,0xe0,0xed,0xf1,0xfb,0xd,0xa,0xff,0xe3,0xe0,0xd,0xa,0xe0,
  0xed,0xf4,0xe8,0xeb,0xe0,0xe4,0xe0,0xd,0xa,0xe0,0xf0,0xe7,0xe0,0xec,0xe0,0xf1,
  0xd,0xa,0xe0,0xf0,0xf4,0xe0,0xd,0xa,0xe0,0xfd,0xf0,0xee,0xe7,0xee,0xeb,0xfc,
  0xd,0xa,0xe1,0xe0,0xef,0xf2,0xe8,0xf1,0xf2,0xd,0xa,0xe1,0xe0,0xf1,0xee,0xea,
  0xd,0xa,0xe1,0xe0,0xf8,0xd,0xa,0xe1,0xe4,0xd,0xa,0xe1,0xe5,0xe7,0xe1,0xee,
  0xe6,0xed,0xe8,0xea,0xd,0xa,0xe1,0xe5,0xe7,0xf3,0xe3,0xeb,0xee,0xe2,0xd,0xa,
  0xe1,0xe5,0xf1,0xf7,0xe8,0xed,0xf1,0xf2,0xe2,0xee,0xd,0xa,0xe1,0xee,0xe3,0xe0,
  0xe4,0xe5,0xeb,0xfc,0xed,0xff,0xd,0xa,0xe1,0xee,0xe3,0xee,0xec,0xe0,0xf2,0xe5,
  0xf0,0xfc,0xd,0xa,0xe1,0xf0,0xe0,0xf2,0xe8,0xea,0xd,0xa,0xe1,0xf0,0xe5,0xe2,
  0xed,0xfb,0xf8,0xea,0xee,0xd,0xa,0xe1,0xf0,0xe8,0xe7,0xd,0xa,0xe1,0xf0,0xe8,
  0xf7,0xea,0xe8,0xed,0xd,0xa,0xe2,0xe4,0xee,0xf5,0xed,0xee,0xe2,0xe8,0xf2,0xe5,
  0xeb,0xfc,0xd,0xa,0xe2,0xe5,0xf0,0xed,0xfc,0xe5,0xf0,0xd,0xa,0xe2,0xe5,0xf0,
  0xf2,0xee,0xeb,0xe5,0xf2,0xf7,0xe8,0xea,0xd,0xa,0xe2,0xe8,0xe7,0xe0,0xe2,0xe8,
  0xd,0xa,0xe2,0xee,0xe4,0xee,0xf0,0xe0,0xe7,0xe4,0xe5,0xeb,0xd,0xa,0xe2,0xee,
  0xe5,0xe2,0xee,0xe4,0xe8,0xed,0xd,0xa,0xe2,0xee,0xe7,0xe7,0xe2,0xe0,0xed,0xe8,
  0xe5,0xd,0xa,0xe2,0xee,0xeb,0xed,0xf3,0xf8,0xea,0xe0,0xd,0xa,0xe2,0xee,0xf2,
  0xf3,0xec,0xd,0xa,0xe2,0xf0,0xe5,0xec,0xff,0xed,0xea,0xe0,0xd,0xa,0xe3,0xe0,
  0xeb,0xe5,0xf0,0xea,0xe0,0xd,0xa,0xe3,0xe0,0xf0,0xec,0xee,0xed,0xe8,0xea,0xe0,
  0xd,0xa,0xe3,0xe8,0xeb,0xfc,0xd,0xa,0xe3,0xed,0xe8,0xe5,0xed,0xe8,0xe5,0xd,
  0xa,0xe3,0xee,0xf0,0xe5,0xec,0xfb,0xea,0xe0,0xd,0xa,0xe3,0xf3,0xeb,0xfc,0xe4,
  0xe5,0xed,0xd,0xa,0xe4,0xe5,0xe7,0xe5,0xf0,0xf2,0xe8,0xf0,0xf1,0xf2,0xe2,0xee,
  0xd,0xa,0xe4,0xe5,0xea,0xee,0xeb,0xfc,0xf2,0xe5,0xd,0xa,0xe4,0xe5,0xeb,0xff,
  0xed,0xea,0xe0,0xd,0xa,0xe4,0xe5,0xec,0xee,0xe1,0xe8,0xeb,0xe8,0xe7,0xe0,0xf6,
  0xe8,0xff,0xd,0xa,0xe4,0xe5,0xec,0xee,0xed,0xf1,0xf2,0xf0,0xe0,0xed,0xf2,0xd,
  0xa,0xe4,0xe5,0xf0,0xec,0xe0,0xf2,0xe8,0xed,0xd,0xa,0xe4,0xe5,0xf1,0xff,0xf2,
  0xe8,0xea,0xeb,0xe0,0xf1,0xf1,0xed,0xe8,0xea,0xd,0xa,0xe4,0xee,0xf8,0xea,0xee,
  0xeb,0xfc,0xed,0xe8,0xea,0xd,0xa,0xe4,0xf0,0xe5,0xe1,0xe5,0xe7,0xe3,0xd,0xa,
  0xe4,0xf0,0xee,0xe2,0xed,0xe8,0xd,0xa,0xe4,0xf0,0xee,0xe7,0xee,0xf4,0xe8,0xeb,
  0xe0,0xd,0xa,0xe5,0xe3,0xe8,0xef,0xf2,0xff,0xed,0xe8,0xed,0xd,0xa,0xe6,0xe5,
  0xeb,0xee,0xe1,0xee,0xea,0xd,0xa,0xe6,0xe5,0xf1,0xf2,0xe8,0xea,0xf3,0xeb,0xff,
  0xf6,0xe8,0xff,0xd,0xa,0xe7,0xe0,0xe1,0xe0,0xe9,0xea,0xe0,0xeb,0xfc,0xe5,0xd,
  0xa,0xe7,0xe0,0xe1,0xf3,0xeb,0xe4,0xfb,0xe3,0xe0,0xd,0xa,0xe7,0xe0,0xea,0xf0,
  0xee,0xec,0xd,0xa,0xe7,0xe0,0xec,0xee,0xf7,0xea,0xe0,0xd,0xa,0xe7,0xe0,0xec,
  0xfb,0xea,0xe0,0xfe,0xf9,0xe8,0xe9,0xd,0xa,0xe7,0xe0,0xed,0xee,0xf1,0xd,0xa,
  0xe7,0xe0,0xf5,0xe0,0xf0,0xee,0xe2,0xed,0xe0,0xd,0xa,0xe7,0xe2,0xf3,0xea,0xee,
  0xee,0xef,0xe5,0xf0,0xe0,0xf2,0xee,0xf0,0xd,0xa,0xe7,0xe8,0xec,0xee,0xe2,0xf9,
  0xe8,0xea,0xd,0xa,0xe8,0xe2,0xe0,0xed,0xf3,0xf8,0xea,0xe8,0xed,0xd,0xa,0xe8,
  0xe2,0xe8,0xed,0xf1,0xea,0xe0,0xff,0xd,0xa,0xe8,0xe7,0xe1,0xe5,0xed,0xea,0xe0,
  0xd,0xa,0xe8,0xed,0xf4,0xe0,0xed,0xf2,0xe8,0xeb,0xe8,0xe7,0xec,0xd,0xa,0xea,
  0xe0,0xeb,0xe0,0xed,0xf7,0xe0,0xd,0xa,0xea,0xe0,0xed,0xe1,0xe5,0xf0,0xf0,0xe0,
  0xd,0xa,0xea,0xe0,0xed,0xed,0xe0,0xd,0xa,0xea,0xe0,0xf0,0xf2,0xe5,0xe6,0xed,
  0xe8,0xea,0xd,0xa,0xea,0xe0,0xf2,0xe0,0xf4,0xe0,0xeb,0xea,0xd,0xa,0xea,0xe0,
  0xf2,0xe5,0xf0,0xee,0xea,0xd,0xa,0xea,0xe8,0xea,0xe8,0xec,0xee,0xf0,0xe0,0xd,
  0xa,0xea,0xee,0xe1,0xfb,0xeb,0xe8,0xf6,0xe0,0xd,0xa,0xea,0xee,0xe3,0xee,0xf0,
  0xf2,0xe0,0xd,0xa,0xea,0xee,0xeb,0xe8,0xf2,0xd,0xa,0xea,0xee,0xec,0xe1,0xe8,
  0xed,0xe0,0xf2,0xee,0xf0,0xd,0xa,0xea,0xee,0xec,0xec,0xf3,0xf2,0xe0,0xf2,0xee,
  0xf0,0xd,0xa,0xea,0xee,0xed,0xe4,0xe8,0xf6,0xe8,0xff,0xd,0xa,0xea,0xee,0xef,
  0xe8,0xf0,0xea,0xe0,0xd,0xa,0xea,0xee,0xf0,0xe0,0xed,0xd,0xa,0xea,0xf0,0xe5,
  0xed,0xd,0xa,0xea,0xf0,0xe8,0xec,0xe8,0xed,0xe0,0xeb,0xe8,0xf1,0xf2,0xd,0xa,
  0xea,0xf0,0xf3,0xe6,0xe5,0xf7,0xea,0xe0,0xd,0xa,0xea,0xf3,0xe1,0xe0,0xed,0xea,
  0xe0,0xd,0xa,0xea,0xf3,0xef,0xe8,0xe4,0xee,0xed,0xd,0xa,0xea,0xf3,0xf8,0xe0,
  0xea,0xd,0xa,0xeb,0xe0,0xe4,0xd,0xa,0xeb,0xe5,0xe9,0xea,0xee,0xf6,0xe8,0xf2,
  0xee,0xe7,0xd,0xa,0xeb,0xe5,0xed,0xf1,0xee,0xe2,0xe5,0xf2,0xd,0xa,0xeb,0xe8,
  0xe2,0xf0,0xe5,0xff,0xd,0xa,0xeb,0xee,0xf5,0xe0,0xed,0xfc,0xd,0xa,0xec,0xe0,
  0xe9,0xe0,0xec,0xe8,0xd,0xa,0xec,0xe0,0xed,0xee,0xe2,0xe5,0xed,0xe8,0xe5,0xd,
  0xa,0xec,0xe0,0xf2,0xf0,0xee,0xed,0xe0,0xd,0xa,0xec,0xe5,0xe4,0xef,0xe5,0xf0,
  0xf1,0xee,0xed,0xe0,0xeb,0xd,0xa,0xec,0xe5,0xf5,0xec,0xe0,0xf2,0xd,0xa,0xec,
  0xe5,0xf6,0xe5,0xed,0xe0,0xf2,0xd,0xa,0xec,0xed,0xee,0xe3,0xee,0xf2,0xe8,0xf0,
  0xe0,0xe6,0xea,0xe0,0xd,0xa,0xec,0xed,0xee,0xe6,0xe5,0xf1,0xf2,0xe2,0xe5,0xed,
  0xed,0xee,0xf1,0xf2,0xfc,0xd,0xa,0xec,0xee,0xed,0xe0,0xf8,0xea,0xe0,0xd,0xa,
  0xec,0xee,0xf0,0xee,0xe6,0xe5,0xed,0xf9,0xe8,0xea,0xd,0xa,0xec,0xee,0xf1,0xf1,
  0xee,0xe2,0xe5,0xf2,0xd,0xa,0xec,0xf3,0xf1,0xd,0xa,0xec,0xfb,0xf1,0xee,0xea,
  0xd,0xa,0xed,0xe0,0xe4,0xf3,0xe2,0xd,0xa,0xed,0xe0,0xf0,0xe0,0xf9,0xe8,0xe2,
  0xe0,0xed,0xe8,0xe5,0xd,0xa,0xed,0xe0,0xf0,0xee,0xe4,0xee,0xe2,0xeb,0xe0,0xf1,
  0xf2,0xe8,0xe5,0xd,0xa,0xed,0xe0,0xf0,0xee,0xe4,0xee,0xed,0xe0,0xf1,0xe5,0xeb,
  0xe5,0xed,0xe8,0xe5,0xd,0xa,0xed,0xe5,0xe4,0xee,0xe5,0xe4,0xe0,0xed,0xe8,0xe5,
  0xd,0xa,0xed,0xe5,0xee,0xf2,0xeb,0xee,0xe6,0xea,0xe0,0xd,0xa,0xed,0xe5,0xf3,
  0xea,0xeb,0xfe,0xe6,0xe5,0xf1,0xf2,0xfc,0xd,0xa,0xee,0xe1,0xfa,0xff,0xf2,0xfc,
  0xe5,0xd,0xa,0xee,0xed,0xe5,0xe3,0xe0,0xd,0xa,0xee,0xed,0xfd,0xea,0xf1,0xe8,
  0xec,0xe1,0xe0,0xed,0xea,0xd,0xa,0xee,0xef,0xe5,0xf0,0xe0,0xf2,0xe8,0xe2,0xed,
  0xee,0xf1,0xf2,0xfc,0xd,0xa,0xee,0xf0,0xe5,0xed,0xe1,0xf3,0xf0,0xe3,0xd,0xa,
  0xee,0xf0,0xf2,0xee,0xe4,0xee,0xea,0xf1,0xd,0xa,0xee,0xf1,0xe8,0xed,0xea,0xe0,
  0xd,0xa,0xee,0xf5,0xee,0xf2,0xed,0xe8,0xf6,0xe0,0xd,0xa,0xee,0xf5,0xf0,0xe0,
  0xed,0xea,0xe0,0xd,0xa,0xef,0xe0,0xef,0xf3,0xeb,0xff,0xd,0xa,0xef,0xe0,0xf0,
  0xe0,0xed,0xee,0xe8,0xea,0xd,0xa,0xef,0xe0,0xf0,0xf2,0xe1,0xfe,0xf0,0xee,0xd,
  0xa,0xef,0xe5,0xed,0xfc,0xe5,0xd,0xa,0xef,0xe5,0xf0,0xe2,0xee,0xef,0xf0,0xe8,
  0xf7,0xe8,0xed,0xe0,0xd,0xa,0xef,0xe5,0xf0,0xe5,0xe3,0xe8,0xe1,0xd,0xa,0xef,
  0xe5,0xf0,0xe5,0xed,0xee,0xf1,0xe8,0xec,0xee,0xf1,0xf2,0xfc,0xd,0xa,0xef,0xe5,
  0xf0,0xf5,0xee,0xf2,0xfc,0xd,0xa,0xef,0xe5,0xf1,0xf2,0xe8,0xea,0xd,0xa,0xef,
  0xe5,0xf2,0xf0,0xee,0xe2,0xea,0xe0,0xd,0xa,0xef,0xe5,0xf7,0xed,0xe8,0xea,0xd,
  0xa,0xef,0xe8,0xea,0xe0,0xef,0xd,0xa,0xef,0xee,0xe1,0xfb,0xe2,0xea,0xe0,0xd,
  0xa,0xef,0xee,0xe2,0xe8,0xf2,0xf3,0xf5,0xe0,0xd,0xa,0xef,0xee,0xe2,0xee,0xe4,
  0xfb,0xf0,0xfc,0xd,0xa,0xef,0xee,0xe3,0xee,0xeb,0xee,0xe2,0xfc,0xe5,0xd,0xa,
  0xef,0xee,0xe4,0xe1,0xee,0xf0,0xd,0xa,0xef,0xee,0xe4,0xe5,0xf0,0xe3,0xe8,0xe2,
  0xe0,0xed,0xe8,0xe5,0xd,0xa,0xef,0xee,0xe4,0xed,0xee,0xe3,0xee,0xf2,0xed,0xe0,
  0xff,0xd,0xa,0xef,0xee,0xeb,0xe8,0xf6,0xec,0xe5,0xe9,0xf1,0xf2,0xe5,0xf0,0xd,
  0xa,0xef,0xee,0xeb,0xf3,0xea,0xee,0xeb,0xfc,0xf6,0xee,0xd,0xa,0xef,0xee,0xeb,
  0xf3,0xec,0xe5,0xf1,0xff,0xf6,0xd,0xa,0xef,0xee,0xed,0xe3,0xd,0xa,0xef,0xee,
  0xed,0xee,0xec,0xe0,0xf0,0xfc,0xd,0xa,0xef,0xee,0xef,0xf0,0xe5,0xea,0xd,0xa,
  0xef,0xf0,0xe0,0xf9,0xf3,0xf0,0xd,0xa,0xef,0xf0,0xe5,0xe4,0xf2,0xe5,0xf7,0xe0,
  0xd,0xa,0xef,0xf0,0xe5,0xeb,0xfc,0xd,0xa,0xef,0xf0,0xee,0xe2,0xe0,0xe9,0xe4,
  0xe5,0xf0,0xd,0xa,0xef,0xf0,0xee,0xe2,0xe8,0xe4,0xe5,0xf6,0xd,0xa,0xef,0xf0,
  0xee,0xe3,0xf0,0xe5,0xf1,0xf1,0xe8,0xf0,0xee,0xe2,0xe0,0xed,0xe8,0xe5,0xd,0xa,
  0xef,0xf0,0xee,0xe9,0xe4,0xe0,0xd,0xa,0xef,0xf0,0xee,0xed,0xe8,0xf6,0xe0,0xe5,
  0xec,0xee,0xf1,0xf2,0xfc,0xd,0xa,0xef,0xf0,0xee,0xf2,0xe5,0xf1,0xf2,0xe0,0xed,
  0xf2,0xd,0xa,0xef,0xf0,0xee,0xf2,0xe8,0xe2,0xe5,0xed,0xfc,0xd,0xa,0xef,0xf0,
  0xee,0xf2,0xee,0xef,0xee,0xef,0xd,0xa,0xef,0xf1,0xe8,0xf5,0xee,0xe0,0xed,0xe0,
  0xeb,0xe8,0xf2,0xe8,0xea,0xd,0xa,0xef,0xf3,0xf9,0xe8,0xed,0xee,0xd,0xa,0xf0,
  0xe0,0xe1,0xee,0xf2,0xea,0xe0,0xd,0xa,0xf0,0xe0,0xe4,0xe8,0xee,0xe2,0xee,0xeb,
  0xed,0xe0,0xd,0xa,0xf0,0xe0,0xe7,0xe2,0xe0,0xeb,0xfe,0xf5,0xe0,0xd,0xa,0xf0,
  0xe0,0xf1,0xe8,0xe7,0xec,0xd,0xa,0xf0,0xe5,0xe4,0xe0,0xea,0xf2,0xe8,0xf0,0xee,
  0xe2,0xe0,0xed,0xe8,0xe5,0xd,0xa,0xf0,0xe8,0xe3,0xe8,0xe4,0xed,0xee,0xf1,0xf2,
  0xfc,0xd,0xa,0xf0,0xe8,0xe4,0xe8,0xea,0xfe,0xeb,0xfc,0xd,0xa,0xf0,0xf3,0xeb,
  0xe0,0xe4,0xe0,0xd,0xa,0xf0,0xf3,0xf8,0xed,0xe8,0xea,0xd,0xa,0xf1,0xe0,0xe3,
  0xe0,0xd,0xa,0xf1,0xe0,0xeb,0xfc,0xf2,0xee,0xd,0xa,0xf1,0xe0,0xec,0xee,0xf1,
  0xe0,0xe4,0xd,0xa,0xf1,0xe0,0xec,0xee,0xf1,0xf3,0xe4,0xd,0xa,0xf1,0xe0,0xf0,
  0xe4,0xe8,0xed,0xe0,0xd,0xa,0xf1,0xe2,0xee,0xe5,0xe2,0xee,0xeb,0xe8,0xe5,0xd,
  0xa,0xf1,0xe6,0xe0,0xf2,0xe8,0xe5,0xd,0xa,0xf1,0xe8,0xe4,0xe5,0xeb,0xea,0xe0,
  0xd,0xa,0xf1,0xe8,0xed,0xfc,0xee,0xf0,0xd,0xa,0xf1,0xe8,0xf0,0xee,0xf2,0xea,
  0xe0,0xd,0xa,0xf1,0xea,0xe2,0xe5,0xf0,0xed,0xe0,0xd,0xa,0xf1,0xeb,0xfe,0xed,
  0xea,0xe0,0xd,0xa,0xf1,0xec,0xee,0xea,0xee,0xe2,0xed,0xe8,0xf6,0xe0,0xd,0xa,
  0xf1,0xec,0xff,0xe3,0xf7,0xe5,0xed,0xe8,0xe5,0xd,0xa,0xf1,0xee,0xe2,0xe5,0xf2,
  0xe8,0xe7,0xe0,0xf6,0xe8,0xff,0xd,0xa,0xf1,0xee,0xe7,0xe2,0xf3,0xf7,0xe8,0xe5,
  0xd,0xa,0xf1,0xef,0xe0,0xf1,0xe5,0xed,0xfc,0xe5,0xd,0xa,0xf1,0xef,0xe8,0xeb,
  0xe1,0xe5,0xf0,0xe3,0xd,0xa,0xf1,0xf2,0xe0,0xf0,0xe0,0xf2,0xe5,0xeb,0xfc,0xd,
  0xa,0xf1,0xf2,0xe5,0xed,0xee,0xe7,0xd,0xa,0xf1,0xf2,0xf0,0xe0,0xf2,0xee,0xf1,
  0xf4,0xe5,0xf0,0xe0,0xd,0xa,0xf1,0xf2,0xf3,0xef,0xea,0xe0,0xd,0xa,0xf1,0xf3,
  0xf0,0xe8,0xea,0xd,0xa,0xf1,0xf7,0xe0,0xf1,0xf2,0xe8,0xe5,0xd,0xa,0xf2,0xe0,
  0xe2,0xe4,0xe0,0xd,0xa,0xf2,0xe5,0xeb,0xe5,0xf4,0xee,0xed,0xe8,0xf1,0xf2,0xea,
  0xe0,0xd,0xa,0xf2,0xe8,0xf5,0xee,0xed,0xff,0xd,0xa,0xf2,0xf0,0xe5,0xe1,0xee,
  0xe2,0xe0,0xf2,0xe5,0xeb,0xfc,0xed,0xee,0xf1,0xf2,0xfc,0xd,0xa,0xf2,0xf0,0xe5,
  0xf1,0xea,0xee,0xf2,0xed,0xff,0xd,0xa,0xf2,0xf0,0xee,0xec,0xe1,0xee,0xf4,0xeb,
  0xe5,0xe1,0xe8,0xf2,0xd,0xa,0xf2,0xf0,0xf3,0xe4,0xee,0xf1,0xef,0xee,0xf1,0xee,
  0xe1,0xed,0xee,0xf1,0xf2,0xfc,0xd,0xa,0xf2,0xf3,0xf8,0xea,0xe0,0xd,0xa,0xf3,
  0xe3,0xeb,0xe5,0xea,0xe8,0xf1,0xeb,0xee,0xf2,0xe0,0xd,0xa,0xf3,0xe3,0xee,0xeb,
  0xee,0xe2,0xf9,0xe8,0xed,0xe0,0xd,0xa,0xf4,0xe0,0xea,0xf2,0xf3,0xf0,0xe0,0xd,
  0xa,0xf4,0xe0,0xed,0xf2,0xd,0xa,0xf4,0xee,0xeb,0xeb,0xe8,0xea,0xf3,0xeb,0xd,
  0xa,0xf5,0xe2,0xee,0xf0,0xee,0xf1,0xf2,0xe8,0xed,0xe0,0xd,0xa,0xf5,0xee,0xe4,
  0xf3,0xeb,0xff,0xd,0xa,0xf5,0xee,0xf2,0xe0,0xd,0xa,0xf5,0xf0,0xee,0xec,0xee,
  0xf1,0xee,0xec,0xe0,0xd,0xa,0xf6,0xe5,0xeb,0xee,0xec,0xf3,0xe4,0xf0,0xe8,0xe5,
  0xd,0xa,0xf7,0xe0,0xe1,0xe0,0xed,0xd,0xa,0xf7,0xe0,0xf0,0xee,0xe4,0xe5,0xe9,
  0xf1,0xf2,0xe2,0xee,0xd,0xa,0xf7,0xe5,0xef,0xf7,0xe8,0xea,0xd,0xa,0xf8,0xe0,
  0xf0,0xed,0xe8,0xf0,0xd,0xa,0xf8,0xe0,0xf2,0xe5,0xed,0xea,0xe0,0xd,0xa,0xf8,
  0xe5,0xf0,0xe8,0xf4,0xd,0xa,0xf8,0xeb,0xff,0xf5,0xd,0xa,0xf8,0xee,0xe2,0xe8,
  0xed,0xe8,0xe7,0xec,0xd,0xa,0xf8,0xf2,0xe0,0xed,0xe3,0xe8,0xf1,0xf2,0xd,0xa,
  0xf8,0xf2,0xe0,0xf2,0xe8,0xe2,0xd,0xa,0xf8,0xf2,0xf3,0xea,0xe0,0xf2,0xf3,0xf0,
  0xd,0xa,0xfd,0xea,0xf1,0xea,0xf0,0xe5,0xec,0xe5,0xed,0xf2,0xd,0xa,0xfd,0xf1,
  0xea,0xf3,0xeb,0xe0,0xef,0xd,0xa,0xfd,0xf1,0xf2,0xee,0xed,0xea,0xe0,0xd,0xa,
  0xfd,0xf2,0xfe,0xe4,0xed,0xe8,0xea,0xd,0xa,0xfd,0xf4,0xe8,0xee,0xef,0xe8,0xff,
  0xd,0xa,0xff,0xef,0xee,0xed,0xea,0xe0,0xd,0xa,0xe0,0xed,0xe3,0xe8,0xed,0xe0,
  0xd,0xa,0xe0,0xfd,0xf0,0xee,0xef,0xeb,0xe0,0xed,0xd,0xa,0xe1,0xe0,0xe1,0xe0,
  0xe9,0xd,0xa,0xe1,0xe0,0xe1,0xf3,0xeb,0xff,0xd,0xa,0xe1,0xe5,0xf0,0xe3,0xe5,
  0xf0,0xd,0xa,0xe1,0xe8,0xeb,0xfc,0xff,0xf0,0xe4,0xd,0xa,0xe1,0xeb,0xee,0xea,
  0xef,0xee,0xf1,0xf2,0xd,0xa,0xe2,0xe8,0xe4,0xe5,0xee,0xd,0xa,0xe2,0xee,0xeb,
  0xee,0xea,0xd,0xa,0xe2,0xfb,0xf2,0xf0,0xe5,0xe7,0xe2,0xe8,0xf2,0xe5,0xeb,0xfc,
  0xd,0xa,0xe3,0xe0,0xec,0xd,0xa,0xe3,0xe5,0xed,0xe8,0xe0,0xeb,0xfc,0xed,0xee,
  0xf1,0xf2,0xfc,0xd,0xa,0xe3,0xf3,0xeb,0xeb,0xe8,0xe2,0xe5,0xf0,0xd,0xa,0xe4,
  0xe5,0xe2,0xe8,0xe7,0xe0,0xd,0xa,0xe4,0xe8,0xe0,0xf4,0xf0,0xe0,0xe3,0xec,0xe0,
  0xd,0xa,0xe4,0xee,0xe1,0xe0,0xe2,0xeb,0xe5,0xed,0xe8,0xe5,0xd,0xa,0xe4,0xee,
  0xe3,0xee,0xe2,0xee,0xf0,0xe5,0xed,0xed,0xee,0xf1,0xf2,0xfc,0xd,0xa,0xe4,0xee,
  0xf5,0xe0,0xd,0xa,0xe5,0xeb,0xee,0xf7,0xea,0xe0,0xd,0xa,0xe7,0xe0,0xf2,0xe8,
  0xf8,0xfc,0xe5,0xd,0xa,0xe7,0xeb,0xee,0xf0,0xe0,0xe4,0xf1,0xf2,0xe2,0xee,0xd,
  0xa,0xe8,0xec,0xef,0xe5,0xf0,0xe0,0xf2,0xf0,0xe8,0xf6,0xe0,0xd,0xa,0xe8,0xed,
  0xe8,0xf6,0xe8,0xe0,0xf2,0xee,0xf0,0xd,0xa,0xe8,0xed,0xf4,0xe8,0xeb,0xfc,0xf2,
  0xf0,0xe0,0xf2,0xd,0xa,0xea,0xe0,0xec,0xe1,0xf3,0xe7,0xd,0xa,0xea,0xe0,0xec,
  0xe5,0xed,0xea,0xe0,0xd,0xa,0xea,0xe0,0xec,0xf3,0xf4,0xeb,0xff,0xe6,0xd,0xa,
  0xea,0xeb,0xe5,0xe9,0xec,0xee,0xd,0xa,0xea,0xee,0xe4,0xd,0xa,0xea,0xee,0xed,
  0xf1,0xef,0xe8,0xf0,0xe0,0xf6,0xe8,0xff,0xd,0xa,0xea,0xee,0xed,0xf2,0xf0,0xf0,
  0xe5,0xe2,0xee,0xeb,0xfe,0xf6,0xe8,0xff,0xd,0xa,0xea,0xee,0xf0,0xee,0xe2,0xed,
  0xe8,0xea,0xd,0xa,0xea,0xf0,0xe5,0xef,0xea,0xe8,0xd,0xa,0xea,0xf0,0xee,0xe2,
  0xd,0xa,0xea,0xf3,0xeb,0xfc,0xd,0xa,0xeb,0xe0,0xf0,0xe5,0xf6,0xd,0xa,0xee,
  0xe1,0xed,0xe0,0xf0,0xf3,0xe6,0xe5,0xed,0xe8,0xe5,0xd,0xa,0xef,0xee,0xe1,0xf3,
  0xe6,0xe4,0xe5,0xed,0xe8,0xe5,0xd,0xa,0xef,0xee,0xe4,0xf1,0xf2,0xe8,0xeb,0xea,
  0xe0,0xd,0xa,0xef,0xee,0xec,0xee,0xf9,0xed,0xe8,0xf6,0xe0,0xd,0xa,0xef,0xee,
  0xf1,0xeb,0xe0,0xed,0xed,0xe8,0xea,0xd,0xa,0xef,0xee,0xf7,0xe5,0xf1,0xf2,0xfc,
  0xd,0xa,0xef,0xf0,0xe8,0xf1,0xf2,0xe0,0xe2,0xe0,0xeb,0xe0,0xd,0xa,0xef,0xf0,
  0xe8,0xf1,0xf2,0xf0,0xee,0xe9,0xea,0xe0,0xd,0xa,0xef,0xf0,0xff,0xec,0xee,0xf2,
  0xe0,0xd,0xa,0xf0,0xe5,0xe0,0xeb,0xe8,0xff,0xd,0xa,0xf0,0xe5,0xef,0xe0,0xd,
  0xa,0xf0,0xe5,0xf4,0xe5,0xf0,0xe5,0xed,0xf2,0xd,0xa,0xf1,0xe5,0xf0,0xe2,0xe0,
  0xed,0xf2,0xd,0xa,0xf1,0xea,0xee,0xf0,0xeb,0xf3,0xef,0xe0,0xd,0xa,0xf1,0xec,
  0xe5,0xf0,0xf2,0xed,0xe8,0xea,0xd,0xa,0xf1,0xee,0xeb,0xee,0xd,0xa,0xf1,0xee,
  0xf0,0xee,0xea,0xe0,0xd,0xa,0xf1,0xee,0xf2,0xf0,0xf3,0xe4,0xed,0xe8,0xf6,0xe0,
  0xd,0xa,0xf1,0xef,0xeb,0xe5,0xf2,0xe5,0xed,0xe8,0xe5,0xd,0xa,0xf1,0xf2,0xe0,
  0xe1,0xe8,0xeb,0xe8,0xe7,0xe0,0xf6,0xe8,0xff,0xd,0xa,0xf1,0xf7,0xe0,0xf1,0xf2,
  0xeb,0xe8,0xe2,0xe5,0xf6,0xd,0xa,0xf2,0xe5,0xf0,0xe5,0xec,0xd,0xa,0xf3,0xf0,
  0xee,0xe4,0xf1,0xf2,0xe2,0xee,0xd,0xa,0xf4,0xee,0xf0,0xe5,0xeb,0xfc,0xd,0xa,
  0xf5,0xf3,0xf2,0xee,0xf0,0xff,0xed,0xe8,0xed,0xd,0xa,0xf7,0xe5,0xf0,0xe5,0xed,
  0xee,0xea,0xd,0xa,0xf7,0xe8,0xef,0xd,0xa,0xfd,0xef,0xee,0xef,0xe5,0xff,0xd,
  0xa,0xfd,0xf2,0xfe,0xe4,0xd,0xa,0xe0,0xe2,0xf2,0xee,0xe3,0xf0,0xe0,0xf4,0xd,
  0xa,0xe0,0xf4,0xe3,0xe0,0xed,0xe8,0xf1,0xf2,0xe0,0xed,0xd,0xa,0xe1,0xee,0xf0,
  0xd,0xa,0xe2,0xe5,0xed,0xe3,0xf0,0xe8,0xff,0xd,0xa,0xe4,0xe5,0xf1,0xe0,0xed,
  0xf2,0xd,0xa,0xe4,0xee,0xe6,0xe4,0xe8,0xea,0xd,0xa,0xe4,0xf0,0xe0,0xec,0xe0,
  0xf2,0xf3,0xf0,0xe3,0xd,0xa,0xe7,0xe0,0xe3,0xee,0xeb,0xee,0xe2,0xee,0xea,0xd,
  0xa,0xe7,0xe0,0xe4,0xe5,0xeb,0xd,0xa,0xea,0xeb,0xe5,0xed,0xd,0xa,0xea,0xee,
  0xf1,0xfb,0xed,0xea,0xe0,0xd,0xa,0xed,0xe5,0xe2,0xe5,0xf1,0xf2,0xea,0xe0,0xd,
  0xa,0xee,0xea,0xee,0xed,0xf6,0xe5,0xd,0xa,0xef,0xe0,0xf2,0xee,0xeb,0xee,0xe3,
  0xe8,0xff,0xd,0xa,0xef,0xff,0xf2,0xe0,0xd,0xa,0xf1,0xf7,0xe5,0xf2,0xfb,0xd,
  0xa,0xf2,0xe5,0xef,0xeb,0xee,0xf2,0xe0,0xd,0xa,0xf3,0xef,0xe0,0xea,0xee,0xe2,
  0xea,0xe0,0xd,0xa,0xf4,0xf0,0xe0,0xe3,0xec,0xe5,0xed,0xf2,0xd,0xa,0xf5,0xe5,
  0xf0,0xd,0xa,0xf5,0xf0,0xe8,0xf1,0xf2,0xe8,0xe0,0xed,0xf1,0xf2,0xe2,0xee,0xd,
  0xa,0xf7,0xe5,0xf0,0xe2,0xee,0xed,0xe5,0xf6,0xd,0xa,0xe0,0xe1,0xee,0xf0,0xe8,
  0xe3,0xe5,0xed,0xd,0xa,0xe0,0xf0,0xe5,0xed,0xe0,0xd,0xa,0xe1,0xf3,0xed,0xf2,
  0xd,0xa,0xe1,0xf3,0xf8,0xeb,0xe0,0xf2,0xd,0xa,0xea,0xe0,0xf2,0xf3,0xf8,0xea,
  0xe0,0xd,0xa,0xea,0xf0,0xee,0xe2,0xee,0xee,0xe1,0xf0,0xe0,0xf9,0xe5,0xed,0xe8,
  0xe5,0xd,0xa,0xef,0xee,0xea,0xf0,0xfb,0xe2,0xe0,0xeb,0xee,0xd,0xa,0xef,0xf0,
  0xe5,0xee,0xe4,0xee,0xeb,0xe5,0xed,0xe8,0xe5,0xd,0xa,0xef,0xf0,0xe8,0xe7,0xd,
  0xa,0xef,0xf0,0xee,0xea,0xeb,0xff,0xf2,0xe8,0xe5,0xd,0xa,0xf0,0xe0,0xe1,0xee,
  0xf2,0xff,0xe3,0xe0,0xd,0xa,0xe0,0xeb,0xf2,0xe0,0xe5,0xf6,0xd,0xa,0xe0,0xeb,
  0xfc,0xf2,0xd,0xa,0xe0,0xf2,0xeb,0xe0,0xf1,0xd,0xa,0xe0,0xf4,0xe5,0xf0,0xe8,
  0xf1,0xf2,0xd,0xa,0xe1,0xe0,0xf3,0xeb,0xd,0xa,0xe1,0xe5,0xf1,0xf2,0xe0,0xea,
  0xf2,0xed,0xee,0xf1,0xf2,0xfc,0xd,0xa,0xe1,0xf0,0xe8,0xf7,0xea,0xe0,0xd,0xa,
  0xe2,0xe2,0xee,0xe4,0xd,0xa,0xe2,0xee,0xe4,0xee,0xeb,0xe5,0xe9,0xd,0xa,0xe2,
  0xf1,0xf5,0xeb,0xe8,0xef,0xd,0xa,0xe2,0xfb,0xf0,0xe5,0xe7,0xd,0xa,0xe2,0xfb,
  0xf0,0xee,0xe6,0xe4,0xe5,0xed,0xe8,0xe5,0xd,0xa,0xe2,0xfb,0xf0,0xf3,0xe1,0xee,
  0xea,0xd,0xa,0xe2,0xfb,0xf1,0xfb,0xef,0xe0,0xed,0xe8,0xe5,0xd,0xa,0xe2,0xfb,
  0xf2,0xfc,0xd,0xa,0xe3,0xe5,0xed,0xe5,0xf0,0xe0,0xeb,0xe8,0xf1,0xf1,0xe8,0xec,
  0xf3,0xf1,0xd,0xa,0xe3,0xee,0xeb,0xf3,0xe1,0xe5,0xf6,0xd,0xa,0xe3,0xee,0xf0,
  0xff,0xf7,0xed,0xee,0xf1,0xf2,0xfc,0xd,0xa,0xe3,0xf3,0xf1,0xe5,0xea,0xd,0xa,
  0xe4,0xe5,0xe1,0xfe,0xf2,0xd,0xa,0xe4,0xfe,0xed,0xe0,0xd,0xa,0xe7,0xe0,0xe2,
  0xe8,0xf2,0xee,0xea,0xd,0xa,0xe7,0xe5,0xf0,0xed,0xfb,0xf8,0xea,0xee,0xd,0xa,
  0xe8,0xe7,0xe2,0xe5,0xf0,0xe6,0xe5,0xed,0xe8,0xe5,0xd,0xa,0xe8,0xec,0xec,0xe8,
  0xe3,0xf0,0xe0,0xf6,0xe8,0xff,0xd,0xa,0xe8,0xec,0xef,0xf0,0xee,0xe2,0xe8,0xe7,
  0xe0,0xf6,0xe8,0xff,0xd,0xa,0xe8,0xf0,0xeb,0xe0,0xed,0xe4,0xe8,0xff,0xd,0xa,
  0xea,0xe0,0xed,0xf3,0xed,0xd,0xa,0xea,0xeb,0xe8,0xe5,0xed,0xf2,0xea,0xe0,0xd,
  0xa,0xea,0xee,0xea,0xe0,0xe8,0xed,0xd,0xa,0xea,0xee,0xec,0xe5,0xf2,0xe0,0xd,
  0xa,0xea,0xee,0xec,0xec,0xe5,0xf0,0xf6,0xe8,0xff,0xd,0xa,0xea,0xee,0xed,0xf4,
  0xe5,0xf2,0xea,0xe0,0xd,0xa,0xea,0xee,0xee,0xef,0xe5,0xf0,0xe0,0xf2,0xee,0xf0,
  0xd,0xa,0xea,0xee,0xf1,0xec,0xfb,0xd,0xa,0xea,0xee,0xf2,0xee,0xec,0xea,0xe0,
  0xd,0xa,0xea,0xee,0xf7,0xe5,0xf0,0xe3,0xe0,0xd,0xa,0xea,0xf3,0xf0,0xe8,0xeb,
  0xfc,0xf9,0xe8,0xea,0xd,0xa,0xeb,0xe0,0xe2,0xee,0xf7,0xed,0xe8,0xea,0xd,0xa,
  0xeb,0xe8,0xf7,0xe8,0xed,0xea,0xe0,0xd,0xa,0xeb,0xee,0xe7,0xe0,0xd,0xa,0xec,
  0xe5,0xe4,0xf1,0xe0,0xed,0xe1,0xe0,0xf2,0xd,0xa,0xec,0xe8,0xed,0xe4,0xe0,0xeb,
  0xe8,0xed,0xe0,0xd,0xa,0xec,0xee,0xf8,0xea,0xe0,0xd,0xa,0xed,0xe0,0xe3,0xee,
  0xf0,0xfc,0xe5,0xd,0xa,0xed,0xe5,0xef,0xf0,0xe8,0xea,0xee,0xf1,0xed,0xee,0xe2,
  0xe5,0xed,0xed,0xee,0xf1,0xf2,0xfc,0xd,0xa,0xee,0xe1,0xec,0xe0,0xed,0xf9,0xe8,
  0xea,0xd,0xa,0xee,0xe4,0xed,0xee,0xf7,0xe0,0xf1,0xfc,0xe5,0xd,0xa,0xee,0xf0,
  0xed,0xe0,0xec,0xe5,0xed,0xf2,0xd,0xa,0xee,0xf2,0xf0,0xee,0xf1,0xf2,0xee,0xea,
  0xd,0xa,0xee,0xf2,0xf7,0xe0,0xff,0xed,0xfc,0xe5,0xd,0xa,0xef,0xe0,0xe2,0xeb,
  0xfe,0xea,0xd,0xa,0xef,0xe0,0xeb,0xfc,0xe1,0xe0,0xd,0xa,0xef,0xeb,0xe0,0xf1,
  0xf2,0xe8,0xeb,0xe8,0xed,0xd,0xa,0xef,0xeb,0xff,0xf1,0xd,0xa,0xef,0xee,0xe4,
  0xe2,0xee,0xf0,0xfc,0xe5,0xd,0xa,0xef,0xee,0xe4,0xec,0xe5,0xf2,0xea,0xe0,0xd,
  0xa,0xef,0xee,0xe6,0xe8,0xe2,0xe0,0xd,0xa,0xef,0xee,0xeb,0xee,0xf1,0xea,0xe0,
  0xed,0xe8,0xe5,0xd,0xa,0xef,0xee,0xf1,0xef,0xe5,0xf8,0xed,0xee,0xf1,0xf2,0xfc,
  0xd,0xa,0xef,0xf0,0xe5,0xe4,0xee,0xf5,0xf0,0xe0,0xed,0xe8,0xf2,0xe5,0xeb,0xfc,
  0xd,0xa,0xef,0xf0,0xe8,0xec,0xe0,0xed,0xea,0xe0,0xd,0xa,0xef,0xf0,0xee,0xea,
  0xf3,0xf0,0xe0,0xf2,0xee,0xf0,0xd,0xa,0xef,0xf0,0xee,0xf1,0xf7,0xe5,0xf2,0xd,
  0xa,0xef,0xf3,0xef,0xd,0xa,0xef,0xf5,0xe5,0xed,0xfc,0xff,0xed,0xd,0xa,0xf0,
  0xe0,0xe7,0xeb,0xe8,0xe2,0xd,0xa,0xf0,0xe0,0xf1,0xea,0xe0,0xf2,0xd,0xa,0xf1,
  0xe5,0xed,0xee,0xe2,0xe0,0xeb,0xd,0xa,0xf1,0xe5,0xf0,0xf2,0xe8,0xf4,0xe8,0xea,
  0xe0,0xf2,0xd,0xa,0xf1,0xed,0xe5,0xe4,0xfc,0xd,0xa,0xf1,0xf3,0xec,0xe0,0xf1,
  0xf8,0xe5,0xf1,0xf2,0xe2,0xe8,0xe5,0xd,0xa,0xf1,0xf5,0xee,0xeb,0xe0,0xf1,0xf2,
  0xd,0xa,0xf1,0xfb,0xf7,0xd,0xa,0xf2,0xf0,0xe0,0xea,0xf2,0xee,0xe2,0xea,0xe0,
  0xd,0xa,0xf3,0xf0,0xee,0xe4,0xe8,0xed,0xe0,0xd,0xa,0xf3,0xf0,0xee,0xe6,0xe5,
  0xed,0xe5,0xf6,0xd,0xa,0xf3,0xf7,0xe5,0xed,0xe8,0xf6,0xe0,0xd,0xa,0xf4,0xe0,
  0xf0,0xe0,0xee,0xed,0xd,0xa,0xf5,0xe0,0xf0,0xe1,0xe8,0xed,0xd,0xa,0xf5,0xeb,
  0xe0,0xe4,0xed,0xee,0xea,0xf0,0xee,0xe2,0xe8,0xe5,0xd,0xa,0xf5,0xee,0xe4,0xe8,
  0xea,0xd,0xa,0xf5,0xee,0xeb,0xe5,0xf6,0xe8,0xf1,0xf2,0xe8,0xf2,0xd,0xa,0xf6,
  0xe5,0xed,0xf2,0xed,0xe5,0xf0,0xd,0xa,0xf7,0xe0,0xf5,0xee,0xf2,0xea,0xe0,0xd,
  0xa,0xf7,0xf3,0xe6,0xe1,0xe8,0xed,0xe0,0xd,0xa,0xf8,0xe0,0xf5,0xee,0xe2,0xd,
  0xa,0xf9,0xe8,0xf2,0xee,0xea,0xd,0xa,0xfd,0xec,0xef,0xe8,0xf0,0xe5,0xe9,0xd,
  0xa,0xfd,0xf2,0xe0,0xe6,0xe5,0xf0,0xea,0xe0,0xd,0xa,0xe0,0xe3,0xf0,0xe5,0xe3,
  0xe0,0xf2,0xd,0xa,0xe0,0xf0,0xf1,0xe5,0xed,0xe0,0xeb,0xd,0xa,0xe1,0xee,0xff,
  0xe7,0xed,0xfc,0xd,0xa,0xe3,0xee,0xeb,0xee,0xe2,0xe0,0xed,0xd,0xa,0xe3,0xf0,
  0xe8,0xe1,0xee,0xea,0xd,0xa,0xe3,0xf3,0xe4,0xd,0xa,0xe4,0xf3,0xe4,0xea,0xe0,
  0xd,0xa,0xe7,0xe4,0xf0,0xe0,0xe2,0xee,0xee,0xf5,0xf0,0xe0,0xed,0xe5,0xed,0xe8,
  0xe5,0xd,0xa,0xe8,0xe7,0xe1,0xf0,0xe0,0xed,0xed,0xe8,0xea,0xd,0xa,0xe8,0xf1,
  0xea,0xf3,0xf8,0xe5,0xed,0xe8,0xe5,0xd,0xa,0xea,0xe0,0xec,0xe0,0xe7,0xd,0xa,
  0xea,0xee,0xe1,0xd,0xa,0xea,0xee,0xed,0xf1,0xe5,0xf0,0xe2,0xe0,0xf2,0xee,0xf0,
  0xe8,0xff,0xd,0xa,0xeb,0xe0,0xe7,0xe0,0xf0,0xe5,0xf2,0xd,0xa,0xec,0xe0,0xf1,
  0xf1,0xe8,0xe2,0xd,0xa,0xed,0xe0,0xf8,0xe5,0xf1,0xf2,0xe2,0xe8,0xe5,0xd,0xa,
  0xed,0xe5,0xe1,0xee,0xf1,0xea,0xf0,0xe5,0xe1,0xd,0xa,0xee,0xe1,0xf9,0xed,0xee,
  0xf1,0xf2,0xfc,0xd,0xa,0xee,0xef,0xe8,0xeb,0xea,0xe0,0xd,0xa,0xee,0xf1,0xe0,
  0xd,0xa,0xee,0xf2,0xeb,0xe5,0xf2,0xd,0xa,0xef,0xe0,0xf1,0xd,0xa,0xef,0xe8,
  0xed,0xe0,0xd,0xa,0xef,0xee,0xe4,0xf1,0xf2,0xe0,0xe2,0xea,0xe0,0xd,0xa,0xef,
  0xee,0xeb,0xf3,0xea,0xf0,0xf3,0xe3,0xd,0xa,0xef,0xf0,0xe8,0xe7,0xe2,0xe0,0xed,
  0xe8,0xe5,0xd,0xa,0xef,0xf0,0xe8,0xf7,0xe0,0xf1,0xf2,0xed,0xee,0xf1,0xf2,0xfc,
  0xd,0xa,0xf0,0xee,0xe1,0xee,0xf1,0xf2,0xfc,0xd,0xa,0xf0,0xee,0xea,0xee,0xf2,
  0xd,0xa,0xf0,0xf3,0xe3,0xe0,0xf2,0xe5,0xeb,0xfc,0xf1,0xf2,0xe2,0xee,0xd,0xa,
  0xf1,0xea,0xee,0xf0,0xee,0xe3,0xee,0xe2,0xee,0xf0,0xea,0xe0,0xd,0xa,0xf2,0xe0,
  0xeb,0xeb,0xe8,0xed,0xd,0xa,0xf6,0xe5,0xed,0xe7,0xee,0xf0,0xd,0xa,0xe3,0xe0,
  0xf1,0xf2,0xf0,0xee,0xeb,0xfc,0xd,0xa,0xe6,0xe0,0xe1,0xe0,0xd,0xa,0xe8,0xed,
  0xe5,0xe9,0xd,0xa,0xea,0xe0,0xf0,0xf2,0xee,0xf4,0xe5,0xeb,0xfc,0xd,0xa,0xea,
  0xee,0xeb,0xfe,0xf7,0xea,0xe0,0xd,0xa,0xea,0xee,0xf0,0xe5,0xf8,0xee,0xea,0xd,
  0xa,0xea,0xf3,0xef,0xeb,0xff,0xd,0xa,0xeb,0xee,0xef,0xf3,0xf5,0xd,0xa,0xec,
  0xe0,0xf0,0xe0,0xd,0xa,0xec,0xee,0xed,0xee,0xeb,0xee,0xe3,0xd,0xa,0xef,0xf0,
  0xe0,0xe2,0xee,0xf2,0xe0,0xd,0xa,0xef,0xf0,0xe8,0xe2,0xe8,0xeb,0xe5,0xe3,0xe8,
  0xff,0xd,0xa,0xf1,0xe2,0xe8,0xed,0xe5,0xf6,0xd,0xa,0xf1,0xea,0xee,0xef,0xeb,
  0xe5,0xed,0xe8,0xe5,0xd,0xa,0xf1,0xee,0xe1,0xf0,0xe0,0xf2,0xd,0xa,0xf2,0xf3,
  0xeb,0xf3,0xef,0xd,0xa,0xf4,0xe8,0xed,0xeb,0xff,0xed,0xe4,0xe8,0xff,0xd,0xa,
  0xf7,0xf3,0xec,0xd,0xa,0xe0,0xf1,0xef,0xe5,0xea,0xf2,0xd,0xa,0xe4,0xe8,0xe2,
  0xe8,0xe7,0xe8,0xee,0xed,0xd,0xa,0xe5,0xe7,0xe4,0xe0,0xd,0xa,0xea,0xeb,0xfe,
  0xe2,0xd,0xa,0xea,0xee,0xe1,0xf3,0xf0,0xe0,0xd,0xa,0xef,0xeb,0xe0,0xf2,0xee,
  0xf7,0xe5,0xea,0xd,0xa,0xef,0xee,0xeb,0xfe,0xf1,0xd,0xa,0xef,0xf3,0xf2,0xed,
  0xe8,0xea,0xd,0xa,0xf1,0xf3,0xf5,0xe0,0xf0,0xfc,0xd,0xa,0xfd,0xed,0xf6,0xe8,
  0xea,0xeb,0xee,0xef,0xe5,0xe4,0xe8,0xff,0xd,0xa,0xe0,0xf3,0xe4,0xe8,0xe5,0xed,
  0xf6,0xe8,0xff,0xd,0xa,0xe1,0xe0,0xe4,0xfc,0xff,0xd,0xa,0xe1,0xe0,0xf0,0xf1,
  0xf3,0xea,0xd,0xa,0xe1,0xe0,0xf5,0xf7,0xe0,0xd,0xa,0xe1,0xe5,0xe7,0xe4,0xe5,
  0xeb,0xf3,0xf8,0xea,0xe0,0xd,0xa,0xe1,0xe5,0xed,0xe4,0xe5,0xf0,0xfb,0xd,0xa,
  0xe1,0xe5,0xf2,0xee,0xed,0xea,0xe0,0xd,0xa,0xe1,0xee,0xeb,0xd,0xa,0xe1,0xee,
  0xec,0xe1,0xee,0xf3,0xe1,0xe5,0xe6,0xe8,0xf9,0xe5,0xd,0xa,0xe1,0xf3,0xea,0xeb,
  0xe5,0xf2,0xd,0xa,0xe1,0xfb,0xe4,0xeb,0xee,0xd,0xa,0xe2,0xe0,0xf0,0xe2,0xe0,
  0xf0,0xf1,0xf2,0xe2,0xee,0xd,0xa,0xe2,0xe5,0xf0,0xec,0xe8,0xf8,0xe5,0xeb,0xfc,
  0xd,0xa,0xe2,0xe5,0xf9,0xe0,0xed,0xe8,0xe5,0xd,0xa,0xe2,0xe8,0xe1,0xf0,0xe0,
  0xf6,0xe8,0xff,0xd,0xa,0xe2,0xee,0xeb,0xea,0xee,0xe4,0xe0,0xe2,0xd,0xa,0xe2,
  0xee,0xff,0xe6,0xd,0xa,0xe2,0xf1,0xe0,0xe4,0xed,0xe8,0xf6,0xe0,0xd,0xa,0xe2,
  0xf1,0xe5,0xe2,0xfb,0xf8,0xed,0xe8,0xe9,0xd,0xa,0xe2,0xf5,0xee,0xe6,0xe4,0xe5,
  0xed,0xe8,0xe5,0xd,0xa,0xe2,0xfb,0xe1,0xee,0xe8,0xed,0xe0,0xd,0xa,0xe2,0xfb,
  0xf1,0xee,0xea,0xee,0xef,0xf0,0xe5,0xe2,0xee,0xf1,0xf5,0xee,0xe4,0xe8,0xf2,0xe5,
  0xeb,0xfc,0xf1,0xf2,0xe2,0xee,0xd,0xa,0xe3,0xe0,0xea,0xd,0xa,0xe3,0xe5,0xed,
  0xef,0xf0,0xee,0xea,0xf3,0xf0,0xe0,0xf2,0xf3,0xf0,0xe0,0xd,0xa,0xe3,0xee,0xed,
  0xe3,0xd,0xa,0xe3,0xee,0xf0,0xf1,0xee,0xe2,0xe5,0xf2,0xd,0xa,0xe3,0xf0,0xe0,
  0xf4,0xe8,0xed,0xf7,0xe8,0xea,0xd,0xa,0xe3,0xf0,0xee,0xec,0xe0,0xe4,0xe8,0xed,
  0xe0,0xd,0xa,0xe3,0xf3,0xeb,0xe8,0xed,0xd,0xa,0xe4,0xe8,0xe0,0xe3,0xed,0xee,
  0xf1,0xf2,0xe8,0xea,0xd,0xa,0xe4,0xe8,0xf0,0xe5,0xea,0xf2,0xf0,0xe8,0xf1,0xe0,
  0xd,0xa,0xe4,0xf0,0xe5,0xe1,0xe5,0xe4,0xe5,0xed,0xfc,0xd,0xa,0xe4,0xf3,0xe4,
  0xee,0xf7,0xea,0xe0,0xd,0xa,0xe4,0xf3,0xf8,0xe5,0xed,0xfc,0xea,0xe0,0xd,0xa,
  0xe5,0xf0,0xee,0xf8,0xe8,0xed,0xd,0xa,0xe6,0xe5,0xeb,0xe5,0xd,0xa,0xe7,0xe0,
  0xec,0xf3,0xf5,0xf0,0xfb,0xf8,0xea,0xe0,0xd,0xa,0xe7,0xe0,0xed,0xe0,0xf7,0xea,
  0xe0,0xd,0xa,0xe7,0xe0,0xef,0xf3,0xf1,0xf2,0xe5,0xed,0xe8,0xe5,0xd,0xa,0xe7,
  0xe5,0xeb,0xe5,0xed,0xea,0xe0,0xd,0xa,0xe7,0xeb,0xe0,0xea,0xd,0xa,0xe8,0xe7,
  0xe2,0xe8,0xe2,0xd,0xa,0xea,0xee,0xeb,0xe5,0xf1,0xed,0xe8,0xf6,0xe0,0xd,0xa,
  0xea,0xee,0xeb,0xe8,0xea,0xe0,0xd,0xa,0xea,0xee,0xed,0xf1,0xe5,0xf0,0xe2,0xe0,
  0xf2,0xee,0xf0,0xd,0xa,0xea,0xf0,0xe5,0xf1,0xf2,0xe8,0xf2,0xe5,0xeb,0xfc,0xd,
  0xa,0xea,0xf3,0xeb,0xf3,0xe0,0xf0,0xd,0xa,0xeb,0xe5,0xee,0xef,0xe0,0xf0,0xe4,
  0xd,0xa,0xeb,0xe8,0xe1,0xe5,0xf0,0xe0,0xeb,0xe8,0xe7,0xec,0xd,0xa,0xeb,0xee,
  0xf1,0xee,0xf1,0xfc,0xd,0xa,0xec,0xe0,0xf1,0xf2,0xe8,0xea,0xe0,0xd,0xa,0xec,
  0xe0,0xf5,0xe8,0xed,0xe0,0xd,0xa,0xec,0xe5,0xe3,0xe0,0xef,0xee,0xeb,0xe8,0xf1,
  0xd,0xa,0xec,0xe5,0xeb,0xfc,0xea,0xe0,0xed,0xe8,0xe5,0xd,0xa,0xec,0xe5,0xf2,
  0xe5,0xee,0xf0,0xee,0xeb,0xee,0xe3,0xd,0xa,0xec,0xe5,0xf2,0xf0,0xe4,0xee,0xf2,
  0xe5,0xeb,0xfc,0xd,0xa,0xec,0xe5,0xf5,0xe0,0xed,0xe8,0xe7,0xe0,0xf2,0xee,0xf0,
  0xd,0xa,0xec,0xe8,0xf0,0xee,0xea,0xd,0xa,0xec,0xee,0xe3,0xe8,0xeb,0xfc,0xf9,
  0xe8,0xea,0xd,0xa,0xec,0xee,0xf0,0xe6,0xd,0xa,0xec,0xf3,0xf2,0xe0,0xf6,0xe8,
  0xff,0xd,0xa,0xec,0xfe,0xe7,0xe8,0xea,0xeb,0xd,0xa,0xed,0xe0,0xeb,0xee,0xe3,
  0xee,0xee,0xe1,0xeb,0xee,0xe6,0xe5,0xed,0xe8,0xe5,0xd,0xa,0xed,0xe5,0xe1,0xee,
  0xf1,0xe2,0xee,0xe4,0xd,0xa,0xed,0xe5,0xf2,0xe5,0xf0,0xef,0xe8,0xec,0xee,0xf1,
  0xf2,0xfc,0xd,0xa,0xed,0xee,0xe2,0xf8,0xe5,0xf1,0xf2,0xe2,0xee,0xd,0xa,0xed,
  0xee,0xec,0xe5,0xf0,0xee,0xea,0xd,0xa,0xee,0xe1,0xee,0xf0,0xe2,0xe0,0xed,0xe5,
  0xf6,0xd,0xa,0xee,0xe1,0xfa,0xe5,0xe4,0xee,0xea,0xd,0xa,0xee,0xe3,0xed,0xe5,
  0xf2,0xf3,0xf8,0xe8,0xf2,0xe5,0xeb,0xfc,0xd,0xa,0xee,0xe7,0xed,0xe0,0xea,0xee,
  0xec,0xeb,0xe5,0xed,0xe8,0xe5,0xd,0xa,0xee,0xef,0xf3,0xe1,0xeb,0xe8,0xea,0xee,
  0xe2,0xe0,0xed,0xe8,0xe5,0xd,0xa,0xee,0xf0,0xe5,0xf8,0xe8,0xed,0xe0,0xd,0xa,
  0xee,0xf1,0xf2,0xe0,0xed,0xea,0xe8,0xed,0xee,0xd,0xa,0xee,0xf2,0xe7,0xe2,0xf3,
  0xea,0xd,0xa,0xef,0xe0,0xe6,0xd,0xa,0xef,0xe0,0xea,0xe8,0xf1,0xf2,0xe0,0xed,
  0xd,0xa,0xef,0xe0,0xeb,0xfc,0xf2,0xe8,0xf8,0xea,0xee,0xd,0xa,0xef,0xe0,0xed,
  0xe0,0xec,0xe0,0xd,0xa,0xef,0xe5,0xf1,0xe5,0xf6,0xd,0xa,0xef,0xee,0xe4,0xed,
  0xee,0xe6,0xfc,0xe5,0xd,0xa,0xef,0xee,0xe4,0xf1,0xf2,0xe0,0xed,0xf6,0xe8,0xff,
  0xd,0xa,0xef,0xee,0xeb,0xf3,0xf8,0xe5,0xef,0xee,0xf2,0xd,0xa,0xef,0xee,0xef,
  0xea,0xe0,0xd,0xa,0xef,0xee,0xef,0xf3,0xeb,0xff,0xf6,0xe8,0xff,0xd,0xa,0xef,
  0xee,0xf1,0xf2,0xe8,0xe6,0xe5,0xed,0xe8,0xe5,0xd,0xa,0xef,0xee,0xf8,0xe5,0xf5,
  0xee,0xed,0xe5,0xf6,0xd,0xa,0xef,0xf0,0xe8,0xef,0xf0,0xe0,0xe2,0xe0,0xd,0xa,
  0xef,0xf0,0xee,0xe6,0xe8,0xeb,0xee,0xea,0xd,0xa,0xef,0xf0,0xee,0xec,0xe0,0xf8,
  0xea,0xe0,0xd,0xa,0xef,0xf0,0xee,0xf4,0xea,0xee,0xec,0xd,0xa,0xef,0xfc,0xe5,
  0xf0,0xee,0xd,0xa,0xf0,0xe0,0xf1,0xf1,0xee,0xeb,0xd,0xa,0xf0,0xe0,0xf2,0xfc,
  0xd,0xa,0xf0,0xe5,0xf8,0xe5,0xf2,0xee,0xd,0xa,0xf0,0xee,0xeb,0xeb,0xd,0xa,
  0xf0,0xee,0xf1,0xf7,0xe5,0xf0,0xea,0xd,0xa,0xf1,0xea,0xe8,0xf2,0xd,0xa,0xf1,
  0xeb,0xe0,0xe1,0xee,0xf3,0xec,0xe8,0xe5,0xd,0xa,0xf1,0xeb,0xe0,0xe2,0xe8,0xf1,
  0xf2,0xd,0xa,0xf1,0xeb,0xe5,0xef,0xe5,0xf6,0xd,0xa,0xf1,0xec,0xe5,0xf8,0xe5,
  0xed,0xe8,0xe5,0xd,0xa,0xf1,0xee,0xf1,0xf3,0xf9,0xe5,0xf1,0xf2,0xe2,0xee,0xe2,
  0xe0,0xed,0xe8,0xe5,0xd,0xa,0xf1,0xf2,0xe0,0xe1,0xe8,0xeb,0xe8,0xe7,0xe0,0xf2,
  0xee,0xf0,0xd,0xa,0xf1,0xf2,0xe5,0xed,0xee,0xe3,0xf0,0xe0,0xf4,0xe8,0xf1,0xf2,
  0xea,0xe0,0xd,0xa,0xf1,0xf2,0xf0,0xf3,0xed,0xea,0xe0,0xd,0xa,0xf1,0xf3,0xf8,
  0xed,0xff,0xea,0xd,0xa,0xf1,0xfb,0xf2,0xee,0xf1,0xf2,0xfc,0xd,0xa,0xf2,0xe0,
  0xec,0xef,0xee,0xed,0xd,0xa,0xf2,0xe5,0xeb,0xff,0xf2,0xe8,0xed,0xe0,0xd,0xa,
  0xf2,0xe5,0xf0,0xe0,0xef,0xe5,0xe2,0xf2,0xd,0xa,0xf2,0xf0,0xe0,0xea,0xd,0xa,
  0xf3,0xe3,0xee,0xed,0xd,0xa,0xf3,0xf0,0xee,0xed,0xd,0xa,0xf3,0xf2,0xee,0xec,
  0xeb,0xe5,0xed,0xe8,0xe5,0xd,0xa,0xf4,0xe5,0xed,0xe8,0xea,0xf1,0xd,0xa,0xf4,
  0xeb,0xe5,0xe3,0xec,0xee,0xed,0xe0,0xd,0xa,0xf4,0xeb,0xe8,0xf0,0xf2,0xd,0xa,
  0xf5,0xee,0xeb,0xee,0xe4,0xed,0xee,0xf1,0xf2,0xfc,0xd,0xa,0xf5,0xf0,0xe0,0xe1,
  0xf0,0xe5,0xf6,0xd,0xa,0xf8,0xef,0xe0,0xf0,0xe3,0xe0,0xeb,0xea,0xe0,0xd,0xa,
  0xf8,0xf2,0xe0,0xea,0xe5,0xf2,0xed,0xe8,0xea,0xd,0xa,0xfd,0xea,0xe7,0xe0,0xec,
  0xe5,0xed,0xe0,0xf2,0xee,0xf0,0xd,0xa,0xfd,0xea,0xf1,0xef,0xe5,0xf0,0xe8,0xec,
  0xe5,0xed,0xf2,0xe0,0xf2,0xee,0xf0,0xd,0xa,0xe0,0xec,0xe1,0xe8,0xf6,0xe8,0xff,
  0xd,0xa,0xe0,0xed,0xe5,0xec,0xe8,0xff,0xd,0xa,0xe0,0xf0,0xe8,0xff,0xd,0xa,
  0xe0,0xf0,0xf5,0xe8,0xef,0xe5,0xeb,0xe0,0xe3,0xd,0xa,0xe1,0xe5,0xe4,0xed,0xff,
  0xe6,0xea,0xe0,0xd,0xa,0xe1,0xe5,0xe7,0xec,0xee,0xeb,0xe2,0xe8,0xe5,0xd,0xa,
  0xe1,0xf0,0xe5,0xe7,0xe3,0xeb,0xe8,0xe2,0xee,0xf1,0xf2,0xfc,0xd,0xa,0xe2,0xe0,
  0xeb,0xe5,0xf2,0xd,0xa,0xe2,0xee,0xe7,0xed,0xe0,0xe3,0xf0,0xe0,0xe6,0xe4,0xe5,
  0xed,0xe8,0xe5,0xd,0xa,0xe2,0xf1,0xf2,0xf0,0xe5,0xf7,0xed,0xfb,0xe9,0xd,0xa,
  0xe2,0xfb,0xe1,0xf0,0xee,0xf1,0xd,0xa,0xe2,0xfc,0xe5,0xf2,0xed,0xe0,0xec,0xd,
  0xa,0xe3,0xee,0xeb,0xeb,0xe0,0xed,0xe4,0xe8,0xff,0xd,0xa,0xe3,0xee,0xed,0xe5,
  0xf6,0xd,0xa,0xe3,0xf3,0xf9,0xe0,0xd,0xa,0xe4,0xe5,0xe6,0xf3,0xf0,0xea,0xe0,
  0xd,0xa,0xe4,0xee,0xec,0xee,0xf5,0xee,0xe7,0xff,0xe9,0xea,0xe0,0xd,0xa,0xe6,
  0xf3,0xf0,0xed,0xe0,0xeb,0xe8,0xf1,0xf2,0xe8,0xea,0xe0,0xd,0xa,0xe6,0xf3,0xf0,
  0xed,0xe0,0xeb,0xe8,0xf1,0xf2,0xea,0xe0,0xd,0xa,0xe7,0xe0,0xe2,0xff,0xe7,0xea,
  0xe0,0xd,0xa,0xea,0xe0,0xef,0xf0,0xe8,0xe7,0xd,0xa,0xea,0xe8,0xf1,0xf2,0xee,
  0xf7,0xea,0xe0,0xd,0xa,0xea,0xee,0xef,0xed,0xe0,0xd,0xa,0xeb,0xee,0xf5,0xd,
  0xa,0xed,0xe0,0xe2,0xe0,0xe6,0xe4,0xe5,0xed,0xe8,0xe5,0xd,0xa,0xee,0xe1,0xe5,
  0xeb,0xe8,0xf1,0xea,0xd,0xa,0xee,0xf0,0xe5,0xf8,0xe5,0xea,0xd,0xa,0xee,0xf2,
  0xea,0xeb,0xe8,0xea,0xd,0xa,0xee,0xf5,0xeb,0xe0,0xe6,0xe4,0xe5,0xed,0xe8,0xe5,
  0xd,0xa,0xef,0xe0,0xeb,0xe8,0xf1,0xe0,0xe4,0xed,0xe8,0xea,0xd,0xa,0xef,0xee,
  0xe4,0xeb,0xee,0xe3,0xd,0xa,0xef,0xf0,0xe8,0xe2,0xea,0xf3,0xf1,0xd,0xa,0xef,
  0xf0,0xe8,0xea,0xe0,0xe7,0xf7,0xe8,0xea,0xd,0xa,0xf0,0xe0,0xe7,0xe2,0xe8,0xeb,
  0xee,0xea,0xd,0xa,0xf0,0xe0,0xf6,0xe8,0xee,0xed,0xd,0xa,0xf0,0xe8,0xf4,0xec,
  0xe0,0xd,0xa,0xf0,0xf3,0xe1,0xe8,0xeb,0xee,0xd,0xa,0xf1,0xe0,0xe4,0xee,0xe2,
  0xed,0xe8,0xea,0xd,0xa,0xf1,0xee,0xf2,0xf0,0xff,0xf1,0xe5,0xed,0xe8,0xe5,0xd,
  0xa,0xf1,0xef,0xe8,0xf0,0xe0,0xeb,0xfc,0xd,0xa,0xf3,0xf5,0xec,0xfb,0xeb,0xea,
  0xe0,0xd,0xa,0xf5,0xeb,0xee,0xef,0xfc,0xff,0xd,0xa,0xf5,0xf0,0xf3,0xf1,0xf2,
  0xe0,0xeb,0xfc,0xd,0xa,0xf9,0xf3,0xef,0xe0,0xeb,0xfc,0xf6,0xe5,0xd,0xa,0xff,
  0xe3,0xee,0xe4,0xe8,0xf6,0xe0,0xd,0xa,0xe3,0xe8,0xec,0xed,0xd,0xa,0xe4,0xf0,
  0xf3,0xe6,0xe8,0xf9,0xe5,0xd,0xa,0xe4,0xff,0xf2,0xe5,0xeb,0xd,0xa,0xe7,0xee,
  0xeb,0xee,0xf2,0xee,0xe9,0xd,0xa,0xea,0xee,0xf0,0xe6,0xd,0xa,0xed,0xe8,0xf2,
  0xee,0xf7,0xea,0xe0,0xd,0xa,0xee,0xf6,0xe5,0xef,0xe5,0xed,0xe5,0xed,0xe8,0xe5,
  0xd,0xa,0xee,0xf7,0xe8,0xf1,0xf2,0xea,0xe0,0xd,0xa,0xef,0xee,0xec,0xee,0xf1,
  0xf2,0xd,0xa,0xef,0xf0,0xe8,0xf1,0xf2,0xf0,0xe0,0xf1,0xf2,0xe8,0xe5,0xd,0xa,
  0xef,0xf0,0xee,0xe4,0xe2,0xe8,0xe6,0xe5,0xed,0xe8,0xe5,0xd,0xa,0xef,0xf0,0xff,
  0xe6,0xea,0xe0,0xd,0xa,0xef,0xf3,0xe4,0xd,0xa,0xf1,0xe5,0xea,0xf2,0xe0,0xd,
  0xa,0xf1,0xf2,0xe0,0xf2,0xe8,0xf1,0xf2,0xe8,0xea,0xe0,0xd,0xa,0xf1,0xf2,0xf0,
  0xe5,0xeb,0xe5,0xf6,0xd,0xa,0xf3,0xf8,0xea,0xee,0xd,0xa,0xf4,0xee,0xf0,0xec,
  0xf3,0xeb,0xe8,0xf0,0xee,0xe2,0xea,0xe0,0xd,0xa,0xf7,0xe5,0xf0,0xe5,0xe4,0xe0,
  0xd,0xa,0xff,0xea,0xee,0xf0,0xfc,0xd,0xa,0xe2,0xe5,0xf0,0xf2,0xe5,0xeb,0xd,
  0xa,0xe4,0xe2,0xee,0xf0,0xe8,0xea,0xd,0xa,0xe4,0xee,0xed,0xe5,0xf1,0xe5,0xed,
  0xe8,0xe5,0xd,0xa,0xea,0xed,0xf3,0xf2,0xd,0xa,0xea,0xee,0xf0,0xec,0xe8,0xeb,
  0xee,0xd,0xa,0xeb,0xe8,0xf7,0xe8,0xea,0xee,0xd,0xa,0xee,0xe1,0xfa,0xe5,0xea,
  0xf2,0xe8,0xe2,0xd,0xa,0xee,0xf1,0xf2,0xf0,0xee,0xe2,0xee,0xea,0xd,0xa,0xf1,
  0xe0,0xf2,0xe8,0xed,0xd,0xa,0xf1,0xee,0xf0,0xee,0xf7,0xea,0xe0,0xd,0xa,0xf1,
  0xf2,0xf0,0xe5,0xf1,0xf1,0xd,0xa,0xf1,0xfb,0xf0,0xfc,0xe5,0xd,0xa,0xf2,0xe8,
  0xf0,0xe0,0xe6,0xd,0xa,0xf2,0xf3,0xed,0xe4,0xf0,0xe0,0xd,0xa,0xf3,0xf1,0xe8,
  0xea,0xd,0xa,0xe0,0xe2,0xe8,0xe0,0xeb,0xe8,0xed,0xe8,0xff,0xd,0xa,0xe0,0xe7,
  0xe5,0xf0,0xe1,0xe0,0xe9,0xe4,0xe6,0xe0,0xed,0xe5,0xf6,0xd,0xa,0xe0,0xeb,0xe5,
  0xea,0xf1,0xe0,0xed,0xe4,0xf0,0xe8,0xff,0xd,0xa,0xe0,0xed,0xe0,0xec,0xed,0xe5,
  0xe7,0xd,0xa,0xe0,0xed,0xf2,0xe8,0xf1,0xe5,0xef,0xf2,0xe8,0xea,0xd,0xa,0xe0,
  0xed,0xf2,0xf3,0xf0,0xe0,0xe6,0xd,0xa,0xe0,0xee,0xe7,0xf2,0xd,0xa,0xe0,0xf0,
  0xf2,0xe5,0xec,0xd,0xa,0xe0,0xf4,0xf4,0xe5,0xea,0xf2,0xd,0xa,0xe0,0xf6,0xe5,
  0xf2,0xee,0xed,0xd,0xa,0xe1,0xe0,0xeb,0xea,0xee,0xed,0xf7,0xe8,0xea,0xd,0xa,
  0xe1,0xe0,0xeb,0xeb,0xee,0xed,0xf7,0xe8,0xea,0xd,0xa,0xe1,0xe0,0xed,0xea,0xf0,
  0xee,0xf2,0xd,0xa,0xe1,0xe0,0xed,0xed,0xe8,0xea,0xee,0xe2,0xd,0xa,0xe1,0xe5,
  0xe4,0xed,0xee,0xf2,0xe0,0xd,0xa,0xe1,0xe5,0xe7,0xe4,0xe5,0xed,0xe5,0xe6,0xfc,
  0xe5,0xd,0xa,0xe1,0xe5,0xe7,0xf0,0xe0,0xf1,0xf1,0xf3,0xe4,0xf1,0xf2,0xe2,0xee,
  0xd,0xa,0xe1,0xe5,0xf1,0xef,0xf0,0xe0,0xe2,0xe8,0xe5,0xd,0xa,0xe1,0xe5,0xf1,
  0xf6,0xe5,0xed,0xee,0xea,0xd,0xa,0xe1,0xee,0xe1,0xfb,0xeb,0xfc,0xd,0xa,0xe1,
  0xee,0xe3,0xee,0xf1,0xeb,0xee,0xe2,0xe8,0xe5,0xd,0xa,0xe1,0xee,0xeb,0xee,0xf2,
  0xed,0xe8,0xea,0xd,0xa,0xe1,0xee,0xf1,0xf2,0xee,0xed,0xd,0xa,0xe1,0xee,0xf2,
  0xf4,0xee,0xf0,0xf2,0xd,0xa,0xe1,0xf3,0xe3,0xe8,0xd,0xa,0xe1,0xf3,0xf1,0xe8,
  0xed,0xea,0xe0,0xd,0xa,0xe2,0xe0,0xf5,0xf2,0xe5,0xf0,0xf8,0xe0,0xd,0xa,0xe2,
  0xe8,0xf1,0xe5,0xeb,0xfc,0xed,0xe8,0xea,0xd,0xa,0xe2,0xed,0xf3,0xea,0xee,0xe2,
  0xee,0xd,0xa,0xe2,0xee,0xe4,0xff,0xed,0xea,0xe0,0xd,0xa,0xe2,0xee,0xe5,0xed,
  0xe2,0xf0,0xe0,0xf7,0xd,0xa,0xe2,0xee,0xf0,0xee,0xf2,0xe8,0xeb,0xe0,0xd,0xa,
  0xe2,0xee,0xf1,0xf5,0xe2,0xe0,0xeb,0xe5,0xed,0xe8,0xe5,0xd,0xa,0xe2,0xee,0xf2,
  0xf7,0xe8,0xed,0xe0,0xd,0xa,0xe2,0xfb,0xed,0xe5,0xf1,0xe5,0xed,0xe8,0xe5,0xd,
  0xa,0xe3,0xe0,0xe4,0xeb,0xe8,0xe2,0xee,0xf1,0xf2,0xfc,0xd,0xa,0xe3,0xe0,0xf1,
  0xf2,0xf0,0xee,0xeb,0xe5,0xf0,0xd,0xa,0xe3,0xe2,0xe0,0xeb,0xf2,0xd,0xa,0xe3,
  0xe5,0xed,0xe5,0xf0,0xe0,0xeb,0xfc,0xf8,0xe0,0xd,0xa,0xe3,0xe5,0xed,0xee,0xf6,
  0xe8,0xe4,0xd,0xa,0xe3,0xee,0xf0,0xe1,0xe8,0xed,0xea,0xe0,0xd,0xa,0xe3,0xf0,
  0xe0,0xed,0xd,0xa,0xe3,0xf3,0xeb,0xff,0xf8,0xd,0xa,0xe3,0xf3,0xf1,0xff,0xf2,
  0xed,0xe8,0xea,0xd,0xa,0xe4,0xe0,0xeb,0xfc,0xf2,0xee,0xed,0xe8,0xea,0xd,0xa,
  0xe4,0xe2,0xe0,0xe4,0xf6,0xe0,0xf2,0xea,0xe0,0xd,0xa,0xe4,0xe5,0xef,0xee,0xf0,
  0xf2,0xe0,0xf6,0xe8,0xff,0xd,0xa,0xe4,0xe5,0xf0,0xec,0xe0,0xf2,0xe8,0xf2,0xd,
  0xa,0xe4,0xe6,0xe8,0xd,0xa,0xe4,0xe8,0xf4,0xf2,0xe5,0xf0,0xe8,0xff,0xd,0xa,
  0xe4,0xee,0xe1,0xf0,0xff,0xea,0xee,0xe2,0xd,0xa,0xe4,0xee,0xe7,0xe8,0xf0,0xee,
  0xe2,0xea,0xe0,0xd,0xa,0xe4,0xf3,0xec,0xe5,0xf6,0xd,0xa,0xe5,0xe2,0xf0,0xe5,
  0xe9,0xf1,0xf2,0xe2,0xee,0xd,0xa,0xe5,0xf0,0xe5,0xe2,0xe0,0xed,0xd,0xa,0xe5,
  0xf0,0xf8,0xd,0xa,0xe5,0xfd,0xf1,0xd,0xa,0xe6,0xe8,0xf2,0xe8,0xe5,0xd,0xa,
  0xe7,0xe0,0xe3,0xeb,0xff,0xe4,0xe5,0xed,0xfc,0xe5,0xd,0xa,0xe7,0xe0,0xe3,0xf0,
  0xf3,0xe7,0xea,0xe0,0xd,0xa,0xe7,0xe0,0xe4,0xe8,0xf0,0xe0,0xeb,0xe0,0xd,0xa,
  0xe7,0xe0,0xeb,0xfc,0xf6,0xe5,0xd,0xa,0xe7,0xe0,0xef,0xe5,0xe2,0xe0,0xeb,0xe0,
  0xd,0xa,0xe7,0xe0,0xef,0xeb,0xe0,0xf2,0xea,0xe0,0xd,0xa,0xe7,0xe0,0xf0,0xee,
  0xea,0xd,0xa,0xe7,0xe0,0xf2,0xe5,0xe9,0xed,0xe8,0xea,0xd,0xa,0xe7,0xe0,0xf2,
  0xee,0xf0,0xd,0xa,0xe7,0xe0,0xf2,0xfb,0xf7,0xea,0xe0,0xd,0xa,0xe7,0xed,0xe0,
  0xf5,0xe0,0xf0,0xfc,0xd,0xa,0xe7,0xf3,0xec,0xec,0xe5,0xf0,0xd,0xa,0xe7,0xfb,
  0xea,0xd,0xa,0xe7,0xff,0xe1,0xeb,0xe8,0xea,0xd,0xa,0xe8,0xeb,0xeb,0xfe,0xe7,
  0xe8,0xee,0xed,0xe8,0xf1,0xf2,0xd,0xa,0xe8,0xed,0xf2,0xe5,0xf0,0xed,0xe0,0xf6,
  0xe8,0xee,0xed,0xe0,0xeb,0xe8,0xe7,0xec,0xd,0xa,0xe8,0xed,0xf2,0xf0,0xe8,0xe3,
  0xe0,0xed,0xd,0xa,0xe8,0xf1,0xf7,0xe8,0xf1,0xeb,0xe5,0xed,0xe8,0xe5,0xd,0xa,
  0xea,0xe0,0xe2,0xe0,0xeb,0xfc,0xea,0xe0,0xe4,0xe0,0xd,0xa,0xea,0xe0,0xe7,0xe0,
  0xed,0xf1,0xea,0xe8,0xe9,0xd,0xa,0xea,0xe0,0xec,0xe5,0xeb,0xe5,0xea,0xd,0xa,
  0xea,0xe0,0xf0,0xe1,0xee,0xeb,0xea,0xe0,0xd,0xa,0xea,0xe0,0xf0,0xf2,0xe5,0xf7,
  0xfc,0xd,0xa,0xea,0xe0,0xf1,0xea,0xe0,0xe4,0xe5,0xf0,0xd,0xa,0xea,0xe0,0xf3,
  0xed,0xe0,0xf1,0xd,0xa,0xea,0xe0,0xf7,0xe0,0xd,0xa,0xea,0xe0,0xf8,0xe8,0xf6,
  0xe0,0xd,0xa,0xea,0xe2,0xe0,0xf0,0xf2,0xe8,0xf0,0xe0,0xed,0xf2,0xd,0xa,0xea,
  0xe2,0xe0,0xf8,0xed,0xe8,0xed,0xd,0xa,0xea,0xe5,0xf1,0xe0,0xf0,0xfc,0xd,0xa,
  0xea,0xe8,0xed,0xee,0xec,0xe5,0xf5,0xe0,0xed,0xe8,0xea,0xd,0xa,0xea,0xe8,0xf1,
  0xe5,0xff,0xd,0xa,0xea,0xe8,0xf1,0xeb,0xe8,0xf6,0xe0,0xd,0xa,0xea,0xe8,0xf8,
  0xeb,0xe0,0xea,0xd,0xa,0xea,0xeb,0xe5,0xf2,0xf3,0xf8,0xea,0xe0,0xd,0xa,0xea,
  0xeb,0xf3,0xe1,0xee,0xf7,0xe5,0xea,0xd,0xa,0xea,0xeb,0xfe,0xea,0xe0,0xd,0xa,
  0xea,0xee,0xe1,0xfb,0xeb,0xea,0xe0,0xd,0xa,0xea,0xee,0xeb,0xeb,0xe8,0xe7,0xe8,
  0xff,0xd,0xa,0xea,0xee,0xeb,0xfb,0xec,0xe0,0xe3,0xe0,0xd,0xa,0xea,0xee,0xed,
  0xee,0xe2,0xff,0xe7,0xfc,0xd,0xa,0xea,0xee,0xf0,0xf2,0xe8,0xea,0xee,0xf1,0xf2,
  0xe5,0xf0,0xee,0xe8,0xe4,0xd,0xa,0xea,0xee,0xf1,0xee,0xe3,0xeb,0xe0,0xe7,0xe8,
  0xe5,0xd,0xa,0xea,0xf0,0xee,0xe2,0xee,0xf2,0xee,0xf7,0xe8,0xe2,0xee,0xf1,0xf2,
  0xfc,0xd,0xa,0xea,0xf3,0xf1,0xd,0xa,0xeb,0xe5,0xe2,0xe0,0xea,0xd,0xa,0xeb,
  0xe5,0xf2,0xf3,0xed,0xd,0xa,0xeb,0xe8,0xef,0xea,0xe0,0xd,0xa,0xeb,0xff,0xe3,
  0xf3,0xf8,0xee,0xed,0xee,0xea,0xd,0xa,0xec,0xe0,0xe7,0xee,0xf5,0xe8,0xe7,0xec,
  0xd,0xa,0xec,0xe0,0xeb,0xee,0xe4,0xf3,0xf8,0xe8,0xe5,0xd,0xa,0xec,0xe0,0xed,
  0xe8,0xef,0xf3,0xeb,0xe8,0xf0,0xee,0xe2,0xe0,0xed,0xe8,0xe5,0xd,0xa,0xec,0xe5,
  0xe3,0xe0,0xeb,0xee,0xef,0xee,0xeb,0xe8,0xf1,0xd,0xa,0xec,0xe5,0xe4,0xea,0xee,
  0xec,0xe8,0xf1,0xf1,0xe8,0xff,0xd,0xa,0xec,0xe5,0xf2,0xee,0xe4,0xee,0xeb,0xee,
  0xe3,0xe8,0xff,0xd,0xa,0xec,0xe8,0xf7,0xec,0xe0,0xed,0xd,0xa,0xec,0xee,0xeb,
  0xe5,0xe1,0xe5,0xed,0xd,0xa,0xec,0xee,0xed,0xf2,0xf0,0xe5,0xd,0xa,0xec,0xee,
  0xf0,0xf1,0xd,0xa,0xec,0xfb,0xf2,0xe8,0xf9,0xe8,0xd,0xa,0xec,0xff,0xea,0xe8,
  0xf8,0xd,0xa,0xec,0xff,0xf2,0xe0,0xd,0xa,0xed,0xe0,0xe2,0xe8,0xf1,0xd,0xa,
  0xed,0xe0,0xe6,0xe0,0xf2,0xe8,0xe5,0xd,0xa,0xed,0xe0,0xf0,0xe2,0xe0,0xd,0xa,
  0xed,0xe0,0xf1,0xeb,0xee,0xe5,0xed,0xe8,0xe5,0xd,0xa,0xed,0xe5,0xe4,0xee,0xed,
  0xee,0xf1,0xee,0xea,0xd,0xa,0xed,0xe5,0xe4,0xee,0xf2,0xe5,0xef,0xe0,0xd,0xa,
  0xed,0xe5,0xef,0xeb,0xe0,0xf2,0xe5,0xe6,0xd,0xa,0xed,0xe5,0xef,0xee,0xe2,0xe8,
  0xed,0xee,0xe2,0xe5,0xed,0xe8,0xe5,0xd,0xa,0xed,0xe5,0xf3,0xf7,0xd,0xa,0xed,
  0xe8,0xf0,0xe2,0xe0,0xed,0xe0,0xd,0xa,0xed,0xee,0xe2,0xe0,0xf2,0xee,0xf0,0xd,
  0xa,0xed,0xee,0xed,0xf1,0xe5,0xed,0xf1,0xd,0xa,0xee,0xe1,0xf0,0xe0,0xec,0xeb,
  0xe5,0xed,0xe8,0xe5,0xd,0xa,0xee,0xe1,0xf0,0xe5,0xe7,0xe0,0xed,0xe8,0xe5,0xd,
  0xa,0xee,0xe1,0xf2,0xe8,0xf0,0xe0,0xed,0xe8,0xe5,0xd,0xa,0xee,0xea,0xee,0xed,
  0xe5,0xf7,0xed,0xee,0xf1,0xf2,0xfc,0xd,0xa,0xee,0xeb,0xe5,0xf8,0xe5,0xea,0xd,
  0xa,0xee,0xef,0xe0,0xeb,0xe0,0xd,0xa,0xee,0xf1,0xe5,0xf2,0xf0,0xd,0xa,0xee,
  0xf2,0xeb,0xe8,0xe2,0xea,0xe0,0xd,0xa,0xee,0xf2,0xf0,0xe5,0xf8,0xe5,0xed,0xed,
  0xee,0xf1,0xf2,0xfc,0xd,0xa,0xee,0xf5,0xf0,0xe0,0xd,0xa,0xef,0xe0,0xeb,0xee,
  0xec,0xed,0xe8,0xf7,0xe5,0xf1,0xf2,0xe2,0xee,0xd,0xa,0xef,0xe0,0xf0,0xe0,0xe1,
  0xee,0xeb,0xe0,0xd,0xa,0xef,0xe0,0xf0,0xe8,0xeb,0xea,0xe0,0xd,0xa,0xef,0xe0,
  0xf1,0xf1,0xd,0xa,0xef,0xe0,0xf2,0xd,0xa,0xef,0xe0,0xf3,0xf7,0xee,0xea,0xd,
  0xa,0xef,0xe0,0xf5,0xee,0xf2,0xe0,0xd,0xa,0xef,0xe5,0xe4,0xe8,0xe0,0xf2,0xf0,
  0xd,0xa,0xef,0xe8,0xeb,0xee,0xf2,0xe0,0xe6,0xd,0xa,0xef,0xe8,0xee,0xed,0xe5,
  0xf0,0xeb,0xe0,0xe3,0xe5,0xf0,0xfc,0xd,0xa,0xef,0xe8,0xf1,0xe0,0xf2,0xe5,0xeb,
  0xfc,0xf1,0xf2,0xe2,0xee,0xd,0xa,0xef,0xeb,0xe5,0xe2,0xed,0xe0,0xd,0xa,0xef,
  0xee,0xe1,0xe8,0xf0,0xf3,0xf8,0xea,0xe0,0xd,0xa,0xef,0xee,0xe4,0xeb,0xff,0xed,
  0xea,0xe0,0xd,0xa,0xef,0xee,0xe4,0xec,0xe5,0xed,0xd,0xa,0xef,0xee,0xe4,0xee,
  0xe1,0xee,0xf1,0xf2,0xf0,0xe0,0xf1,0xf2,0xe8,0xe5,0xd,0xa,0xef,0xee,0xe4,0xf0,
  0xfb,0xe2,0xed,0xe8,0xea,0xd,0xa,0xef,0xee,0xe4,0xf1,0xe2,0xe5,0xf2,0xea,0xe0,
  0xd,0xa,0xef,0xee,0xeb,0xf2,0xe0,0xe2,0xe0,0xd,0xa,0xef,0xee,0xeb,0xf3,0xf4,
  0xe0,0xe1,0xf0,0xe8,0xea,0xe0,0xf2,0xd,0xa,0xef,0xee,0xf1,0xe5,0xeb,0xe5,0xed,
  0xe5,0xf6,0xd,0xa,0xef,0xee,0xf1,0xf0,0xe5,0xe4,0xed,0xe8,0xf7,0xe5,0xf1,0xf2,
  0xe2,0xee,0xd,0xa,0xef,0xf0,0xe5,0xe4,0xed,0xe8,0xe7,0xee,0xeb,0xee,0xed,0xd,
  0xa,0xef,0xf0,0xe5,0xe4,0xf3,0xf1,0xec,0xee,0xf2,0xf0,0xe8,0xf2,0xe5,0xeb,0xfc,
  0xed,0xee,0xf1,0xf2,0xfc,0xd,0xa,0xef,0xf0,0xe8,0xe7,0xfb,0xe2,0xed,0xe8,0xea,
  0xd,0xa,0xef,0xf0,0xee,0xe3,0xe0,0xeb,0xe8,0xed,0xe0,0xd,0xa,0xef,0xf0,0xee,
  0xf4,0xe0,0xed,0xd,0xa,0xef,0xf3,0xeb,0xfc,0xe2,0xe5,0xf0,0xe8,0xe7,0xe0,0xf2,
  0xee,0xf0,0xd,0xa,0xf0,0xe0,0xe7,0xe2,0xe5,0xf0,0xf2,0xfb,0xe2,0xe0,0xed,0xe8,
  0xe5,0xd,0xa,0xf0,0xe0,0xe9,0xf1,0xee,0xe2,0xe5,0xf2,0xd,0xa,0xf0,0xe0,0xf1,
  0xef,0xf3,0xf2,0xe8,0xf6,0xe0,0xd,0xa,0xf0,0xe0,0xf1,0xf1,0xe0,0xf1,0xfb,0xe2,
  0xe0,0xed,0xe8,0xe5,0xd,0xa,0xf0,0xe5,0xe5,0xf1,0xf2,0xf0,0xd,0xa,0xf0,0xe5,
  0xe7,0xf7,0xe8,0xea,0xd,0xa,0xf0,0xe5,0xea,0xee,0xf0,0xe4,0xf1,0xec,0xe5,0xed,
  0xd,0xa,0xf0,0xf3,0xea,0xee,0xe2,0xee,0xe4,0xe8,0xf2,0xe5,0xeb,0xfc,0xed,0xe8,
  0xf6,0xe0,0xd,0xa,0xf1,0xe0,0xea,0xf1,0xe0,0xf3,0xeb,0xd,0xa,0xf1,0xe0,0xeb,
  0xf2,0xfb,0xea,0xd,0xa,0xf1,0xe0,0xec,0xec,0xe8,0xf2,0xd,0xa,0xf1,0xe2,0xe0,
  0xf0,0xf9,0xe8,0xea,0xd,0xa,0xf1,0xe2,0xe8,0xf0,0xe5,0xeb,0xfc,0xd,0xa,0xf1,
  0xe2,0xff,0xf2,0xee,0xf1,0xf2,0xfc,0xd,0xa,0xf1,0xe2,0xff,0xf2,0xee,0xf2,0xe0,
  0xf2,0xf1,0xf2,0xe2,0xee,0xd,0xa,0xf1,0xe5,0xeb,0xe5,0xea,0xf6,0xe8,0xff,0xd,
  0xa,0xf1,0xe8,0xe2,0xf3,0xf5,0xe0,0xd,0xa,0xf1,0xe8,0xeb,0xe8,0xf9,0xe0,0xd,
  0xa,0xf1,0xea,0xe0,0xed,0xe5,0xf0,0xd,0xa,0xf1,0xea,0xe5,0xef,0xf2,0xe8,0xf6,
  0xe8,0xe7,0xec,0xd,0xa,0xf1,0xeb,0xe5,0xef,0xe5,0xed,0xfc,0xd,0xa,0xf1,0xee,
  0xeb,0xee,0xec,0xea,0xe0,0xd,0xa,0xf1,0xee,0xed,0xed,0xe8,0xea,0xd,0xa,0xf1,
  0xf2,0xe0,0xf0,0xf3,0xf8,0xe5,0xed,0xf6,0xe8,0xff,0xd,0xa,0xf1,0xf2,0xf0,0xe5,
  0xf8,0xed,0xe5,0xe2,0xee,0xd,0xa,0xf1,0xf2,0xf0,0xe8,0xe6,0xd,0xa,0xf1,0xf3,
  0xf0,0xf0,0xee,0xe3,0xe0,0xf2,0xd,0xa,0xf1,0xf4,0xe8,0xed,0xea,0xf1,0xd,0xa,
  0xf2,0xe5,0xec,0xe5,0xf7,0xea,0xee,0xd,0xa,0xf2,0xe5,0xef,0xeb,0xe8,0xf6,0xe0,
  0xd,0xa,0xf2,0xee,0xe2,0xe0,0xf0,0xed,0xff,0xea,0xd,0xa,0xf2,0xee,0xe9,0xd,
  0xa,0xf2,0xee,0xeb,0xf1,0xf2,0xee,0xe2,0xea,0xe0,0xd,0xa,0xf2,0xee,0xee,0xd,
  0xa,0xf2,0xf0,0xe0,0xf4,0xe0,0xf0,0xe5,0xf2,0xd,0xa,0xf3,0xeb,0xe0,0xed,0xd,
  0xa,0xf3,0xec,0xfb,0xe2,0xe0,0xed,0xe8,0xe5,0xd,0xa,0xf3,0xed,0xe8,0xe2,0xe5,
  0xf0,0xf1,0xe0,0xec,0xd,0xa,0xf3,0xf0,0xe5,0xe3,0xf3,0xeb,0xe8,0xf0,0xee,0xe2,
  0xe0,0xed,0xe8,0xe5,0xd,0xa,0xf4,0xe0,0xed,0xf4,0xe0,0xf0,0xe0,0xd,0xa,0xf4,
  0xe5,0xe4,0xe5,0xf0,0xe0,0xeb,0xd,0xa,0xf4,0xe5,0xed,0xee,0xeb,0xd,0xa,0xf4,
  0xe8,0xe0,0xf1,0xea,0xee,0xd,0xa,0xf4,0xe8,0xe3,0xe0,0xf0,0xee,0xd,0xa,0xf4,
  0xe8,0xe7,0xea,0xf3,0xeb,0xfc,0xf2,0xf3,0xf0,0xed,0xe8,0xea,0xd,0xa,0xf4,0xe8,
  0xeb,0xe8,0xef,0xef,0xee,0xe2,0xe0,0xd,0xa,0xf4,0xe8,0xeb,0xee,0xeb,0xee,0xe3,
  0xe8,0xff,0xd,0xa,0xf4,0xee,0xec,0xe5,0xed,0xea,0xee,0xd,0xa,0xf4,0xf3,0xe3,
  0xe0,0xf1,0xd,0xa,0xf5,0xee,0xeb,0xee,0xe4,0xe5,0xf6,0xd,0xa,0xf6,0xe0,0xf0,
  0xe8,0xe7,0xec,0xd,0xa,0xf6,0xe0,0xf6,0xe0,0xd,0xa,0xf7,0xe5,0xeb,0xff,0xe4,
  0xfc,0xd,0xa,0xf7,0xe5,0xf0,0xe5,0xe4,0xee,0xe2,0xe0,0xed,0xe8,0xe5,0xd,0xa,
  0xf7,0xe5,0xf0,0xed,0xe5,0xf6,0xd,0xa,0xf7,0xe5,0xf0,0xf2,0xee,0xe3,0xd,0xa,
  0xf7,0xe5,0xf2,0xfb,0xf0,0xe5,0xf5,0xf3,0xe3,0xee,0xeb,0xfc,0xed,0xe8,0xea,0xd,
  0xa,0xf7,0xe8,0xf5,0xd,0xa,0xf7,0xf3,0xe2,0xf1,0xf2,0xe2,0xe5,0xed,0xed,0xee,
  0xf1,0xf2,0xfc,0xd,0xa,0xf8,0xe0,0xeb,0xe0,0xed,0xe4,0xe0,0xd,0xa,0xf8,0xe5,
  0xf1,0xf2,0xee,0xea,0xd,0xa,0xf8,0xf3,0xf8,0xe5,0xf0,0xe0,0xd,0xa,0xf9,0xe5,
  0xea,0xee,0xf2,0xea,0xe0,0xd,0xa,0xfd,0xec,0xe8,0xf0,0xe0,0xf2,0xd,0xa,0xfd,
  0xf0,0xe8,0xea,0xe0,0xd,0xa,0xe0,0xe2,0xf1,0xf2,0xf0,0xe0,0xeb,0xe8,0xe5,0xf6,
  0xd,0xa,0xe0,0xec,0xee,0xf0,0xf2,0xe8,0xe7,0xe0,0xf2,0xee,0xf0,0xd,0xa,0xe0,
  0xf2,0xeb,0xe0,0xed,0xf2,0xe8,0xea,0xe0,0xd,0xa,0xe1,0xe0,0xf0,0xf0,0xe8,0xea,
  0xe0,0xe4,0xe0,0xd,0xa,0xe1,0xe0,0xf1,0xed,0xff,0xd,0xa,0xe1,0xee,0xeb,0xe5,
  0xe7,0xed,0xe5,0xed,0xed,0xee,0xf1,0xf2,0xfc,0xd,0xa,0xe1,0xee,0xf0,0xec,0xee,
  0xf2,0xe0,0xed,0xe8,0xe5,0xd,0xa,0xe2,0xe8,0xed,0xf2,0xe8,0xea,0xd,0xa,0xe2,
  0xee,0xe4,0xee,0xef,0xf0,0xee,0xe2,0xee,0xe4,0xd,0xa,0xe2,0xee,0xf0,0xee,0xed,
  0xea,0xe0,0xd,0xa,0xe2,0xfc,0xfe,0xea,0xd,0xa,0xe3,0xe8,0xf0,0xeb,0xff,0xed,
  0xe4,0xe0,0xd,0xa,0xe3,0xeb,0xe0,0xe7,0xed,0xe8,0xf6,0xe0,0xd,0xa,0xe3,0xee,
  0xf1,0xef,0xe8,0xf2,0xe0,0xeb,0xe8,0xe7,0xe0,0xf6,0xe8,0xff,0xd,0xa,0xe3,0xf0,
  0xe8,0xec,0xd,0xa,0xe3,0xf3,0xec,0xe0,0xed,0xe8,0xe7,0xec,0xd,0xa,0xe4,0xe5,
  0xe1,0xf0,0xe8,0xd,0xa,0xe4,0xee,0xe1,0xeb,0xe5,0xf1,0xf2,0xfc,0xd,0xa,0xe7,
  0xe0,0xe2,0xee,0xe5,0xe2,0xe0,0xf2,0xe5,0xeb,0xfc,0xd,0xa,0xe7,0xe0,0xe8,0xed,
  0xf2,0xe5,0xf0,0xe5,0xf1,0xee,0xe2,0xe0,0xed,0xed,0xee,0xf1,0xf2,0xfc,0xd,0xa,
  0xe7,0xe0,0xf2,0xff,0xe6,0xea,0xe0,0xd,0xa,0xe8,0xed,0xe4,0xf3,0xf1,0xd,0xa,
  0xea,0xee,0xeb,0xe3,0xee,0xf2,0xea,0xe8,0xd,0xa,0xea,0xee,0xec,0xed,0xe0,0xf2,
  0xf3,0xf8,0xea,0xe0,0xd,0xa,0xea,0xee,0xec,0xef,0xee,0xed,0xe5,0xed,0xf2,0xe0,
  0xd,0xa,0xea,0xf0,0xf3,0xf2,0xe8,0xea,0xee,0xe2,0xe0,0xd,0xa,0xeb,0xe0,0xef,
  0xf8,0xe0,0xd,0xa,0xec,0xe2,0xf4,0xd,0xa,0xec,0xf3,0xf7,0xe5,0xed,0xe8,0xea,
  0xd,0xa,0xed,0xe0,0xf5,0xee,0xe6,0xe4,0xe5,0xed,0xe8,0xe5,0xd,0xa,0xed,0xe0,
  0xf6,0xe8,0xee,0xed,0xe0,0xeb,0xe8,0xe7,0xec,0xd,0xa,0xed,0xee,0xe2,0xee,0xf0,
  0xee,0xe6,0xe4,0xe5,0xed,0xed,0xfb,0xe9,0xd,0xa,0xee,0xf0,0xf3,0xe6,0xe5,0xed,
  0xee,0xf1,0xe5,0xf6,0xd,0xa,0xef,0xf0,0xe8,0xf2,0xff,0xe6,0xe5,0xed,0xe8,0xe5,
  0xd,0xa,0xef,0xf0,0xee,0xe1,0xe8,0xf0,0xea,0xe0,0xd,0xa,0xf0,0xe0,0xf1,0xf7,
  0xe5,0xf1,0xea,0xe0,0xd,0xa,0xf0,0xe5,0xe7,0xfe,0xec,0xe5,0xd,0xa,0xf0,0xe5,
  0xe9,0xf5,0xd,0xa,0xf1,0xe5,0xea,0xf0,0xe5,0xf2,0xed,0xee,0xf1,0xf2,0xfc,0xd,
  0xa,0xf1,0xe8,0xed,0xe5,0xe4,0xf0,0xe8,0xee,0xed,0xd,0xa,0xf1,0xea,0xe5,0xef,
  0xf2,0xe8,0xea,0xd,0xa,0xf1,0xec,0xe5,0xf9,0xe5,0xed,0xe8,0xe5,0xd,0xa,0xf1,
  0xee,0xf1,0xe5,0xed,0xea,0xe0,0xd,0xa,0xf1,0xee,0xf5,0xf0,0xe0,0xed,0xed,0xee,
  0xf1,0xf2,0xfc,0xd,0xa,0xf1,0xf7,0xe0,0xf1,0xf2,0xeb,0xe8,0xe2,0xf7,0xe8,0xea,
  0xd,0xa,0xf2,0xe0,0xe1,0xeb,0xee,0xd,0xa,0xf2,0xe8,0xf2,0xe0,0xed,0xd,0xa,
  0xf3,0xf1,0xf2,0xf0,0xe5,0xec,0xeb,0xe5,0xed,0xe8,0xe5,0xd,0xa,0xf3,0xf2,0xf0,
  0xee,0xe1,0xe0,0xd,0xa,0xf4,0xe0,0xf0,0xf4,0xee,0xf0,0xd,0xa,0xf4,0xf0,0xe0,
  0xe5,0xf0,0xd,0xa,0xf5,0xee,0xe1,0xe1,0xe8,0xd,0xa,0xf7,0xe5,0xeb,0xee,0xe2,
  0xe5,0xf7,0xed,0xee,0xf1,0xf2,0xfc,0xd,0xa,0xf7,0xe5,0xf0,0xed,0xee,0xe2,0xe8,
  0xea,0xd,0xa,0xe0,0xea,0xe0,0xf6,0xe8,0xff,0xd,0xa,0xe0,0xf0,0xe5,0xed,0xe4,
  0xe0,0xd,0xa,0xe1,0xe5,0xe4,0xed,0xff,0xea,0xd,0xa,0xe5,0xe2,0xf0,0xee,0xef,
  0xe5,0xe5,0xf6,0xd,0xa,0xe6,0xe0,0xeb,0xee,0xd,0xa,0xe7,0xe0,0xef,0xee,0xe2,
  0xe5,0xe4,0xed,0xe8,0xea,0xd,0xa,0xe8,0xf1,0xea,0xf0,0xe5,0xed,0xed,0xee,0xf1,
  0xf2,0xfc,0xd,0xa,0xea,0xee,0xe2,0xf0,0xe8,0xea,0xd,0xa,0xeb,0xe8,0xf6,0xe5,
  0xe9,0xd,0xa,0xeb,0xee,0xf5,0xec,0xee,0xf2,0xfc,0xff,0xd,0xa,0xeb,0xff,0xec,
  0xea,0xe0,0xd,0xa,0xec,0xe0,0xeb,0xe8,0xed,0xe0,0xd,0xa,0xec,0xee,0xeb,0xf7,
  0xf3,0xed,0xd,0xa,0xed,0xe0,0xe3,0xe0,0xed,0xd,0xa,0xed,0xe0,0xf0,0xf2,0xe0,
  0xd,0xa,0xef,0xe5,0xea,0xe8,0xed,0xd,0xa,0xef,0xe5,0xea,0xeb,0xee,0xd,0xa,
  0xef,0xe5,0xf0,0xe5,0xe2,0xee,0xe7,0xea,0xe0,0xd,0xa,0xef,0xe5,0xf0,0xe5,0xeb,
  0xe5,0xf2,0xd,0xa,0xef,0xe5,0xf2,0xeb,0xe8,0xf6,0xe0,0xd,0xa,0xf0,0xe0,0xe7,
  0xe4,0xe5,0xeb,0xe5,0xed,0xe8,0xe5,0xd,0xa,0xf0,0xe0,0xe7,0xed,0xee,0xe2,0xe8,
  0xe4,0xed,0xee,0xf1,0xf2,0xfc,0xd,0xa,0xf0,0xe0,0xf1,0xea,0xeb,0xe0,0xe4,0xf3,
  0xf8,0xea,0xe0,0xd,0xa,0xf1,0xe5,0xf0,0xef,0xd,0xa,0xf2,0xe8,0xf0,0xe0,0xed,
  0xd,0xa,0xff,0xe8,0xf7,0xed,0xe8,0xf6,0xe0,0xd,0xa,0xe1,0xe4,0xe8,0xf2,0xe5,
  0xeb,0xfc,0xed,0xee,0xf1,0xf2,0xfc,0xd,0xa,0xe3,0xe0,0xf0,0xec,0xee,0xf8,0xea,
  0xe0,0xd,0xa,0xe8,0xe7,0xe3,0xee,0xf0,0xee,0xe4,0xfc,0xd,0xa,0xea,0xee,0xeb,
  0xee,0xec,0xe1,0xe8,0xed,0xe0,0xd,0xa,0xed,0xe0,0xf2,0xf0,0xe8,0xe9,0xd,0xa,
  0xee,0xf2,0xea,0xf0,0xee,0xe2,0xe5,0xed,0xe8,0xe5,0xd,0xa,0xef,0xee,0xf1,0xeb,
  0xe5,0xe4,0xee,0xe2,0xe0,0xf2,0xe5,0xeb,0xfc,0xed,0xee,0xf1,0xf2,0xfc,0xd,0xa,
  0xef,0xff,0xf2,0xe0,0xf7,0xee,0xea,0xd,0xa,0xf1,0xea,0xf0,0xee,0xec,0xed,0xee,
  0xf1,0xf2,0xfc,0xd,0xa,0xf1,0xee,0xf1,0xeb,0xf3,0xe6,0xe8,0xe2,0xe5,0xf6,0xd,
  0xa,0xf2,0xe0,0xea,0xf1,0xe8,0xf1,0xf2,0xd,0xa,0xf4,0xf3,0xf2,0xeb,0xff,0xf0,
  0xd,0xa,0xf8,0xe5,0xeb,0xea,0xd,0xa,0xf8,0xeb,0xff,0xef,0xea,0xe0,0xd,0xa,
  0xe0,0xe1,0xf0,0xe0,0xec,0xee,0xe2,0xe0,0xd,0xa,0xe0,0xe2,0xf2,0xee,0xec,0xe0,
  0xf2,0xe8,0xea,0xe0,0xd,0xa,0xe0,0xe4,0xf0,0xe5,0xf1,0xe0,0xf2,0xd,0xa,0xe0,
  0xe7,0xe5,0xf0,0xe1,0xe0,0xe9,0xe4,0xe6,0xe0,0xed,0xd,0xa,0xe0,0xea,0xf1,0xe5,
  0xed,0xee,0xe2,0xe0,0xd,0xa,0xe0,0xf0,0xe0,0xef,0xd,0xa,0xe1,0xe0,0xec,0xe1,
  0xf3,0xea,0xd,0xa,0xe2,0xe0,0xf1,0xe8,0xeb,0xe5,0xea,0xd,0xa,0xe2,0xeb,0xe0,
  0xf1,0xf2,0xe5,0xeb,0xe8,0xed,0xd,0xa,0xe2,0xee,0xeb,0xf7,0xee,0xed,0xee,0xea,
  0xd,0xa,0xe2,0xff,0xe7,0xe0,0xed,0xea,0xe0,0xd,0xa,0xe3,0xee,0xeb,0xeb,0xe0,
  0xed,0xe4,0xe5,0xf6,0xd,0xa,0xe3,0xee,0xec,0xee,0xf1,0xe5,0xea,0xf1,0xf3,0xe0,
  0xeb,0xe8,0xf1,0xf2,0xd,0xa,0xe3,0xf3,0xec,0xd,0xa,0xe3,0xf3,0xec,0xe0,0xed,
  0xe8,0xf1,0xf2,0xd,0xa,0xe4,0xe0,0xec,0xe1,0xe0,0xd,0xa,0xe6,0xe5,0xf1,0xf2,
  0xff,0xed,0xf9,0xe8,0xea,0xd,0xa,0xe6,0xe8,0xe2,0xee,0xef,0xe8,0xf1,0xe5,0xf6,
  0xd,0xa,0xe6,0xe8,0xe2,0xee,0xf2,0xe8,0xea,0xd,0xa,0xe7,0xe0,0xff,0xe2,0xe8,
  0xf2,0xe5,0xeb,0xfc,0xd,0xa,0xe8,0xec,0xe5,0xed,0xe8,0xed,0xfb,0xd,0xa,0xe8,
  0xf8,0xe0,0xea,0xd,0xa,0xea,0xe0,0xe7,0xed,0xe0,0xf7,0xe5,0xe9,0xd,0xa,0xea,
  0xe0,0xef,0xe8,0xf2,0xf3,0xeb,0xff,0xf6,0xe8,0xff,0xd,0xa,0xea,0xee,0xef,0xe5,
  0xe5,0xf7,0xea,0xe0,0xd,0xa,0xea,0xee,0xf0,0xe8,0xf4,0xe5,0xe9,0xd,0xa,0xea,
  0xee,0xf1,0xf2,0xe5,0xeb,0xd,0xa,0xea,0xee,0xf8,0xe5,0xf7,0xea,0xe0,0xd,0xa,
  0xea,0xf3,0xe1,0xe0,0xf0,0xfc,0xd,0xa,0xec,0xe0,0xeb,0xee,0xeb,0xe5,0xf2,0xee,
  0xea,0xd,0xa,0xec,0xe0,0xed,0xf1,0xe0,0xf0,0xe4,0xe0,0xd,0xa,0xec,0xe0,0xf1,
  0xf1,0xee,0xe2,0xea,0xe0,0xd,0xa,0xec,0xe5,0xf0,0xe7,0xeb,0xee,0xf2,0xe0,0xd,
  0xa,0xec,0xe5,0xf2,0xea,0xe0,0xd,0xa,0xec,0xe8,0xf4,0xee,0xeb,0xee,0xe3,0xe8,
  0xff,0xd,0xa,0xec,0xf3,0xf0,0xec,0xe0,0xed,0xf1,0xea,0xd,0xa,0xec,0xf3,0xf2,
  0xe0,0xed,0xf2,0xd,0xa,0xed,0xe5,0xea,0xf0,0xee,0xec,0xe0,0xed,0xf2,0xd,0xa,
  0xed,0xe5,0xef,0xee,0xf0,0xff,0xe4,0xee,0xea,0xd,0xa,0xee,0xef,0xeb,0xee,0xf8,
  0xed,0xee,0xf1,0xf2,0xfc,0xd,0xa,0xee,0xef,0xf3,0xf1,0xd,0xa,0xee,0xf1,0xeb,
  0xe8,0xea,0xd,0xa,0xee,0xf1,0xee,0xe1,0xfc,0xd,0xa,0xee,0xf2,0xe0,0xf0,0xe0,
  0xd,0xa,0xee,0xf2,0xf2,0xee,0xea,0xd,0xa,0xef,0xe0,0xf1,0xf2,0xf3,0xf8,0xee,
  0xea,0xd,0xa,0xef,0xe5,0xf0,0xe5,0xef,0xf3,0xe3,0xd,0xa,0xef,0xeb,0xe0,0xf1,
  0xf2,0xe8,0xea,0xd,0xa,0xef,0xeb,0xe0,0xf2,0xee,0xd,0xa,0xef,0xeb,0xe5,0xf2,
  0xea,0xe0,0xd,0xa,0xef,0xee,0xeb,0xe5,0xec,0xe8,0xea,0xe0,0xd,0xa,0xef,0xf0,
  0xee,0xf2,0xee,0xea,0xd,0xa,0xef,0xf0,0xfb,0xe3,0xf3,0xed,0xd,0xa,0xef,0xf1,
  0xe8,0xf5,0xe8,0xe0,0xf2,0xf0,0xe8,0xff,0xd,0xa,0xf0,0xe0,0xf1,0xef,0xf0,0xe5,
  0xe4,0xe5,0xeb,0xe8,0xf2,0xe5,0xeb,0xfc,0xd,0xa,0xf0,0xe0,0xf1,0xef,0xf3,0xf2,
  0xe8,0xed,0xe0,0xd,0xa,0xf0,0xf3,0xf7,0xe8,0xf9,0xe0,0xd,0xa,0xf0,0xfb,0xe1,
  0xe5,0xf8,0xea,0xe0,0xd,0xa,0xf1,0xe5,0xed,0xfc,0xee,0xf0,0xe0,0xd,0xa,0xf1,
  0xe8,0xeb,0xee,0xea,0xd,0xa,0xf1,0xea,0xeb,0xe5,0xef,0xd,0xa,0xf1,0xec,0xe5,
  0xf0,0xf2,0xed,0xee,0xf1,0xf2,0xfc,0xd,0xa,0xf1,0xec,0xee,0xea,0xe8,0xed,0xe3,
  0xd,0xa,0xf1,0xec,0xf3,0xf2,0xe0,0xd,0xa,0xf1,0xef,0xe0,0xe4,0xd,0xa,0xf1,
  0xf2,0xe0,0xec,0xe1,0xf3,0xeb,0xd,0xa,0xf1,0xf2,0xf0,0xe0,0xe4,0xe0,0xeb,0xe5,
  0xf6,0xd,0xa,0xf1,0xf2,0xf0,0xee,0xf4,0xe0,0xd,0xa,0xf1,0xf2,0xf3,0xeb,0xfc,
  0xf7,0xe8,0xea,0xd,0xa,0xf1,0xfb,0xed,0xe8,0xf8,0xea,0xe0,0xd,0xa,0xf2,0xe0,
  0xe3,0xe0,0xed,0xee,0xea,0xd,0xa,0xf2,0xe0,0xe4,0xe6,0xe8,0xea,0xe8,0xf1,0xf2,
  0xe0,0xed,0xd,0xa,0xf2,0xe5,0xeb,0xee,0xf1,0xeb,0xee,0xe6,0xe5,0xed,0xe8,0xe5,
  0xd,0xa,0xf2,0xe5,0xec,0xe0,0xf2,0xe8,0xea,0xe0,0xd,0xa,0xf2,0xe5,0xf2,0xe8,
  0xe2,0xe0,0xd,0xa,0xf2,0xf0,0xe5,0xef,0xd,0xa,0xf3,0xef,0xeb,0xe0,0xf2,0xe0,
  0xd,0xa,0xf3,0xf1,0xf2,0xf3,0xef,0xd,0xa,0xf4,0xe0,0xeb,0xfc,0xf8,0xe8,0xe2,
  0xea,0xe0,0xd,0xa,0xf5,0xeb,0xee,0xf0,0xe8,0xe4,0xd,0xa,0xf6,0xe5,0xeb,0xee,
  0xf1,0xf2,0xfc,0xd,0xa,0xf7,0xf3,0xe3,0xf3,0xed,0xee,0xea,0xd,0xa,0xf8,0xe5,
  0xe7,0xeb,0xee,0xed,0xe3,0xd,0xa,0xf8,0xee,0xf2,0xeb,0xe0,0xed,0xe4,0xe8,0xff,
  0xd,0xa,0xf8,0xf0,0xe5,0xe4,0xe5,0xf0,0xd,0xa,0xf8,0xf2,0xe5,0xec,0xef,0xe5,
  0xeb,0xfc,0xd,0xa,0xe0,0xf0,0xe1,0xe0,0xf2,0xd,0xa,0xe1,0xe0,0xed,0xfc,0xea,
  0xe0,0xd,0xa,0xe1,0xe5,0xf0,0xea,0xf3,0xf2,0xd,0xa,0xe1,0xf0,0xe0,0xf2,0xe2,
  0xe0,0xd,0xa,0xe1,0xf3,0xf2,0xfb,0xeb,0xfc,0xd,0xa,0xe2,0xeb,0xe5,0xf7,0xe5,
  0xed,0xe8,0xe5,0xd,0xa,0xe3,0xee,0xe2,0xee,0xf0,0xd,0xa,0xe3,0xf0,0xe0,0xe4,
  0xf3,0xf1,0xed,0xe8,0xea,0xd,0xa,0xe4,0xe8,0xea,0xf2,0xe0,0xf2,0xee,0xf0,0xd,
  0xa,0xe4,0xee,0xf1,0xf2,0xe0,0xf2,0xee,0xea,0xd,0xa,0xe7,0xe0,0xef,0xee,0xe9,
  0xd,0xa,0xe7,0xe0,0xf5,0xe0,0xf0,0xee,0xe2,0xe0,0xd,0xa,0xe7,0xe2,0xf3,0xf7,
  0xe0,0xed,0xe8,0xe5,0xd,0xa,0xe8,0xe7,0xe3,0xed,0xe0,0xed,0xe8,0xe5,0xd,0xa,
  0xe8,0xe7,0xf3,0xec,0xf0,0xf3,0xe4,0xd,0xa,0xea,0xe0,0xf0,0xf2,0xf3,0xe7,0xd,
  0xa,0xec,0xff,0xf1,0xed,0xe8,0xea,0xd,0xa,0xed,0xe0,0xe8,0xe2,0xed,0xee,0xf1,
  0xf2,0xfc,0xd,0xa,0xef,0xe0,0xf5,0xd,0xa,0xef,0xee,0xf5,0xe8,0xf9,0xe5,0xed,
  0xe8,0xe5,0xd,0xa,0xef,0xf0,0xe5,0xf3,0xe2,0xe5,0xeb,0xe8,0xf7,0xe5,0xed,0xe8,
  0xe5,0xd,0xa,0xef,0xf0,0xee,0xeb,0xe5,0xf2,0xe0,0xf0,0xe8,0xe9,0xd,0xa,0xef,
  0xf3,0xf2,0xe5,0xe2,0xee,0xe4,0xe8,0xf2,0xe5,0xeb,0xfc,0xd,0xa,0xf0,0xe5,0xe0,
  0xea,0xf2,0xee,0xf0,0xd,0xa,0xf1,0xe0,0xec,0xee,0xf1,0xee,0xf5,0xf0,0xe0,0xed,
  0xe5,0xed,0xe8,0xe5,0xd,0xa,0xf1,0xe0,0xf8,0xe5,0xd,0xa,0xf1,0xe5,0xeb,0xe5,
  0xed,0xe8,0xe5,0xd,0xa,0xf1,0xea,0xe0,0xeb,0xfc,0xef,0xe5,0xeb,0xfc,0xd,0xa,
  0xf1,0xee,0xef,0xf0,0xe8,0xea,0xee,0xf1,0xed,0xee,0xe2,0xe5,0xed,0xe8,0xe5,0xd,
  0xa,0xf1,0xef,0xe8,0xf6,0xe0,0xd,0xa,0xf1,0xf2,0xe0,0xe1,0xe8,0xeb,0xfc,0xed,
  0xee,0xf1,0xf2,0xfc,0xd,0xa,0xf7,0xe5,0xf0,0xed,0xe8,0xeb,0xfc,0xed,0xe8,0xf6,
  0xe0,0xd,0xa,0xf7,0xf3,0xe6,0xe0,0xea,0xd,0xa,0xf8,0xea,0xf3,0xf0,0xea,0xe0,
  0xd,0xa,0xf8,0xeb,0xe0,0xe3,0xe1,0xe0,0xf3,0xec,0xd,0xa,0xe0,0xea,0xe2,0xe0,
  0xf0,0xe8,0xf3,0xec,0xd,0xa,0xe0,0xf0,0xf2,0xe5,0xf0,0xe8,0xff,0xd,0xa,0xe2,
  0xee,0xed,0xfc,0xd,0xa,0xe2,0xfb,0xf0,0xf3,0xf7,0xea,0xe0,0xd,0xa,0xe3,0xe0,
  0xe7,0xee,0xed,0xd,0xa,0xe3,0xee,0xf0,0xe1,0xf3,0xed,0xd,0xa,0xe4,0xe5,0xf2,
  0xe4,0xee,0xec,0xd,0xa,0xea,0xe0,0xeb,0xe0,0xf8,0xed,0xe8,0xea,0xee,0xe2,0xe0,
  0xd,0xa,0xea,0xee,0xeb,0xe4,0xf3,0xed,0xfc,0xff,0xd,0xa,0xea,0xee,0xec,0xef,
  0xeb,0xe5,0xea,0xf2,0xd,0xa,0xea,0xee,0xf0,0xe4,0xee,0xed,0xd,0xa,0xea,0xf3,
  0xf7,0xe5,0xf0,0xd,0xa,0xef,0xeb,0xe5,0xf2,0xe5,0xed,0xfc,0xd,0xa,0xef,0xee,
  0xf0,0xf2,0xf1,0xe8,0xe3,0xe0,0xf0,0xd,0xa,0xef,0xf0,0xe5,0xee,0xe1,0xf0,0xe0,
  0xe7,0xee,0xe2,0xe0,0xed,0xe8,0xe5,0xd,0xa,0xf0,0xee,0xe7,0xee,0xf7,0xea,0xe0,
  0xd,0xa,0xf1,0xe5,0xeb,0xe5,0xe4,0xea,0xe0,0xd,0xa,0xf2,0xe5,0xeb,0xe5,0xed,
  0xee,0xea,0xd,0xa,0xf2,0xe5,0xeb,0xee,0xf5,0xf0,0xe0,0xed,0xe8,0xf2,0xe5,0xeb,
  0xfc,0xd,0xa,0xf5,0xf0,0xe0,0xe1,0xf0,0xee,0xf1,0xf2,0xfc,0xd,0xa,0xf6,0xe5,
  0xed,0xe7,0xf3,0xf0,0xe0,0xd,0xa,0xfd,0xea,0xee,0xed,0xee,0xec,0xe8,0xf1,0xf2,
  0xd,0xa,0xe0,0xef,0xe5,0xeb,0xfc,0xf1,0xe8,0xed,0xd,0xa,0xe0,0xf0,0xf2,0xe8,
  0xeb,0xeb,0xe5,0xf0,0xe8,0xf1,0xf2,0xd,0xa,0xe4,0xe6,0xe8,0xed,0xf1,0xe0,0xd,
  0xa,0xe4,0xe8,0xed,0xe0,0xd,0xa,0xea,0xe0,0xf0,0xeb,0xe8,0xea,0xd,0xa,0xec,
  0xe0,0xf7,0xf2,0xe0,0xd,0xa,0xef,0xee,0xe3,0xf0,0xe0,0xed,0xe8,0xf7,0xed,0xe8,
  0xea,0xd,0xa,0xef,0xf8,0xe5,0xed,0xe8,0xf6,0xe0,0xd,0xa,0xf0,0xe0,0xe7,0xeb,
  0xf3,0xea,0xe0,0xd,0xa,0xf1,0xf2,0xf0,0xe0,0xed,0xed,0xee,0xf1,0xf2,0xfc,0xd,
  0xa,0xf2,0xf0,0xe0,0xe2,0xe5,0xf1,0xf2,0xe8,0xd,0xa,0xf2,0xf3,0xf0,0xf6,0xe8,
  0xff,0xd,0xa,0xf4,0xe5,0xf0,0xec,0xe5,0xf0,0xd,0xa,0xfd,0xf4,0xf4,0xe5,0xea,
  0xf2,0xe8,0xe2,0xed,0xee,0xf1,0xf2,0xfc,0xd,0xa,0xe0,0xe2,0xf2,0xee,0xe1,0xe8,
  0xee,0xe3,0xf0,0xe0,0xf4,0xe8,0xff,0xd,0xa,0xe0,0xeb,0xe1,0xe0,0xed,0xe8,0xff,
  0xd,0xa,0xe0,0xec,0xef,0xeb,0xf3,0xe0,0xd,0xa,0xe0,0xf0,0xe3,0xf3,0xec,0xe5,
  0xed,0xf2,0xe0,0xf6,0xe8,0xff,0xd,0xa,0xe1,0xe0,0xf1,0xea,0xd,0xa,0xe1,0xe5,
  0xf1,0xf2,0xf1,0xe5,0xeb,0xeb,0xe5,0xf0,0xd,0xa,0xe1,0xe8,0xf1,0xe5,0xf0,0xd,
  0xa,0xe1,0xeb,0xe0,0xe6,0xfc,0xd,0xa,0xe1,0xeb,0xe5,0xf1,0xf2,0xea,0xe0,0xd,
  0xa,0xe1,0xfb,0xeb,0xe8,0xed,0xea,0xe0,0xd,0xa,0xe1,0xfb,0xf2,0xed,0xee,0xf1,
  0xf2,0xfc,0xd,0xa,0xe2,0xe5,0xf1,0xf2,0xee,0xf7,0xea,0xe0,0xd,0xa,0xe2,0xe5,
  0xff,0xed,0xe8,0xe5,0xd,0xa,0xe2,0xee,0xee,0xe4,0xf3,0xf8,0xe5,0xe2,0xeb,0xe5,
  0xed,0xe8,0xe5,0xd,0xa,0xe2,0xfb,0xf0,0xe0,0xe1,0xee,0xf2,0xee,0xea,0xd,0xa,
  0xe2,0xfb,0xf8,0xe8,0xe2,0xea,0xe0,0xd,0xa,0xe3,0xe0,0xeb,0xf7,0xee,0xed,0xee,
  0xea,0xd,0xa,0xe3,0xe0,0xec,0xe0,0xea,0xd,0xa,0xe3,0xed,0xee,0xe9,0xed,0xe8,
  0xea,0xd,0xa,0xe3,0xee,0xeb,0xee,0xe4,0xee,0xe2,0xea,0xe0,0xd,0xa,0xe3,0xee,
  0xf0,0xed,0xff,0xea,0xd,0xa,0xe4,0xe8,0xe0,0xeb,0xe5,0xea,0xf2,0xe8,0xea,0xe0,
  0xd,0xa,0xe4,0xee,0xe1,0xf0,0xee,0xf1,0xee,0xe2,0xe5,0xf1,0xf2,0xed,0xee,0xf1,
  0xf2,0xfc,0xd,0xa,0xe4,0xf0,0xe0,0xec,0xea,0xf0,0xf3,0xe6,0xee,0xea,0xd,0xa,
  0xe4,0xf0,0xee,0xe6,0xe0,0xed,0xe8,0xe5,0xd,0xa,0xe4,0xf3,0xeb,0xee,0xe2,0xd,
  0xa,0xe6,0xe5,0xeb,0xe5,0xe7,0xff,0xea,0xe0,0xd,0xa,0xe6,0xe8,0xe2,0xee,0xf1,
  0xf2,0xfc,0xd,0xa,0xe7,0xe0,0xea,0xe0,0xeb,0xea,0xe0,0xd,0xa,0xe7,0xee,0xee,
  0xeb,0xee,0xe3,0xe8,0xff,0xd,0xa,0xe8,0xef,0xef,0xee,0xe4,0xf0,0xee,0xec,0xd,
  0xa,0xe8,0xf1,0xea,0xf3,0xf1,0xf1,0xf2,0xe2,0xee,0xe2,0xe5,0xe4,0xd,0xa,0xea,
  0xed,0xe4,0xf0,0xd,0xa,0xea,0xed,0xe8,0xe6,0xe8,0xf6,0xe0,0xd,0xa,0xea,0xee,
  0xe0,0xeb,0xe8,0xf6,0xe8,0xff,0xd,0xa,0xea,0xee,0xea,0xe5,0xf2,0xf1,0xf2,0xe2,
  0xee,0xd,0xa,0xea,0xee,0xec,0xe0,0xed,0xe4,0xee,0xf0,0xd,0xa,0xea,0xee,0xec,
  0xe8,0xf1,0xf1,0xe8,0xee,0xed,0xea,0xe0,0xd,0xa,0xea,0xee,0xed,0xfa,0xfe,0xed,
  0xea,0xf2,0xe8,0xe2,0xe8,0xf2,0xd,0xa,0xea,0xee,0xef,0xe8,0xeb,0xea,0xe0,0xd,
  0xa,0xea,0xee,0xf0,0xe8,0xe4,0xee,0xf0,0xf7,0xe8,0xea,0xd,0xa,0xea,0xee,0xf1,
  0xf2,0xff,0xea,0xd,0xa,0xea,0xf0,0xe8,0xec,0xe8,0xed,0xe0,0xeb,0xd,0xa,0xea,
  0xf3,0xea,0xe8,0xf8,0xd,0xa,0xec,0xe3,0xe1,0xd,0xa,0xec,0xe5,0xeb,0xee,0xea,
  0xd,0xa,0xec,0xe5,0xec,0xee,0xf0,0xe8,0xe0,0xeb,0xd,0xa,0xec,0xe8,0xea,0xf1,
  0xf2,0xf3,0xf0,0xe0,0xd,0xa,0xec,0xee,0xe1,0xe8,0xeb,0xfc,0xed,0xe8,0xea,0xd,
  0xa,0xec,0xee,0xeb,0xeb,0xfe,0xf1,0xea,0xd,0xa,0xec,0xee,0xeb,0xfc,0xe1,0xe5,
  0xf0,0xf2,0xd,0xa,0xec,0xee,0xf8,0xea,0xe0,0xf0,0xe0,0xd,0xa,0xec,0xff,0xf1,
  0xee,0xe5,0xe4,0xd,0xa,0xed,0xe0,0xe4,0xe3,0xf0,0xee,0xe1,0xe8,0xe5,0xd,0xa,
  0xed,0xe0,0xe5,0xec,0xd,0xa,0xed,0xee,0xe2,0xee,0xf1,0xe5,0xeb,0xfc,0xe5,0xd,
  0xa,0xed,0xee,0xf8,0xe5,0xed,0xe8,0xe5,0xd,0xa,0xee,0xe1,0xeb,0xe0,0xf7,0xed,
  0xee,0xf1,0xf2,0xfc,0xd,0xa,0xee,0xe1,0xee,0xe4,0xee,0xea,0xd,0xa,0xee,0xe7,
  0xee,0xf0,0xf1,0xf2,0xe2,0xee,0xd,0xa,0xee,0xf2,0xe3,0xee,0xeb,0xee,0xf1,0xee,
  0xea,0xd,0xa,0xee,0xf2,0xe3,0xf3,0xeb,0xd,0xa,0xee,0xf2,0xeb,0xf3,0xf7,0xea,
  0xe0,0xd,0xa,0xef,0xe0,0xeb,0xfc,0xef,0xe0,0xf6,0xe8,0xff,0xd,0xa,0xef,0xe5,
  0xf0,0xe5,0xe4,0xe5,0xeb,0xd,0xa,0xef,0xe8,0xf2,0xee,0xec,0xed,0xe8,0xea,0xd,
  0xa,0xef,0xeb,0xe0,0xf4,0xee,0xed,0xd,0xa,0xef,0xee,0xe1,0xeb,0xe0,0xe6,0xea,
  0xe0,0xd,0xa,0xef,0xee,0xe2,0xe5,0xf0,0xe5,0xed,0xed,0xfb,0xe9,0xd,0xa,0xef,
  0xee,0xec,0xef,0xe0,0xd,0xa,0xef,0xee,0xef,0xee,0xe9,0xea,0xe0,0xd,0xa,0xef,
  0xee,0xf0,0xed,0xee,0xe3,0xf0,0xe0,0xf4,0xe8,0xff,0xd,0xa,0xef,0xee,0xf0,0xf3,
  0xea,0xe0,0xd,0xa,0xef,0xee,0xf2,0xf3,0xe3,0xe0,0xd,0xa,0xef,0xf0,0xe8,0xe1,
  0xe5,0xe6,0xe8,0xf9,0xe5,0xd,0xa,0xef,0xf0,0xe8,0xe2,0xe5,0xe4,0xe5,0xed,0xe8,
  0xe5,0xd,0xa,0xef,0xf0,0xee,0xf0,0xe2,0xe0,0xd,0xa,0xef,0xf0,0xee,0xf1,0xeb,
  0xee,0xe9,0xea,0xe0,0xd,0xa,0xf0,0xe0,0xe7,0xf0,0xe0,0xf1,0xf2,0xe0,0xed,0xe8,
  0xe5,0xd,0xa,0xf0,0xe0,0xf1,0xf2,0xff,0xe6,0xe5,0xed,0xe8,0xe5,0xd,0xa,0xf0,
  0xe5,0xf4,0xe5,0xf0,0xe5,0xed,0xe4,0xf3,0xec,0xd,0xa,0xf0,0xee,0xe6,0xe5,0xed,
  0xe8,0xf6,0xe0,0xd,0xa,0xf0,0xf3,0xf1,0xee,0xf4,0xee,0xe1,0xe8,0xff,0xd,0xa,
  0xf1,0xe0,0xec,0xee,0xf0,0xe0,0xe7,0xe2,0xe8,0xf2,0xe8,0xe5,0xd,0xa,0xf1,0xe0,
  0xec,0xf3,0xf0,0xe0,0xe9,0xd,0xa,0xf1,0xe1,0xfb,0xf2,0xd,0xa,0xf1,0xe2,0xe0,
  0xf1,0xf2,0xe8,0xea,0xe0,0xd,0xa,0xf1,0xe2,0xe5,0xf0,0xeb,0xee,0xd,0xa,0xf1,
  0xe2,0xe8,0xe4,0xe5,0xf2,0xe5,0xeb,0xfc,0xed,0xe8,0xf6,0xe0,0xd,0xa,0xf1,0xe8,
  0xeb,0xe5,0xed,0xea,0xe0,0xd,0xa,0xf1,0xeb,0xf3,0xe6,0xe0,0xea,0xe0,0xd,0xa,
  0xf1,0xee,0xeb,0xed,0xf6,0xe5,0xef,0xe5,0xea,0xd,0xa,0xf1,0xef,0xe0,0xe7,0xec,
  0xd,0xa,0xf2,0xe5,0xeb,0xe5,0xef,0xe5,0xf0,0xe5,0xe4,0xe0,0xf7,0xe0,0xd,0xa,
  0xf2,0xe5,0xf5,0xed,0xee,0xeb,0xee,0xe3,0xd,0xa,0xf2,0xf0,0xe0,0xed,0xf1,0xf4,
  0xee,0xf0,0xec,0xe0,0xf2,0xee,0xf0,0xd,0xa,0xf2,0xf0,0xe8,0xea,0xee,0xd,0xa,
  0xf2,0xf0,0xe8,0xeb,0xeb,0xe5,0xf0,0xd,0xa,0xf2,0xf0,0xf3,0xe4,0xee,0xf3,0xf1,
  0xf2,0xf0,0xee,0xe9,0xf1,0xf2,0xe2,0xee,0xd,0xa,0xf2,0xff,0xf2,0xfc,0xea,0xe0,
  0xd,0xa,0xf2,0xff,0xf2,0xff,0xd,0xa,0xf3,0xe1,0xe5,0xe3,0xd,0xa,0xf3,0xe1,
  0xf0,0xe0,0xed,0xf1,0xf2,0xe2,0xee,0xd,0xa,0xf3,0xe7,0xe4,0xe5,0xf7,0xea,0xe0,
  0xd,0xa,0xf3,0xea,0xf0,0xee,0xef,0xd,0xa,0xf3,0xf4,0xe0,0xd,0xa,0xf3,0xf5,
  0xe0,0xe6,0xe5,0xf0,0xd,0xa,0xf3,0xf7,0xe5,0xed,0xfc,0xe5,0xd,0xa,0xf4,0xe0,
  0xe7,0xe0,0xed,0xd,0xa,0xf4,0xe0,0xea,0xe8,0xf0,0xd,0xa,0xf4,0xe8,0xed,0xed,
  0xd,0xa,0xf4,0xee,0xf0,0xe0,0xd,0xa,0xf6,0xe8,0xf0,0xea,0xf3,0xeb,0xfc,0xd,
  0xa,0xf7,0xe0,0xe5,0xef,0xe8,0xf2,0xe8,0xe5,0xd,0xa,0xf7,0xe5,0xf0,0xe2,0xff,
  0xf7,0xee,0xea,0xd,0xa,0xf7,0xe5,0xf8,0xf3,0xe9,0xea,0xe0,0xd,0xa,0xfd,0xf1,
  0xec,0xe8,0xed,0xe5,0xf6,0xd,0xa,0xfd,0xf8,0xe0,0xf4,0xee,0xf2,0xd,0xa,0xfe,
  0xe6,0xe0,0xed,0xe8,0xed,0xd,0xa,0xff,0xe2,0xe0,0xd,0xa,0xe0,0xf2,0xe0,0xec,
  0xe0,0xed,0xd,0xa,0xe0,0xfd,0xf1,0xd,0xa,0xe1,0xe0,0xeb,0xe5,0xf0,0xe8,0xed,
  0xe0,0xd,0xa,0xe1,0xe0,0xf0,0xe8,0xf2,0xee,0xed,0xd,0xa,0xe1,0xeb,0xe0,0xe3,
  0xee,0xe4,0xe5,0xf2,0xe5,0xeb,0xfc,0xd,0xa,0xe1,0xeb,0xe5,0xe4,0xed,0xee,0xf1,
  0xf2,0xfc,0xd,0xa,0xe1,0xee,0xeb,0xe5,0xeb,0xfc,0xf9,0xe8,0xea,0xd,0xa,0xe1,
  0xfe,0xf0,0xee,0xea,0xf0,0xe0,0xf2,0xd,0xa,0xe2,0xee,0xf0,0xee,0xed,0xe5,0xf6,
  0xd,0xa,0xe3,0xee,0xe2,0xee,0xf0,0xf3,0xed,0xd,0xa,0xe3,0xee,0xf0,0xe5,0xeb,
  0xee,0xe2,0xd,0xa,0xea,0xf3,0xef,0xeb,0xe5,0xf2,0xd,0xa,0xeb,0xe5,0xe4,0xed,
  0xe8,0xea,0xd,0xa,0xeb,0xe5,0xf1,0xed,0xe8,0xea,0xd,0xa,0xec,0xee,0xf2,0xee,
  0xf0,0xe8,0xf1,0xf2,0xd,0xa,0xec,0xf3,0xf1,0xf3,0xeb,0xfc,0xec,0xe0,0xed,0xe8,
  0xed,0xd,0xa,0xed,0xe0,0xf1,0xf2,0xe0,0xe2,0xeb,0xe5,0xed,0xe8,0xe5,0xd,0xa,
  0xed,0xe5,0xe4,0xf3,0xe3,0xd,0xa,0xee,0xe1,0xf1,0xe5,0xf0,0xe2,0xe0,0xf2,0xee,
  0xf0,0xe8,0xff,0xd,0xa,0xee,0xe3,0xf3,0xf0,0xf7,0xe8,0xea,0xd,0xa,0xee,0xf2,
  0xf0,0xe8,0xf6,0xe0,0xed,0xe8,0xe5,0xd,0xa,0xef,0xe0,0xf1,0xf2,0xee,0xf0,0xd,
  0xa,0xef,0xe8,0xe0,0xed,0xe8,0xf1,0xf2,0xd,0xa,0xef,0xeb,0xe0,0xf9,0xe0,0xed,
  0xe8,0xf6,0xe0,0xd,0xa,0xef,0xee,0xea,0xf0,0xe0,0xf1,0xed,0xe5,0xed,0xe8,0xe5,
  0xd,0xa,0xef,0xee,0xeb,0xf3,0xf8,0xe0,0xf0,0xe8,0xe5,0xd,0xa,0xef,0xf0,0xe5,
  0xe4,0xe0,0xed,0xe8,0xe5,0xd,0xa,0xef,0xf0,0xe5,0xe4,0xef,0xe8,0xf1,0xe0,0xed,
  0xe8,0xe5,0xd,0xa,0xef,0xf0,0xe5,0xf1,0xeb,0xe5,0xe4,0xee,0xe2,0xe0,0xf2,0xe5,
  0xeb,0xfc,0xd,0xa,0xef,0xf0,0xe8,0xee,0xf0,0xe8,0xf2,0xe5,0xf2,0xd,0xa,0xef,
  0xf0,0xee,0xeb,0xe8,0xe2,0xd,0xa,0xef,0xf0,0xee,0xec,0xfb,0xf1,0xeb,0xd,0xa,
  0xef,0xf1,0xe8,0xf5,0xee,0xef,0xe0,0xf2,0xd,0xa,0xf1,0xe1,0xeb,0xe8,0xe6,0xe5,
  0xed,0xe8,0xe5,0xd,0xa,0xf1,0xea,0xeb,0xff,0xed,0xea,0xe0,0xd,0xa,0xf1,0xee,
  0xe4,0xe0,0xd,0xa,0xf2,0xf3,0xe7,0xe8,0xea,0xd,0xa,0xf3,0xe3,0xeb,0xe5,0xe2,
  0xee,0xe4,0xd,0xa,0xf4,0xe8,0xe7,0xe8,0xee,0xeb,0xee,0xe3,0xe8,0xff,0xd,0xa,
  0xf4,0xf3,0xf4,0xe0,0xe9,0xea,0xe0,0xd,0xa,0xf6,0xe1,0xd,0xa,0xf6,0xe5,0xed,
  0xf2,0xd,0xa,0xf7,0xe0,0xf1,0xe8,0xea,0xd,0xa,0xf7,0xf3,0xec,0xe0,0xd,0xa,
  0xf8,0xe5,0xef,0xf2,0xe0,0xeb,0xe0,0xd,0xa,0xf8,0xeb,0xfe,0xf5,0xe0,0xd,0xa,
  0xf8,0xf3,0xf0,0xf4,0xd,0xa,0xfd,0xf1,0xe5,0xf0,0xd,0xa,0xfe,0xed,0xea,0xe5,
  0xf0,0xd,0xa,0xe0,0xed,0xf2,0xe5,0xed,0xed,0xe0,0xd,0xa,0xe1,0xe5,0xf1,0xe5,
  0xe4,0xea,0xe0,0xd,0xa,0xe1,0xee,0xf0,0xee,0xe4,0xe0,0xf7,0xd,0xa,0xe1,0xf3,
  0xf0,0xe6,0xf3,0xe0,0xe7,0xe8,0xff,0xd,0xa,0xe1,0xf3,0xf5,0xe0,0xed,0xea,0xe0,
  0xd,0xa,0xe4,0xf0,0xf3,0xe6,0xe8,0xed,0xe0,0xd,0xa,0xe4,0xfb,0xf0,0xee,0xf7,
  0xea,0xe0,0xd,0xa,0xe6,0xf0,0xe0,0xf2,0xe2,0xe0,0xd,0xa,0xe8,0xec,0xec,0xe8,
  0xe3,0xf0,0xe0,0xed,0xf2,0xd,0xa,0xea,0xee,0xea,0xf2,0xe5,0xe9,0xeb,0xfc,0xd,
  0xa,0xea,0xee,0xf4,0xf2,0xe0,0xd,0xa,0xea,0xf0,0xfb,0xeb,0xfb,0xf8,0xea,0xee,
  0xd,0xa,0xea,0xf3,0xf8,0xe5,0xf2,0xea,0xe0,0xd,0xa,0xec,0xee,0xed,0xe3,0xee,
  0xeb,0xd,0xa,0xed,0xe5,0xe7,0xed,0xe0,0xea,0xee,0xec,0xea,0xe0,0xd,0xa,0xed,
  0xe5,0xf0,0xe5,0xf8,0xe8,0xf2,0xe5,0xeb,0xfc,0xed,0xee,0xf1,0xf2,0xfc,0xd,0xa,
  0xed,0xe5,0xf3,0xe4,0xee,0xe1,0xf1,0xf2,0xe2,0xee,0xd,0xa,0xee,0xf2,0xef,0xf0,
  0xe0,0xe2,0xea,0xe0,0xd,0xa,0xef,0xf0,0xe8,0xe2,0xff,0xe7,0xe0,0xed,0xed,0xee,
  0xf1,0xf2,0xfc,0xd,0xa,0xf0,0xe5,0xe3,0xe8,0xf1,0xf2,0xf0,0xe0,0xf6,0xe8,0xff,
  0xd,0xa,0xf0,0xee,0xec,0xe0,0xf8,0xea,0xe0,0xd,0xa,0xf0,0xfb,0xe6,0xe8,0xe9,
  0xd,0xa,0xf1,0xea,0xee,0xf0,0xef,0xe8,0xee,0xed,0xd,0xa,0xf1,0xf2,0xe5,0xed,
  0xe4,0xd,0xa,0xf3,0xf2,0xf0,0xe0,0xf2,0xe0,0xd,0xa,0xe0,0xf0,0xe1,0xf3,0xe7,
  0xd,0xa,0xe2,0xed,0xf3,0xf7,0xe5,0xea,0xd,0xa,0xe4,0xe5,0xf2,0xe5,0xea,0xf2,
  0xe8,0xe2,0xd,0xa,0xea,0xe0,0xf0,0xe0,0xd,0xa,0xee,0xf1,0xf2,0xe0,0xed,0xea,
  0xe8,0xd,0xa,0xee,0xf1,0xf3,0xf9,0xe5,0xf1,0xf2,0xe2,0xeb,0xe5,0xed,0xe8,0xe5,
  0xd,0xa,0xee,0xf9,0xf3,0xef,0xfc,0xd,0xa,0xef,0xe0,0xf0,0xea,0xe5,0xf2,0xd,
  0xa,0xef,0xe5,0xe4,0xe0,0xe3,0xee,0xe3,0xd,0xa,0xef,0xee,0xea,0xf3,0xf8,0xe5,
  0xed,0xe8,0xe5,0xd,0xa,0xef,0xee,0xeb,0xee,0xed,0xd,0xa,0xf1,0xe4,0xe5,0xeb,
  0xea,0xe0,0xd,0xa,0xfe,0xe1,0xe8,0xeb,0xe5,0xe9,0xd,0xa,0xe0,0xe2,0xe0,0xf0,
  0xe5,0xf6,0xd,0xa,0xe0,0xe4,0xf0,0xe5,0xf1,0xee,0xea,0xd,0xa,0xe0,0xea,0xe0,
  0xea,0xe8,0xe9,0xd,0xa,0xe0,0xeb,0xe3,0xee,0xf0,0xe8,0xf2,0xec,0xd,0xa,0xe0,
  0xeb,0xeb,0xe5,0xe3,0xee,0xf0,0xe8,0xff,0xd,0xa,0xe0,0xeb,0xf2,0xfb,0xed,0xd,
  0xa,0xe0,0xed,0xe0,0xf4,0xe5,0xec,0xe0,0xd,0xa,0xe0,0xed,0xf2,0xe2,0xe5,0xf0,
  0xef,0xe5,0xed,0xd,0xa,0xe0,0xf0,0xec,0xe5,0xe5,0xf6,0xd,0xa,0xe0,0xf1,0xf1,
  0xe8,0xe3,0xed,0xe0,0xf6,0xe8,0xff,0xd,0xa,0xe0,0xf8,0xf0,0xe0,0xec,0xd,0xa,
  0xe1,0xe0,0xea,0xeb,0xe0,0xe6,0xe0,0xed,0xd,0xa,0xe1,0xe0,0xea,0xeb,0xe0,0xed,
  0xd,0xa,0xe1,0xeb,0xe8,0xf6,0xd,0xa,0xe1,0xeb,0xf3,0xe4,0xed,0xe8,0xf6,0xe0,
  0xd,0xa,0xe1,0xee,0xeb,0xe2,0xe0,0xed,0xea,0xe0,0xd,0xa,0xe1,0xf0,0xe0,0xd,
  0xa,0xe1,0xf0,0xe0,0xea,0xee,0xed,0xfc,0xe5,0xf0,0xd,0xa,0xe1,0xf0,0xe8,0xee,
  0xed,0xe8,0xff,0xd,0xa,0xe1,0xfd,0xe1,0xe8,0xd,0xa,0xe2,0xe0,0xea,0xf6,0xe8,
  0xed,0xe0,0xf6,0xe8,0xff,0xd,0xa,0xe2,0xe5,0xea,0xf8,0xe8,0xed,0xd,0xa,0xe2,
  0xeb,0xea,0xf1,0xec,0xd,0xa,0xe2,0xec,0xe5,0xf1,0xf2,0xe8,0xeb,0xe8,0xf9,0xe5,
  0xd,0xa,0xe2,0xee,0xe4,0xee,0xf1,0xed,0xe0,0xe1,0xe6,0xe5,0xed,0xe8,0xe5,0xd,
  0xa,0xe2,0xee,0xe7,0xee,0xe1,0xed,0xee,0xe2,0xeb,0xe5,0xed,0xe8,0xe5,0xd,0xa,
  0xe2,0xee,0xeb,0xf5,0xe2,0xd,0xa,0xe2,0xee,0xf1,0xf2,0xf0,0xe5,0xe1,0xee,0xe2,
  0xe0,0xed,0xe8,0xe5,0xd,0xa,0xe2,0xfb,0xe3,0xf0,0xf3,0xe7,0xea,0xe0,0xd,0xa,
  0xe2,0xfb,0xf1,0xee,0xea,0xee,0xe1,0xeb,0xe0,0xe3,0xee,0xf0,0xee,0xe4,0xe8,0xe5,
  0xd,0xa,0xe2,0xfb,0xf2,0xe5,0xf1,0xed,0xe5,0xed,0xe8,0xe5,0xd,0xa,0xe3,0xe0,
  0xf0,0xe0,0xed,0xf2,0xd,0xa,0xe3,0xe5,0xee,0xe3,0xf0,0xe0,0xf4,0xd,0xa,0xe3,
  0xeb,0xee,0xe1,0xf3,0xeb,0xe8,0xed,0xd,0xa,0xe3,0xeb,0xee,0xf2,0xee,0xf7,0xe5,
  0xea,0xd,0xa,0xe3,0xeb,0xff,0xed,0xe5,0xf6,0xd,0xa,0xe3,0xee,0xe1,0xe8,0xd,
  0xa,0xe3,0xee,0xf0,0xe5,0xeb,0xea,0xe0,0xd,0xa,0xe3,0xf0,0xe0,0xe4,0xee,0xed,
  0xe0,0xf7,0xe0,0xeb,0xfc,0xed,0xe8,0xea,0xd,0xa,0xe3,0xf0,0xe0,0xe6,0xe4,0xe0,
  0xed,0xee,0xf7,0xea,0xe0,0xd,0xa,0xe3,0xf0,0xe0,0xed,0xe4,0xd,0xa,0xe4,0xe5,
  0xec,0xe0,0xe3,0xee,0xe3,0xd,0xa,0xe4,0xe5,0xec,0xee,0xea,0xf0,0xe0,0xf2,0xe8,
  0xe7,0xe0,0xf6,0xe8,0xff,0xd,0xa,0xe4,0xe5,0xf4,0xe5,0xea,0xe0,0xf6,0xe8,0xff,
  0xd,0xa,0xe4,0xe8,0xe2,0xf7,0xe8,0xed,0xe0,0xd,0xa,0xe4,0xee,0xe1,0xfb,0xf2,
  0xf7,0xe8,0xea,0xd,0xa,0xe4,0xf0,0xe0,0xec,0xe0,0xf2,0xe8,0xe7,0xec,0xd,0xa,
  0xe5,0xf0,0xec,0xee,0xeb,0xee,0xe2,0xe0,0xd,0xa,0xe6,0xe5,0xf0,0xf2,0xe2,0xee,
  0xef,0xf0,0xe8,0xed,0xee,0xf8,0xe5,0xed,0xe8,0xe5,0xd,0xa,0xe6,0xe8,0xe7,0xed,
  0xe5,0xee,0xef,0xe8,0xf1,0xe0,0xed,0xe8,0xe5,0xd,0xa,0xe6,0xf3,0xeb,0xfc,0xed,
  0xe8,0xf7,0xe5,0xf1,0xf2,0xe2,0xee,0xd,0xa,0xe7,0xe0,0xe4,0xee,0xf0,0xd,0xa,
  0xe7,0xe0,0xe4,0xf3,0xec,0xea,0xe0,0xd,0xa,0xe7,0xe0,0xe7,0xfb,0xe2,0xe0,0xeb,
  0xe0,0xd,0xa,0xe7,0xe0,0xec,0xe5,0xf9,0xe5,0xed,0xe8,0xe5,0xd,0xa,0xe7,0xe0,
  0xec,0xee,0xf1,0xea,0xe2,0xee,0xf0,0xe5,0xf7,0xfc,0xe5,0xd,0xa,0xe7,0xe0,0xef,
  0xf0,0xf3,0xe4,0xe0,0xd,0xa,0xe7,0xe0,0xef,0xff,0xf2,0xea,0xe8,0xd,0xa,0xe7,
  0xe0,0xf0,0xf3,0xe1,0xea,0xe0,0xd,0xa,0xe7,0xe0,0xf2,0xee,0xef,0xeb,0xe5,0xed,
  0xe8,0xe5,0xd,0xa,0xe7,0xe0,0xf5,0xee,0xeb,0xf3,0xf1,0xf2,0xfc,0xe5,0xd,0xa,
  0xe7,0xe2,0xe5,0xf0,0xfe,0xf8,0xea,0xe0,0xd,0xa,0xe8,0xe4,0xe5,0xe9,0xea,0xe0,
  0xd,0xa,0xe8,0xe7,0xeb,0xf3,0xf7,0xe0,0xf2,0xe5,0xeb,0xfc,0xd,0xa,0xe8,0xe7,
  0xec,0xe0,0xe8,0xeb,0xd,0xa,0xe8,0xec,0xef,0xee,0xf2,0xe5,0xed,0xf6,0xe8,0xff,
  0xd,0xa,0xe8,0xf1,0xea,0xf3,0xef,0xeb,0xe5,0xed,0xe8,0xe5,0xd,0xa,0xe9,0xee,
  0xe3,0xf3,0xf0,0xf2,0xd,0xa,0xea,0xe0,0xe4,0xf0,0xee,0xe2,0xe8,0xea,0xd,0xa,
  0xea,0xe2,0xe0,0xf0,0xf2,0xef,0xeb,0xe0,0xf2,0xe0,0xd,0xa,0xea,0xe8,0xef,0xff,
  0xf2,0xe8,0xeb,0xfc,0xed,0xe8,0xea,0xd,0xa,0xea,0xeb,0xfe,0xf8,0xea,0xe0,0xd,
  0xa,0xea,0xed,0xe5,0xf5,0xf2,0xd,0xa,0xea,0xee,0xe2,0xe0,0xeb,0xe5,0xed,0xea,
  0xee,0xd,0xa,0xea,0xee,0xeb,0xe5,0xf0,0xd,0xa,0xea,0xee,0xeb,0xf3,0xec,0xe1,
  0xe8,0xff,0xd,0xa,0xea,0xee,0xec,0xe1,0xe0,0xe9,0xed,0xe5,0xf0,0xd,0xa,0xea,
  0xee,0xed,0xfa,0xfe,0xed,0xea,0xf2,0xf3,0xf0,0xe0,0xd,0xa,0xea,0xee,0xf0,0xe5,
  0xed,0xfc,0xff,0xd,0xa,0xea,0xee,0xf0,0xf1,0xe5,0xf2,0xd,0xa,0xea,0xee,0xf1,
  0xf2,0xf0,0xe8,0xf9,0xe5,0xd,0xa,0xea,0xf0,0xe0,0xef,0xe8,0xed,0xea,0xe0,0xd,
  0xa,0xea,0xf3,0xeb,0xe5,0xf7,0xe5,0xea,0xd,0xa,0xea,0xf3,0xf0,0xd,0xa,0xeb,
  0xe5,0xe6,0xe0,0xed,0xe8,0xe5,0xd,0xa,0xeb,0xe5,0xf1,0xee,0xe7,0xe0,0xe3,0xee,
  0xf2,0xee,0xe2,0xea,0xe0,0xd,0xa,0xeb,0xee,0xf1,0xea,0xd,0xa,0xec,0xe0,0xf0,
  0xee,0xea,0xea,0xee,0xd,0xa,0xec,0xe0,0xf1,0xea,0xf5,0xe0,0xeb,0xe0,0xf2,0xd,
  0xa,0xec,0xe5,0xe7,0xee,0xed,0xe8,0xed,0xd,0xa,0xec,0xe5,0xf2,0xe0,0xf1,0xf2,
  0xe0,0xe7,0xd,0xa,0xec,0xe8,0xeb,0xeb,0xe8,0xe0,0xf0,0xe4,0xe5,0xf0,0xd,0xa,
  0xec,0xe8,0xf8,0xf3,0xf0,0xe0,0xd,0xa,0xec,0xee,0xed,0xe0,0xf0,0xf5,0xe8,0xf1,
  0xf2,0xd,0xa,0xec,0xee,0xf1,0xee,0xeb,0xd,0xa,0xec,0xee,0xf1,0xfc,0xe5,0xd,
  0xa,0xec,0xff,0xea,0xe8,0xed,0xe0,0xd,0xa,0xed,0xe0,0xe1,0xe0,0xeb,0xe4,0xe0,
  0xf8,0xed,0xe8,0xea,0xd,0xa,0xed,0xe0,0xe3,0xee,0xed,0xff,0xe9,0xd,0xa,0xed,
  0xe0,0xe4,0xf0,0xe5,0xe7,0xd,0xa,0xed,0xe0,0xef,0xe5,0xe2,0xd,0xa,0xed,0xe0,
  0xf1,0xe5,0xe4,0xea,0xe0,0xd,0xa,0xed,0xe5,0xe2,0xed,0xe8,0xec,0xe0,0xed,0xe8,
  0xe5,0xd,0xa,0xed,0xe5,0xe2,0xf0,0xee,0xef,0xe0,0xf2,0xe8,0xff,0xd,0xa,0xed,
  0xe5,0xe7,0xe0,0xe1,0xf3,0xe4,0xea,0xe0,0xd,0xa,0xed,0xe5,0xe7,0xfb,0xe1,0xeb,
  0xe5,0xec,0xee,0xf1,0xf2,0xfc,0xd,0xa,0xed,0xe5,0xef,0xf0,0xe8,0xeb,0xe8,0xf7,
  0xe8,0xe5,0xd,0xa,0xed,0xe8,0xec,0xf4,0xe0,0xd,0xa,0xed,0xe8,0xf2,0xf0,0xe0,
  0xf2,0xd,0xa,0xed,0xee,0xe2,0xee,0xee,0xe1,0xf0,0xe0,0xe7,0xee,0xe2,0xe0,0xed,
  0xe8,0xe5,0xd,0xa,0xed,0xee,0xf7,0xeb,0xe5,0xe6,0xea,0xe0,0xd,0xa,0xee,0xe1,
  0xe5,0xe7,0xe1,0xee,0xeb,0xe8,0xe2,0xe0,0xed,0xe8,0xe5,0xd,0xa,0xee,0xe1,0xeb,
  0xfb,0xf1,0xe5,0xed,0xe8,0xe5,0xd,0xa,0xee,0xe4,0xed,0xee,0xe3,0xee,0xe4,0xee,
  0xea,0xd,0xa,0xee,0xe7,0xe4,0xee,0xf0,0xee,0xe2,0xeb,0xe5,0xed,0xe8,0xe5,0xd,
  0xa,0xee,0xeb,0xfc,0xf8,0xe0,0xed,0xe8,0xea,0xd,0xa,0xee,0xf1,0xf2,0xee,0xeb,
  0xee,0xef,0xd,0xa,0xee,0xf1,0xf2,0xf0,0xee,0xe3,0xe0,0xd,0xa,0xee,0xf2,0xe2,
  0xe5,0xf2,0xe2,0xeb,0xe5,0xed,0xe8,0xe5,0xd,0xa,0xee,0xf2,0xec,0xee,0xf0,0xee,
  0xe7,0xee,0xea,0xd,0xa,0xee,0xf2,0xee,0xe1,0xf0,0xe0,0xe6,0xe5,0xed,0xe8,0xe5,
  0xd,0xa,0xee,0xf2,0xee,0xf0,0xe2,0xe0,0xed,0xed,0xee,0xf1,0xf2,0xfc,0xd,0xa,
  0xee,0xf2,0xef,0xeb,0xfb,0xf2,0xe8,0xe5,0xd,0xa,0xee,0xf2,0xf1,0xf2,0xf0,0xe0,
  0xed,0xe5,0xed,0xe8,0xe5,0xd,0xa,0xef,0xe0,0xeb,0xe0,0xe4,0xe8,0xed,0xd,0xa,
  0xef,0xe0,0xeb,0xe8,0xf2,0xf0,0xe0,0xd,0xa,0xef,0xe0,0xed,0xf2,0xe5,0xee,0xed,
  0xd,0xa,0xef,0xe0,0xf0,0xe0,0xf4,0xe8,0xed,0xd,0xa,0xef,0xe0,0xf2,0xf0,0xf3,
  0xe1,0xee,0xea,0xd,0xa,0xef,0xe5,0xf0,0xe5,0xef,0xe8,0xf1,0xfc,0xd,0xa,0xef,
  0xe5,0xf0,0xe5,0xf0,0xe0,0xf1,0xef,0xf0,0xe5,0xe4,0xe5,0xeb,0xe5,0xed,0xe8,0xe5,
  0xd,0xa,0xef,0xe5,0xf0,0xe5,0xf3,0xf1,0xf2,0xf0,0xee,0xe9,0xf1,0xf2,0xe2,0xee,
  0xd,0xa,0xef,0xe5,0xf0,0xe5,0xf3,0xf2,0xee,0xec,0xeb,0xe5,0xed,0xe8,0xe5,0xd,
  0xa,0xef,0xeb,0xe0,0xf2,0xe8,0xed,0xe0,0xd,0xa,0xef,0xee,0xe2,0xe5,0xf2,0xfc,
  0xd,0xa,0xef,0xee,0xe3,0xee,0xed,0xf9,0xe8,0xea,0xd,0xa,0xef,0xee,0xe4,0xe7,
  0xe0,0xf0,0xff,0xe4,0xd,0xa,0xef,0xee,0xe4,0xef,0xe8,0xf1,0xf7,0xe8,0xea,0xd,
  0xa,0xef,0xee,0xeb,0xee,0xe2,0xee,0xe4,0xfc,0xe5,0xd,0xa,0xef,0xee,0xeb,0xee,
  0xec,0xea,0xe0,0xd,0xa,0xef,0xee,0xf1,0xf2,0xe5,0xeb,0xfc,0xea,0xe0,0xd,0xa,
  0xef,0xee,0xf5,0xee,0xf0,0xee,0xed,0xea,0xe0,0xd,0xa,0xef,0xf0,0xe5,0xe2,0xf0,
  0xe0,0xf2,0xed,0xee,0xf1,0xf2,0xfc,0xd,0xa,0xef,0xf0,0xe5,0xe4,0xe2,0xee,0xe4,
  0xe8,0xf2,0xe5,0xeb,0xfc,0xed,0xe8,0xf6,0xe0,0xd,0xa,0xef,0xf0,0xe8,0xe1,0xe0,
  0xe2,0xeb,0xe5,0xed,0xe8,0xe5,0xd,0xa,0xef,0xf0,0xe8,0xe4,0xe8,0xf0,0xea,0xe0,
  0xd,0xa,0xef,0xf0,0xe8,0xea,0xe8,0xe4,0xea,0xe0,0xd,0xa,0xef,0xf0,0xee,0xe5,
  0xea,0xf2,0xe8,0xf0,0xee,0xe2,0xe0,0xed,0xe8,0xe5,0xd,0xa,0xef,0xf0,0xee,0xeb,
  0xe5,0xe6,0xe5,0xed,0xfc,0xd,0xa,0xef,0xf0,0xee,0xf1,0xe2,0xe5,0xf2,0xe8,0xf2,
  0xe5,0xeb,0xfc,0xd,0xa,0xef,0xf0,0xee,0xf4,0xee,0xf0,0xec,0xe0,0xd,0xa,0xef,
  0xf0,0xff,0xf1,0xeb,0xee,0xd,0xa,0xef,0xfb,0xf8,0xea,0xe0,0xd,0xa,0xf0,0xe0,
  0xe4,0xf3,0xf8,0xe8,0xe5,0xd,0xa,0xf0,0xe0,0xe7,0xe3,0xe8,0xeb,0xfc,0xe4,0xff,
  0xe9,0xf1,0xf2,0xe2,0xee,0xd,0xa,0xf0,0xe0,0xe7,0xed,0xe0,0xf0,0xff,0xe4,0xea,
  0xe0,0xd,0xa,0xf0,0xe0,0xf1,0xea,0xf0,0xee,0xe9,0xd,0xa,0xf0,0xe0,0xf1,0xf1,
  0xeb,0xe0,0xe1,0xeb,0xe5,0xed,0xe8,0xe5,0xd,0xa,0xf0,0xe5,0xe7,0xe2,0xee,0xf1,
  0xf2,0xfc,0xd,0xa,0xf0,0xe5,0xf4,0xe5,0xf0,0xe0,0xf2,0xd,0xa,0xf0,0xe8,0xea,
  0xf8,0xe0,0xd,0xa,0xf0,0xee,0xe4,0xee,0xf1,0xd,0xa,0xf0,0xee,0xe6,0xe8,0xf6,
  0xe0,0xd,0xa,0xf0,0xf3,0xeb,0xe5,0xe2,0xee,0xe9,0xd,0xa,0xf0,0xfb,0xed,0xe4,
  0xe0,0xd,0xa,0xf0,0xfe,0xea,0xe7,0xe0,0xf7,0xee,0xea,0xd,0xa,0xf0,0xff,0xf1,
  0xea,0xe0,0xd,0xa,0xf1,0xe0,0xeb,0xe0,0xe7,0xea,0xe8,0xd,0xa,0xf1,0xe0,0xec,
  0xee,0xee,0xe1,0xec,0xe0,0xed,0xd,0xa,0xf1,0xe0,0xec,0xee,0xf2,0xe5,0xea,0xd,
  0xa,0xf1,0xe5,0xe9,0xed,0xe5,0xf0,0xd,0xa,0xf1,0xe5,0xeb,0xfc,0xec,0xe0,0xe3,
  0xd,0xa,0xf1,0xe5,0xed,0xf2,0xe8,0xec,0xe5,0xed,0xf2,0xe0,0xeb,0xfc,0xed,0xee,
  0xf1,0xf2,0xfc,0xd,0xa,0xf1,0xe8,0xe1,0xed,0xe5,0xf4,0xf2,0xfc,0xd,0xa,0xf1,
  0xea,0xe2,0xee,0xf0,0xe5,0xf7,0xed,0xe8,0xea,0xd,0xa,0xf1,0xea,0xe5,0xef,0xf1,
  0xe8,0xf1,0xd,0xa,0xf1,0xea,0xee,0xe2,0xee,0xf0,0xee,0xe4,0xed,0xe8,0xea,0xd,
  0xa,0xf1,0xea,0xee,0xeb,0xfc,0xe6,0xe5,0xed,0xe8,0xe5,0xd,0xa,0xf1,0xeb,0xfb,
  0xf8,0xe8,0xec,0xee,0xf1,0xf2,0xfc,0xd,0xa,0xf1,0xeb,0xfe,0xed,0xee,0xf2,0xe5,
  0xf7,0xe5,0xed,0xe8,0xe5,0xd,0xa,0xf1,0xec,0xee,0xf2,0xf0,0xe8,0xed,0xfb,0xd,
  0xa,0xf1,0xec,0xf3,0xf2,0xfc,0xff,0xed,0xd,0xa,0xf1,0xee,0xe1,0xe0,0xf7,0xed,
  0xe8,0xea,0xd,0xa,0xf1,0xef,0xee,0xf0,0xf9,0xe8,0xea,0xd,0xa,0xf1,0xf2,0xe5,
  0xea,0xeb,0xff,0xf8,0xea,0xe0,0xd,0xa,0xf1,0xf2,0xf3,0xe4,0xe5,0xe1,0xe5,0xea,
  0xea,0xe5,0xf0,0xd,0xa,0xf1,0xf2,0xf3,0xe4,0xe5,0xed,0xf7,0xe5,0xf1,0xf2,0xe2,
  0xee,0xd,0xa,0xf1,0xf3,0xf8,0xe8,0xeb,0xee,0xd,0xa,0xf2,0xe0,0xed,0xf6,0xef,
  0xeb,0xee,0xf9,0xe0,0xe4,0xea,0xe0,0xd,0xa,0xf2,0xe0,0xef,0xea,0xe0,0xd,0xa,
  0xf2,0xe0,0xf2,0xfc,0xd,0xa,0xf2,0xe5,0xf0,0xe5,0xf5,0xee,0xe2,0xe0,0xd,0xa,
  0xf2,0xe5,0xf0,0xef,0xe5,0xed,0xf2,0xe8,0xed,0xd,0xa,0xf2,0xf0,0xe0,0xed,0xf1,
  0xeb,0xff,0xf2,0xee,0xf0,0xd,0xa,0xf2,0xf3,0xf0,0xea,0xec,0xe5,0xed,0xd,0xa,
  0xf3,0xe3,0xf0,0xee,0xe7,0xfb,0xf1,0xea,0xd,0xa,0xf3,0xf1,0xe8,0xeb,0xe8,0xf2,
  0xe5,0xeb,0xfc,0xd,0xa,0xf3,0xf2,0xf0,0xe5,0xf7,0xea,0xee,0xd,0xa,0xf4,0xe0,
  0xed,0xe5,0xf0,0xea,0xe0,0xd,0xa,0xf4,0xe5,0xe4,0xee,0xf0,0xf7,0xf3,0xea,0xd,
  0xa,0xf4,0xe8,0xeb,0xe0,0xf2,0xe5,0xeb,0xe8,0xf1,0xf2,0xd,0xa,0xf4,0xee,0xf2,
  0xee,0xea,0xee,0xf0,0xf0,0xe5,0xf1,0xef,0xee,0xed,0xe4,0xe5,0xed,0xf2,0xd,0xa,
  0xf4,0xf0,0xe0,0xed,0xf6,0xe8,0xf1,0xea,0xe0,0xed,0xe5,0xf6,0xd,0xa,0xf4,0xf3,
  0xe3,0xe0,0xd,0xa,0xf5,0xee,0xf5,0xee,0xeb,0xee,0xea,0xd,0xa,0xf7,0xf3,0xe4,
  0xe0,0xf7,0xe5,0xf1,0xf2,0xe2,0xee,0xd,0xa,0xf7,0xf3,0xea,0xf7,0xe0,0xd,0xa,
  0xf8,0xe0,0xe9,0xf2,0xe0,0xed,0xd,0xa,0xf8,0xe0,0xec,0xef,0xf3,0xf0,0xd,0xa,
  0xf8,0xe8,0xf4,0xee,0xed,0xfc,0xe5,0xf0,0xd,0xa,0xf8,0xf2,0xee,0xf0,0xec,0xee,
  0xe2,0xea,0xe0,0xd,0xa,0xfd,0xea,0xe7,0xe5,0xea,0xf3,0xf6,0xe8,0xff,0xd,0xa,
  0xfd,0xeb,0xe5,0xe3,0xe0,0xed,0xf2,0xed,0xee,0xf1,0xf2,0xfc,0xd,0xa,0xfd,0xec,
  0xe8,0xf1,0xf1,0xe8,0xff,0xd,0xa,0xfd,0xec,0xf3,0xeb,0xfc,0xf1,0xe8,0xff,0xd,
  0xa,0xfd,0xed,0xf6,0xe5,0xf4,0xe0,0xeb,0xe8,0xf2,0xd,0xa,0xff,0xec,0xf9,0xe8,
  0xea,0xd,0xa,0xe0,0xeb,0xeb,0xe5,0xf0,0xe3,0xe8,0xff,0xd,0xa,0xe0,0xeb,0xfc,
  0xf4,0xe0,0xd,0xa,0xe0,0xf2,0xf2,0xe5,0xf1,0xf2,0xe0,0xf2,0xd,0xa,0xe1,0xe5,
  0xf1,0xef,0xe0,0xec,0xff,0xf2,0xf1,0xf2,0xe2,0xee,0xd,0xa,0xe1,0xe5,0xf1,0xef,
  0xf0,0xe8,0xe7,0xee,0xf0,0xed,0xe8,0xea,0xd,0xa,0xe1,0xee,0xed,0xd,0xa,0xe2,
  0xe5,0xf0,0xe4,0xe8,0xea,0xf2,0xd,0xa,0xe2,0xe5,0xf1,0xe5,0xeb,0xee,0xf1,0xf2,
  0xfc,0xd,0xa,0xe2,0xeb,0xe0,0xe6,0xed,0xee,0xf1,0xf2,0xfc,0xd,0xa,0xe3,0xe0,
  0xed,0xe3,0xf0,0xe5,0xed,0xe0,0xd,0xa,0xe4,0xe6,0xe5,0xea,0xf1,0xee,0xed,0xd,
  0xa,0xe4,0xee,0xed,0xfb,0xf8,0xea,0xee,0xd,0xa,0xe6,0xe8,0xe6,0xe0,0xd,0xa,
  0xe7,0xe0,0xe4,0xe0,0xf7,0xea,0xe0,0xd,0xa,0xe7,0xe0,0xf1,0xf2,0xe5,0xe6,0xea,
  0xe0,0xd,0xa,0xe7,0xee,0xed,0xe4,0xd,0xa,0xe8,0xe7,0xeb,0xe8,0xf8,0xe5,0xea,
  0xd,0xa,0xe8,0xe7,0xed,0xe5,0xec,0xee,0xe6,0xe5,0xed,0xe8,0xe5,0xd,0xa,0xe8,
  0xe7,0xee,0xeb,0xff,0xf6,0xe8,0xff,0xd,0xa,0xe8,0xf1,0xef,0xf0,0xe0,0xe2,0xeb,
  0xe5,0xed,0xe8,0xe5,0xd,0xa,0xe8,0xf3,0xe4,0xe5,0xe9,0xd,0xa,0xea,0xeb,0xe0,
  0xe4,0xee,0xe2,0xf9,0xe8,0xea,0xd,0xa,0xea,0xf3,0xe7,0xfc,0xec,0xe8,0xed,0xe0,
  0xd,0xa,0xed,0xee,0xe2,0xe5,0xed,0xfc,0xea,0xe8,0xe9,0xd,0xa,0xee,0xe1,0xed,
  0xe8,0xec,0xea,0xe0,0xd,0xa,0xee,0xe1,0xee,0xf1,0xed,0xee,0xe2,0xe0,0xed,0xe8,
  0xe5,0xd,0xa,0xee,0xf1,0xe0,0xe4,0xe0,0xd,0xa,0xef,0xee,0xe7,0xe2,0xee,0xed,
  0xee,0xea,0xd,0xa,0xef,0xee,0xef,0xeb,0xe0,0xe2,0xee,0xea,0xd,0xa,0xf0,0xf3,
  0xe1,0xf0,0xe8,0xea,0xe0,0xd,0xa,0xf1,0xe0,0xec,0xee,0xe3,0xee,0xed,0xea,0xe0,
  0xd,0xa,0xf1,0xe1,0xe5,0xf0,0xe5,0xe6,0xe5,0xed,0xe8,0xe5,0xd,0xa,0xf1,0xe8,
  0xe1,0xe8,0xf0,0xff,0xea,0xd,0xa,0xf1,0xee,0xe2,0xec,0xe5,0xf1,0xf2,0xe8,0xf2,
  0xe5,0xeb,0xfc,0xf1,0xf2,0xe2,0xee,0xd,0xa,0xf1,0xee,0xe7,0xe5,0xf0,0xf6,0xe0,
  0xed,0xe8,0xe5,0xd,0xa,0xf1,0xf2,0xf0,0xe8,0xe6,0xea,0xe0,0xd,0xa,0xf2,0xee,
  0xef,0xee,0xf0,0xe8,0xea,0xd,0xa,0xf2,0xf0,0xee,0xf6,0xea,0xe8,0xf1,0xf2,0xd,
  0xa,0xf3,0xeb,0xfc,0xf2,0xe8,0xec,0xe0,0xf2,0xf3,0xec,0xd,0xa,0xf7,0xe5,0xeb,
  0xee,0xd,0xa,0xf7,0xf0,0xe5,0xe2,0xee,0xd,0xa,0xf8,0xef,0xe8,0xee,0xed,0xe0,
  0xe6,0xd,0xa,0xe1,0xe0,0xed,0xea,0xe5,0xf2,0xd,0xa,0xe2,0xe0,0xec,0xef,0xe8,
  0xf0,0xd,0xa,0xe2,0xee,0xe7,0xeb,0xfe,0xe1,0xeb,0xe5,0xed,0xed,0xe0,0xff,0xd,
  0xa,0xe3,0xe0,0xf0,0xe4,0xe5,0xf0,0xee,0xe1,0xd,0xa,0xe3,0xeb,0xe0,0xe2,0xed,
  0xee,0xea,0xee,0xec,0xe0,0xed,0xe4,0xf3,0xfe,0xf9,0xe8,0xe9,0xd,0xa,0xe3,0xed,
  0xee,0xe9,0xd,0xa,0xe3,0xee,0xf1,0xef,0xee,0xe4,0xf1,0xf2,0xe2,0xee,0xd,0xa,
  0xe4,0xe2,0xee,0xf0,0xff,0xed,0xe8,0xed,0xd,0xa,0xe6,0xe0,0xeb,0xee,0xe2,0xe0,
  0xed,0xfc,0xe5,0xd,0xa,0xe7,0xe0,0xe2,0xee,0xe4,0xe8,0xeb,0xe0,0xd,0xa,0xea,
  0xee,0xeb,0xee,0xea,0xee,0xeb,0xfc,0xed,0xff,0xd,0xa,0xeb,0xe8,0xeb,0xe8,0xff,
  0xd,0xa,0xeb,0xf3,0xed,0xfc,0xd,0xa,0xec,0xe0,0xf2,0xf0,0xe0,0xf6,0xd,0xa,
  0xed,0xe0,0xe4,0xe7,0xee,0xf0,0xd,0xa,0xed,0xf0,0xe0,0xe2,0xf1,0xf2,0xe2,0xe5,
  0xed,0xed,0xee,0xf1,0xf2,0xfc,0xd,0xa,0xef,0xe0,0xed,0xf6,0xe8,0xf0,0xfc,0xd,
  0xa,0xef,0xe5,0xf0,0xe5,0xe6,0xe8,0xf2,0xee,0xe5,0xd,0xa,0xef,0xee,0xeb,0xe8,
  0xf6,0xe0,0xe9,0xd,0xa,0xef,0xf0,0xee,0xec,0xfb,0xe2,0xe0,0xed,0xe8,0xe5,0xd,
  0xa,0xf0,0xe0,0xf1,0xf1,0xea,0xe0,0xe7,0xf7,0xe8,0xea,0xd,0xa,0xf0,0xfe,0xec,
  0xe8,0xed,0xd,0xa,0xf3,0xe3,0xee,0xf9,0xe5,0xed,0xe8,0xe5,0xd,0xa,0xf3,0xea,
  0xeb,0xe0,0xe4,0xd,0xa,0xf5,0xeb,0xe0,0xec,0xd,0xa,0xf9,0xe5,0xeb,0xea,0xd,
  0xa,0xfe,0xef,0xe8,0xf2,0xe5,0xf0,0xd,0xa,0xe1,0xe0,0xf0,0xd,0xa,0xe1,0xe5,
  0xe3,0xe5,0xec,0xee,0xf2,0xd,0xa,0xe1,0xeb,0xe8,0xe6,0xed,0xe8,0xe9,0xd,0xa,
  0xe2,0xe5,0xe4,0xe5,0xed,0xe8,0xe5,0xd,0xa,0xe2,0xe5,0xed,0xe8,0xea,0xd,0xa,
  0xe2,0xe8,0xf0,0xf3,0xf1,0xd,0xa,0xe4,0xe5,0xf1,0xe0,0xed,0xf2,0xed,0xe8,0xea,
  0xd,0xa,0xe7,0xe0,0xea,0xee,0xed,0xee,0xe4,0xe0,0xf2,0xe5,0xeb,0xfc,0xf1,0xf2,
  0xe2,0xee,0xd,0xa,0xe8,0xed,0xe5,0xf0,0xf6,0xe8,0xff,0xd,0xa,0xea,0xf0,0xee,
  0xec,0xea,0xe0,0xd,0xa,0xec,0xe0,0xf8,0xe8,0xed,0xe8,0xf1,0xf2,0xd,0xa,0xee,
  0xf2,0xe1,0xee,0xf0,0xd,0xa,0xef,0xeb,0xe5,0xed,0xf3,0xec,0xd,0xa,0xef,0xf3,
  0xf0,0xe3,0xe0,0xd,0xa,0xf1,0xe0,0xf2,0xe0,0xed,0xe0,0xd,0xa,0xe0,0xe3,0xf0,
  0xe5,0xf1,0xf1,0xe8,0xe2,0xed,0xee,0xf1,0xf2,0xfc,0xd,0xa,0xe0,0xec,0xe0,0xd,
  0xa,0xe1,0xe0,0xeb,0xe1,0xe5,0xf1,0xd,0xa,0xe1,0xe5,0xe7,0xfb,0xf1,0xf5,0xee,
  0xe4,0xed,0xee,0xf1,0xf2,0xfc,0xd,0xa,0xe1,0xe8,0xeb,0xeb,0xfc,0xd,0xa,0xe1,
  0xe8,0xf6,0xe5,0xef,0xf1,0xd,0xa,0xe1,0xf3,0xe1,0xe5,0xed,0xe5,0xf6,0xd,0xa,
  0xe2,0xe0,0xf2,0xec,0xe0,0xed,0xd,0xa,0xe2,0xe8,0xea,0xe8,0xed,0xe3,0xd,0xa,
  0xe2,0xe8,0xf0,0xf2,0xf3,0xee,0xe7,0xd,0xa,0xe2,0xee,0xe7,0xe2,0xfb,0xf8,0xe5,
  0xed,0xed,0xee,0xf1,0xf2,0xfc,0xd,0xa,0xe2,0xee,0xeb,0xe5,0xe9,0xe1,0xee,0xeb,
  0xd,0xa,0xe2,0xf0,0xe0,0xf2,0xe0,0xd,0xa,0xe2,0xfb,0xe2,0xe8,0xf5,0xd,0xa,
  0xe2,0xfb,0xf8,0xe8,0xed,0xe0,0xd,0xa,0xe3,0xee,0xeb,0xee,0xe4,0xed,0xfb,0xe9,
  0xd,0xa,0xe4,0xe0,0xf0,0xec,0xee,0xe5,0xe4,0xd,0xa,0xe4,0xe5,0xf4,0xee,0xf0,
  0xec,0xe0,0xf6,0xe8,0xff,0xd,0xa,0xe4,0xf3,0xf8,0xd,0xa,0xe5,0xf0,0xe5,0xf2,
  0xe8,0xea,0xd,0xa,0xe6,0xfe,0xf0,0xe8,0xd,0xa,0xe7,0xe0,0xe2,0xf1,0xe5,0xe3,
  0xe4,0xe0,0xf2,0xe0,0xe9,0xd,0xa,0xe7,0xe0,0xec,0xec,0xe8,0xed,0xe8,0xf1,0xf2,
  0xf0,0xe0,0xd,0xa,0xe7,0xe0,0xef,0xf0,0xe0,0xe2,0xea,0xe0,0xd,0xa,0xe7,0xe0,
  0xf1,0xe5,0xea,0xe0,0xd,0xa,0xe7,0xeb,0xee,0xe4,0xe5,0xff,0xed,0xe8,0xe5,0xd,
  0xa,0xe8,0xe4,0xe8,0xee,0xf2,0xea,0xe0,0xd,0xa,0xe8,0xec,0xef,0xee,0xf0,0xf2,
  0xd,0xa,0xe8,0xf7,0xea,0xe5,0xf0,0xe8,0xff,0xd,0xa,0xea,0xe0,0xef,0xf2,0xe5,
  0xf0,0xea,0xe0,0xd,0xa,0xea,0xe0,0xf1,0xf2,0xf0,0xfe,0xeb,0xfc,0xea,0xe0,0xd,
  0xa,0xea,0xe0,0xf7,0xe5,0xeb,0xe8,0xd,0xa,0xea,0xe8,0xf1,0xf2,0xe0,0xd,0xa,
  0xea,0xee,0xf1,0xf2,0xff,0xf8,0xea,0xe0,0xd,0xa,0xea,0xf0,0xe5,0xf7,0xe5,0xf2,
  0xd,0xa,0xea,0xf0,0xf3,0xf7,0xe0,0xd,0xa,0xeb,0xe5,0xe1,0xe5,0xe4,0xea,0xe0,
  0xd,0xa,0xeb,0xfb,0xea,0xee,0xd,0xa,0xec,0xe0,0xed,0xf2,0xe8,0xff,0xd,0xa,
  0xec,0xe5,0xe6,0xe0,0xd,0xa,0xec,0xe5,0xf0,0xf6,0xe0,0xed,0xe8,0xe5,0xd,0xa,
  0xed,0xe0,0xf1,0xf2,0xee,0xf0,0xee,0xe6,0xe5,0xed,0xed,0xee,0xf1,0xf2,0xfc,0xd,
  0xa,0xed,0xe5,0xe2,0xe8,0xed,0xee,0xe2,0xed,0xee,0xf1,0xf2,0xfc,0xd,0xa,0xed,
  0xe5,0xea,0xf0,0xee,0xe7,0xd,0xa,0xed,0xfb,0xf0,0xff,0xeb,0xee,0xd,0xa,0xee,
  0xe3,0xf0,0xfb,0xe7,0xee,0xea,0xd,0xa,0xee,0xec,0xee,0xed,0xee,0xe2,0xe5,0xf6,
  0xd,0xa,0xee,0xef,0xf0,0xee,0xe2,0xe5,0xf0,0xe6,0xe5,0xed,0xe8,0xe5,0xd,0xa,
  0xee,0xf2,0xf2,0xe5,0xef,0xe5,0xeb,0xfc,0xd,0xa,0xef,0xee,0xe2,0xe5,0xf8,0xe5,
  0xed,0xed,0xfb,0xe9,0xd,0xa,0xef,0xee,0xe3,0xf0,0xf3,0xe6,0xe5,0xed,0xe8,0xe5,
  0xd,0xa,0xef,0xee,0xeb,0xe5,0xe7,0xed,0xee,0xf1,0xf2,0xfc,0xd,0xa,0xef,0xee,
  0xeb,0xfb,0xed,0xfc,0xd,0xa,0xef,0xee,0xf8,0xeb,0xe8,0xed,0xe0,0xd,0xa,0xef,
  0xf0,0xe5,0xe4,0xef,0xeb,0xe5,0xf7,0xfc,0xe5,0xd,0xa,0xef,0xf0,0xe5,0xe7,0xe5,
  0xed,0xf2,0xe0,0xf6,0xe8,0xff,0xd,0xa,0xef,0xf0,0xe8,0xf7,0xf3,0xe4,0xe0,0xd,
  0xa,0xef,0xf0,0xee,0xe2,0xee,0xeb,0xee,0xf7,0xea,0xe0,0xd,0xa,0xef,0xf0,0xee,
  0xec,0xe5,0xe4,0xeb,0xe5,0xed,0xe8,0xe5,0xd,0xa,0xef,0xf0,0xee,0xf0,0xe5,0xf5,
  0xe0,0xd,0xa,0xef,0xf3,0xf1,0xea,0xd,0xa,0xf0,0xe0,0xed,0xea,0xe0,0xd,0xa,
  0xf0,0xf3,0xf5,0xeb,0xff,0xe4,0xfc,0xd,0xa,0xf1,0xe0,0xec,0xee,0xea,0xf0,0xf3,
  0xf2,0xea,0xe0,0xd,0xa,0xf1,0xe1,0xee,0xf0,0xea,0xe0,0xd,0xa,0xf1,0xe2,0xe5,
  0xf0,0xe4,0xeb,0xee,0xe2,0xf1,0xea,0xd,0xa,0xf1,0xeb,0xe5,0xe3,0xe0,0xd,0xa,
  0xf1,0xec,0xf0,0xe0,0xe4,0xd,0xa,0xf1,0xef,0xe5,0xf1,0xfc,0xd,0xa,0xf1,0xef,
  0xee,0xe4,0xe2,0xe8,0xe6,0xed,0xe8,0xea,0xd,0xa,0xf1,0xf2,0xe5,0xef,0xe0,0xed,
  0xee,0xe2,0xe0,0xd,0xa,0xf1,0xf2,0xee,0xea,0xe3,0xee,0xeb,0xfc,0xec,0xd,0xa,
  0xf1,0xf2,0xf3,0xe4,0xe5,0xed,0xfc,0xd,0xa,0xf1,0xf3,0xf8,0xea,0xe0,0xd,0xa,
  0xf1,0xfb,0xf2,0xe0,0xd,0xa,0xf2,0xe0,0xe7,0xe8,0xea,0xd,0xa,0xf2,0xee,0xf0,
  0xf8,0xe5,0xf0,0xd,0xa,0xf4,0xfe,0xe7,0xe5,0xeb,0xff,0xe6,0xd,0xa,0xf8,0xe0,
  0xe6,0xee,0xea,0xd,0xa,0xf8,0xea,0xe2,0xe0,0xeb,0xd,0xa,0xfd,0xe3,0xee,0xe8,
  0xe7,0xec,0xd,0xa,0xfd,0xf1,0xea,0xe0,0xe4,0xf0,0xe0,0xd,0xa,0xff,0xe8,0xf7,
  0xed,0xe8,0xea,0xd,0xa,0xe0,0xe3,0xf0,0xee,0xed,0xee,0xec,0xd,0xa,0xe1,0xf0,
  0xee,0xed,0xe7,0xe0,0xd,0xa,0xe1,0xf3,0xed,0xf7,0xf3,0xea,0xd,0xa,0xe2,0xe5,
  0xf0,0xf1,0xf2,0xe0,0xea,0xd,0xa,0xe2,0xe5,0xf1,0xed,0xf3,0xf8,0xea,0xe0,0xd,
  0xa,0xe2,0xfb,0xf5,0xee,0xe4,0xea,0xe0,0xd,0xa,0xe3,0xee,0xeb,0xd,0xa,0xe6,
  0xe8,0xeb,0xe5,0xf2,0xd,0xa,0xe6,0xf3,0xf0,0xea,0xee,0xe2,0xd,0xa,0xe7,0xe0,
  0xe3,0xf0,0xe0,0xed,0xe8,0xf6,0xe0,0xd,0xa,0xe8,0xed,0xf2,0xe5,0xf0,0xed,0xe0,
  0xf2,0xd,0xa,0xe8,0xf1,0xea,0xee,0xf0,0xea,0xe0,0xd,0xa,0xec,0xe5,0xf0,0xf2,
  0xe2,0xff,0xea,0xd,0xa,0xec,0xee,0xf0,0xea,0xee,0xe2,0xea,0xe0,0xd,0xa,0xed,
  0xe5,0xe4,0xe2,0xe8,0xe6,0xe8,0xec,0xee,0xf1,0xf2,0xfc,0xd,0xa,0xed,0xee,0xe2,
  0xee,0xf1,0xe8,0xe1,0xe8,0xf0,0xf1,0xea,0xd,0xa,0xee,0xe1,0xe2,0xe8,0xed,0xff,
  0xe5,0xec,0xfb,0xe9,0xd,0xa,0xef,0xe0,0xe5,0xea,0xd,0xa,0xef,0xe5,0xf0,0xf1,
  0xd,0xa,0xef,0xe8,0xed,0xe3,0xe2,0xe8,0xed,0xd,0xa,0xef,0xee,0xe4,0xf1,0xf2,
  0xf3,0xef,0xd,0xa,0xef,0xee,0xeb,0xee,0xe2,0xee,0xe9,0xd,0xa,0xef,0xf0,0xe8,
  0xf2,0xf7,0xe0,0xd,0xa,0xef,0xf0,0xee,0xf2,0xe8,0xe2,0xee,0xf1,0xf2,0xee,0xff,
  0xed,0xe8,0xe5,0xd,0xa,0xf0,0xe0,0xf1,0xef,0xe8,0xf1,0xea,0xe0,0xd,0xa,0xf0,
  0xe5,0xe0,0xe1,0xe8,0xeb,0xe8,0xf2,0xe0,0xf6,0xe8,0xff,0xd,0xa,0xf0,0xee,0xe3,
  0xee,0xe2,0xe8,0xf6,0xe0,0xd,0xa,0xf1,0xe0,0xec,0xea,0xe0,0xd,0xa,0xf1,0xf3,
  0xe1,0xec,0xe0,0xf0,0xe8,0xed,0xe0,0xd,0xa,0xf2,0xe5,0xeb,0xe5,0xe3,0xf0,0xe0,
  0xf4,0xd,0xa,0xf5,0xee,0xeb,0xee,0xf1,0xf2,0xff,0xea,0xd,0xa,0xe3,0xee,0xf0,
  0xe1,0xd,0xa,0xe3,0xf0,0xe8,0xef,0xef,0xd,0xa,0xea,0xe0,0xed,0xe0,0xf2,0xd,
  0xa,0xea,0xe5,0xed,0xf2,0xe0,0xe2,0xf0,0xd,0xa,0xea,0xee,0xed,0xd,0xa,0xea,
  0xf3,0xf0,0xf2,0xee,0xf7,0xea,0xe0,0xd,0xa,0xec,0xe5,0xed,0xff,0xeb,0xe0,0xd,
  0xa,0xee,0xf2,0xe4,0xe0,0xeb,0xe5,0xed,0xe8,0xe5,0xd,0xa,0xee,0xf7,0xe5,0xe2,
  0xe8,0xe4,0xe5,0xf6,0xd,0xa,0xef,0xe5,0xf0,0xe5,0xec,0xe5,0xf9,0xe5,0xed,0xe8,
  0xe5,0xd,0xa,0xef,0xee,0xf7,0xe5,0xf2,0xd,0xa,0xef,0xf0,0xe5,0xe4,0xf8,0xe5,
  0xf1,0xf2,0xe2,0xe5,0xed,0xed,0xe8,0xea,0xd,0xa,0xef,0xf0,0xe8,0xee,0xe1,0xf0,
  0xe5,0xf2,0xe5,0xed,0xe8,0xe5,0xd,0xa,0xef,0xf1,0xe5,0xe2,0xe4,0xee,0xed,0xe8,
  0xec,0xd,0xa,0xf4,0xe0,0xf0,0xf2,0xf3,0xea,0xd,0xa,0xf7,0xe5,0xea,0xf3,0xf8,
  0xea,0xe0,0xd,0xa,0xf7,0xe8,0xf1,0xf2,0xff,0xea,0xd,0xa,0xe1,0xe8,0xe1,0xeb,
  0xe8,0xff,0xd,0xa,0xe1,0xeb,0xe0,0xe3,0xee,0xef,0xee,0xeb,0xf3,0xf7,0xe8,0xe5,
  0xd,0xa,0xe1,0xee,0xeb,0xf2,0xee,0xe2,0xed,0xff,0xd,0xa,0xe4,0xe5,0xec,0xee,
  0xed,0xd,0xa,0xe6,0xe0,0xe4,0xed,0xee,0xf1,0xf2,0xfc,0xd,0xa,0xe7,0xe0,0xe4,
  0xe5,0xf0,0xe6,0xea,0xe0,0xd,0xa,0xe8,0xf1,0xf2,0xf0,0xe5,0xe1,0xe8,0xf2,0xe5,
  0xeb,0xfc,0xd,0xa,0xec,0xf0,0xe0,0xec,0xee,0xf0,0xd,0xa,0xef,0xeb,0xee,0xf1,
  0xea,0xee,0xf1,0xf2,0xfc,0xd,0xa,0xef,0xf3,0xf2,0xe5,0xe2,0xea,0xe0,0xd,0xa,
  0xf1,0xe0,0xef,0xee,0xe6,0xed,0xe8,0xea,0xd,0xa,0xe0,0xe3,0xed,0xe5,0xf6,0xd,
  0xa,0xe0,0xed,0xf2,0xe8,0xf2,0xe5,0xeb,0xee,0xd,0xa,0xe1,0xe0,0xed,0xe0,0xeb,
  0xfc,0xed,0xee,0xf1,0xf2,0xfc,0xd,0xa,0xe1,0xe0,0xed,0xe4,0xe5,0xf0,0xee,0xeb,
  0xfc,0xd,0xa,0xe1,0xf3,0xe9,0xf1,0xf2,0xe2,0xee,0xd,0xa,0xe1,0xf3,0xf0,0xf3,
  0xed,0xd,0xa,0xe1,0xf3,0xf2,0xee,0xed,0xd,0xa,0xe2,0xe5,0xeb,0xfc,0xec,0xee,
  0xe6,0xe0,0xd,0xa,0xe2,0xe5,0xf1,0xe5,0xeb,0xfc,0xf7,0xe0,0xea,0xd,0xa,0xe2,
  0xe8,0xe4,0xe5,0xee,0xea,0xe0,0xf1,0xf1,0xe5,0xf2,0xe0,0xd,0xa,0xe2,0xe8,0xed,
  0xf7,0xe5,0xf1,0xf2,0xe5,0xf0,0xd,0xa,0xe2,0xe8,0xf5,0xee,0xf0,0xd,0xa,0xe2,
  0xfb,0xea,0xe8,0xe4,0xfb,0xf8,0xd,0xa,0xe2,0xfb,0xec,0xef,0xe5,0xeb,0xd,0xa,
  0xe3,0xe0,0xe1,0xe0,0xf0,0xe8,0xf2,0xd,0xa,0xe3,0xe0,0xeb,0xe5,0xf0,0xe0,0xd,
  0xa,0xe3,0xee,0xed,0xea,0xee,0xed,0xe3,0xd,0xa,0xe3,0xf0,0xe5,0xe1,0xeb,0xff,
  0xd,0xa,0xe3,0xf0,0xe8,0xe1,0xee,0xe5,0xe4,0xd,0xa,0xe3,0xf0,0xf3,0xe4,0xe8,
  0xed,0xe0,0xd,0xa,0xe4,0xe0,0xeb,0xfc,0xed,0xee,0xf1,0xf2,0xfc,0xd,0xa,0xe4,
  0xe0,0xed,0xe8,0xff,0xd,0xa,0xe4,0xee,0xe1,0xf0,0xee,0xe4,0xf3,0xf8,0xe8,0xe5,
  0xd,0xa,0xe4,0xf0,0xe5,0xe7,0xe8,0xed,0xe0,0xd,0xa,0xe5,0xe6,0xe5,0xed,0xe5,
  0xe4,0xe5,0xeb,0xfc,0xed,0xe8,0xea,0xd,0xa,0xe7,0xe0,0xef,0xee,0xeb,0xed,0xe5,
  0xed,0xe8,0xe5,0xd,0xa,0xe7,0xe0,0xf0,0xed,0xe8,0xf6,0xe0,0xd,0xa,0xe7,0xe0,
  0xf6,0xe5,0xef,0xea,0xe0,0xd,0xa,0xe7,0xe0,0xf7,0xe8,0xed,0xf9,0xe8,0xea,0xd,
  0xa,0xe8,0xeb,0xeb,0xfe,0xe7,0xe8,0xee,0xed,0xd,0xa,0xe8,0xed,0xf2,0xe5,0xf0,
  0xef,0xee,0xeb,0xd,0xa,0xea,0xe8,0xeb,0xfc,0xea,0xe0,0xd,0xa,0xea,0xe8,0xf8,
  0xe8,0xed,0xe5,0xe2,0xd,0xa,0xea,0xee,0xe6,0xf3,0xf0,0xe0,0xd,0xa,0xea,0xee,
  0xea,0xee,0xed,0xd,0xa,0xea,0xee,0xea,0xee,0xf0,0xe8,0xed,0xd,0xa,0xea,0xee,
  0xec,0xf1,0xee,0xf0,0xe3,0xd,0xa,0xea,0xee,0xf0,0xe0,0xe1,0xeb,0xe8,0xea,0xd,
  0xa,0xea,0xee,0xf0,0xee,0xeb,0xe5,0xe2,0xe8,0xf7,0xd,0xa,0xea,0xf3,0xf0,0xe0,
  0xe6,0xd,0xa,0xeb,0xe0,0xe4,0xee,0xe3,0xe0,0xd,0xa,0xeb,0xe0,0xee,0xf1,0xd,
  0xa,0xeb,0xe5,0xe3,0xea,0xee,0xe2,0xf3,0xf8,0xea,0xe0,0xd,0xa,0xeb,0xee,0xec,
  0xe8,0xea,0xd,0xa,0xec,0xe0,0xeb,0xfc,0xe1,0xee,0xf0,0xee,0xd,0xa,0xec,0xe0,
  0xf2,0xe5,0xf0,0xf9,0xe8,0xed,0xe0,0xd,0xa,0xec,0xe5,0xe3,0xe0,0xf4,0xee,0xed,
  0xd,0xa,0xec,0xee,0xe4,0xed,0xe8,0xf6,0xe0,0xd,0xa,0xed,0xe5,0xe2,0xfb,0xef,
  0xee,0xeb,0xed,0xe5,0xed,0xe8,0xe5,0xd,0xa,0xed,0xe5,0xed,0xe0,0xe4,0xee,0xe1,
  0xed,0xee,0xf1,0xf2,0xfc,0xd,0xa,0xed,0xe5,0xf3,0xe7,0xed,0xe0,0xe2,0xe0,0xe5,
  0xec,0xee,0xf1,0xf2,0xfc,0xd,0xa,0xee,0xe1,0xee,0xed,0xff,0xed,0xe8,0xe5,0xd,
  0xa,0xee,0xe1,0xf0,0xe5,0xf2,0xe5,0xed,0xe8,0xe5,0xd,0xa,0xee,0xe1,0xf9,0xe5,
  0xef,0xe8,0xf2,0xd,0xa,0xee,0xe4,0xed,0xee,0xef,0xee,0xeb,0xf7,0xe0,0xed,0xe8,
  0xed,0xd,0xa,0xee,0xe4,0xed,0xee,0xf1,0xe5,0xeb,0xfc,0xf7,0xe0,0xed,0xe8,0xed,
  0xd,0xa,0xee,0xf1,0xea,0xe0,0xeb,0xd,0xa,0xee,0xf1,0xec,0xe0,0xed,0xd,0xa,
  0xee,0xf1,0xec,0xfb,0xf1,0xeb,0xe5,0xed,0xe8,0xe5,0xd,0xa,0xee,0xf2,0xe4,0xe5,
  0xeb,0xea,0xe0,0xd,0xa,0xee,0xf2,0xea,0xf0,0xfb,0xf2,0xee,0xf1,0xf2,0xfc,0xd,
  0xa,0xee,0xf2,0xeb,0xee,0xe6,0xe5,0xed,0xe8,0xe5,0xd,0xa,0xee,0xf2,0xf1,0xf2,
  0xe0,0xe2,0xe0,0xed,0xe8,0xe5,0xd,0xa,0xef,0xe0,0xea,0xeb,0xff,0xd,0xa,0xef,
  0xe5,0xed,0xe7,0xe0,0xd,0xa,0xef,0xe5,0xf0,0xe5,0xe1,0xe5,0xe6,0xf7,0xe8,0xea,
  0xd,0xa,0xef,0xe5,0xf0,0xe5,0xef,0xee,0xe4,0xe3,0xee,0xf2,0xee,0xe2,0xea,0xe0,
  0xd,0xa,0xef,0xeb,0xe0,0xf1,0xf2,0xe8,0xea,0xe0,0xd,0xa,0xef,0xee,0xe3,0xee,
  0xe4,0xee,0xea,0xd,0xa,0xef,0xee,0xe3,0xf0,0xe5,0xe1,0xe5,0xed,0xe8,0xe5,0xd,
  0xa,0xef,0xee,0xe4,0xf0,0xff,0xe4,0xf7,0xe8,0xea,0xd,0xa,0xef,0xee,0xeb,0xe8,
  0xf7,0xed,0xee,0xe5,0xd,0xa,0xef,0xee,0xeb,0xf3,0xf1,0xee,0xed,0xd,0xa,0xef,
  0xf0,0xe8,0xf1,0xee,0xe5,0xe4,0xe8,0xed,0xe5,0xed,0xe8,0xe5,0xd,0xa,0xef,0xf0,
  0xee,0xe2,0xee,0xe4,0xee,0xea,0xd,0xa,0xef,0xf1,0xe8,0xed,0xe0,0xd,0xa,0xef,
  0xf1,0xe8,0xf5,0xee,0xf2,0xe5,0xf0,0xe0,0xef,0xe8,0xff,0xd,0xa,0xf0,0xe0,0xe7,
  0xe3,0xee,0xe2,0xee,0xf0,0xf7,0xe8,0xea,0xd,0xa,0xf0,0xe0,0xe7,0xed,0xee,0xf1,
  0xd,0xa,0xf0,0xe0,0xe7,0xed,0xee,0xf1,0xf2,0xfc,0xd,0xa,0xf0,0xe5,0xea,0xee,
  0xe3,0xed,0xee,0xf1,0xf6,0xe8,0xf0,0xee,0xe2,0xea,0xe0,0xd,0xa,0xf0,0xf3,0xea,
  0xee,0xec,0xee,0xe9,0xed,0xe8,0xea,0xd,0xa,0xf1,0xed,0xee,0xf1,0xd,0xa,0xf1,
  0xee,0xe1,0xe5,0xf1,0xe5,0xe4,0xed,0xe8,0xf6,0xe0,0xd,0xa,0xf1,0xee,0xeb,0xe8,
  0xe4,0xed,0xee,0xf1,0xf2,0xfc,0xd,0xa,0xf1,0xf2,0xee,0xe9,0xeb,0xee,0xd,0xa,
  0xf1,0xf2,0xf0,0xee,0xf7,0xea,0xe0,0xd,0xa,0xf1,0xf7,0xe5,0xf2,0xee,0xe2,0xee,
  0xe4,0xd,0xa,0xf2,0xe8,0xf0,0xe0,0xe4,0xe0,0xd,0xa,0xf2,0xee,0xf0,0xef,0xe5,
  0xe4,0xe0,0xd,0xa,0xf2,0xf0,0xe0,0xf3,0xf0,0xd,0xa,0xf2,0xf0,0xff,0xef,0xe8,
  0xf6,0xe0,0xd,0xa,0xf3,0xe2,0xe0,0xf0,0xd,0xa,0xf3,0xe3,0xee,0xe4,0xed,0xe8,
  0xea,0xd,0xa,0xf3,0xe7,0xe4,0xe0,0xd,0xa,0xf3,0xe7,0xed,0xe0,0xe2,0xe0,0xed,
  0xe8,0xe5,0xd,0xa,0xf3,0xf1,0xf2,0xf0,0xee,0xe8,0xf2,0xe5,0xeb,0xfc,0xd,0xa,
  0xf3,0xf2,0xe5,0xf5,0xe0,0xd,0xa,0xf4,0xe0,0xe2,0xee,0xf0,0xe8,0xf2,0xd,0xa,
  0xf4,0xe0,0xf1,0xd,0xa,0xf4,0xe8,0xeb,0xf4,0xe0,0xea,0xd,0xa,0xf4,0xee,0xeb,
  0xe8,0xe0,0xed,0xf2,0xd,0xa,0xf4,0xf0,0xe5,0xe3,0xe0,0xf2,0xd,0xa,0xf4,0xf3,
  0xf0,0xe0,0xd,0xa,0xf4,0xf3,0xf0,0xf3,0xed,0xea,0xf3,0xeb,0xd,0xa,0xf5,0xeb,
  0xe5,0xe1,0xee,0xe2,0xee,0xd,0xa,0xf6,0xe5,0xeb,0xeb,0xee,0xf4,0xe0,0xed,0xd,
  0xa,0xf7,0xe5,0xf0,0xed,0xe8,0xea,0xe0,0xd,0xa,0xf7,0xe5,0xf0,0xef,0xe0,0xea,
  0xd,0xa,0xf7,0xe5,0xf2,0xe2,0xe5,0xf0,0xf2,0xe8,0xed,0xea,0xe0,0xd,0xa,0xf7,
  0xf3,0xe6,0xe5,0xf1,0xf2,0xf0,0xe0,0xed,0xe5,0xf6,0xd,0xa,0xf8,0xe0,0xeb,0xe0,
  0xec,0xee,0xe2,0xd,0xa,0xf8,0xe0,0xf1,0xf1,0xe8,0xd,0xa,0xfd,0xea,0xe2,0xe0,
  0xf2,0xee,0xf0,0xd,0xa,0xfd,0xea,0xf1,0xf2,0xf0,0xe0,0xf1,0xe5,0xed,0xf1,0xd,
  0xa,0xfd,0xeb,0xe8,0xea,0xf1,0xe8,0xf0,0xd,0xa,0xe3,0xe0,0xe4,0xe8,0xed,0xe0,
  0xd,0xa,0xe4,0xe8,0xed,0xe0,0xec,0xee,0xd,0xa,0xe4,0xe8,0xf0,0xe8,0xe6,0xe5,
  0xf0,0xd,0xa,0xe4,0xee,0xef,0xee,0xeb,0xed,0xe5,0xed,0xe8,0xe5,0xd,0xa,0xe5,
  0xea,0xe0,0xf2,0xe5,0xf0,0xe8,0xed,0xe1,0xf3,0xf0,0xe3,0xd,0xa,0xe7,0xe0,0xf5,
  0xee,0xf0,0xee,0xed,0xe5,0xed,0xe8,0xe5,0xd,0xa,0xe7,0xe5,0xec,0xeb,0xff,0xed,
  0xe8,0xea,0xe0,0xd,0xa,0xe7,0xf3,0xe1,0xf0,0xd,0xa,0xea,0xe0,0xe1,0xe0,0xf7,
  0xee,0xea,0xd,0xa,0xea,0xe8,0xef,0xf0,0xd,0xa,0xea,0xee,0xed,0xf6,0xe5,0xf0,
  0xed,0xd,0xa,0xea,0xf3,0xf0,0xe0,0xf2,0xee,0xf0,0xd,0xa,0xeb,0xe5,0xf1,0xf2,
  0xfc,0xd,0xa,0xed,0xe0,0xe2,0xee,0xeb,0xee,0xf7,0xea,0xe0,0xd,0xa,0xed,0xe5,
  0xe8,0xe7,0xe1,0xe5,0xe6,0xed,0xee,0xf1,0xf2,0xfc,0xd,0xa,0xee,0xf2,0xef,0xf0,
  0xe0,0xe2,0xeb,0xe5,0xed,0xe8,0xe5,0xd,0xa,0xef,0xe0,0xee,0xeb,0xee,0xd,0xa,
  0xef,0xeb,0xe5,0xf7,0xe8,0xea,0xee,0xd,0xa,0xef,0xf0,0xe8,0xe3,0xee,0xf0,0xf8,
  0xed,0xff,0xd,0xa,0xef,0xf0,0xee,0xe2,0xee,0xea,0xe0,0xf2,0xee,0xf0,0xd,0xa,
  0xf1,0xe5,0xea,0xf0,0xe5,0xf2,0xe0,0xf0,0xe8,0xe0,0xf2,0xd,0xa,0xf1,0xe5,0xf0,
  0xe2,0xe8,0xf1,0xd,0xa,0xf1,0xe8,0xec,0xef,0xee,0xe7,0xe8,0xf3,0xec,0xd,0xa,
  0xf1,0xec,0xe5,0xf0,0xf7,0xd,0xa,0xf1,0xec,0xfb,0xf7,0xee,0xea,0xd,0xa,0xf1,
  0xf2,0xe0,0xf0,0xe8,0xea,0xe0,0xf8,0xea,0xe0,0xd,0xa,0xf1,0xf2,0xe0,0xf0,0xef,
  0xee,0xec,0xd,0xa,0xf1,0xf3,0xec,0xe0,0xf2,0xee,0xf5,0xe0,0xd,0xa,0xf2,0xe5,
  0xeb,0xee,0xea,0xd,0xa,0xf2,0xe5,0xed,0xe4,0xe5,0xf0,0xd,0xa,0xf2,0xf0,0xff,
  0xf1,0xe8,0xed,0xe0,0xd,0xa,0xf3,0xf1,0xef,0xee,0xea,0xee,0xe5,0xed,0xe8,0xe5,
  0xd,0xa,0xf4,0xf0,0xe3,0xd,0xa,0xf7,0xe0,0xf0,0xe0,0xd,0xa,0xf8,0xe8,0xf4,
  0xf0,0xd,0xa,0xe2,0xe8,0xea,0xf2,0xee,0xf0,0xe8,0xff,0xd,0xa,0xe2,0xee,0xeb,
  0xf8,0xe5,0xe1,0xf1,0xf2,0xe2,0xee,0xd,0xa,0xe2,0xf1,0xf2,0xf3,0xef,0xeb,0xe5,
  0xed,0xe8,0xe5,0xd,0xa,0xe3,0xe5,0xf1,0xf2,0xe0,0xef,0xee,0xd,0xa,0xe4,0xe0,
  0xe2,0xe8,0xeb,0xee,0xd,0xa,0xe5,0xe2,0xe0,0xed,0xe3,0xe5,0xeb,0xe8,0xe5,0xd,
  0xa,0xea,0xef,0xd,0xa,0xec,0xe5,0xf0,0xe7,0xee,0xf1,0xf2,0xfc,0xd,0xa,0xec,
  0xee,0xf0,0xe3,0xd,0xa,0xee,0xe3,0xee,0xf0,0xf7,0xe5,0xed,0xe8,0xe5,0xd,0xa,
  0xee,0xf0,0xe8,0xe5,0xed,0xf2,0xe8,0xf0,0xd,0xa,0xef,0xe5,0xf0,0xe5,0xf7,0xe5,
  0xed,0xfc,0xd,0xa,0xef,0xe8,0xe0,0xed,0xe8,0xed,0xee,0xd,0xa,0xef,0xeb,0xe0,
  0xf6,0xd,0xa,0xef,0xee,0xe4,0xef,0xee,0xeb,0xfc,0xe5,0xd,0xa,0xef,0xee,0xeb,
  0xed,0xee,0xec,0xee,0xf7,0xe8,0xe5,0xd,0xa,0xef,0xee,0xeb,0xee,0xe2,0xe8,0xed,
  0xea,0xe0,0xd,0xa,0xef,0xf0,0xe5,0xf1,0xeb,0xe5,0xe4,0xee,0xe2,0xe0,0xed,0xe8,
  0xe5,0xd,0xa,0xf0,0xe0,0xe7,0xe1,0xee,0xf0,0xd,0xa,0xf1,0xe2,0xe8,0xe4,0xe0,
  0xed,0xfc,0xe5,0xd,0xa,0xf1,0xe5,0xf1,0xf1,0xe8,0xff,0xd,0xa,0xf1,0xf2,0xe2,
  0xee,0xf0,0xea,0xe0,0xd,0xa,0xf4,0xe0,0xf0,0xec,0xe0,0xe7,0xee,0xed,0xd,0xa,
  0xf7,0xe0,0xea,0xf0,0xe0,0xd,0xa,0xf8,0xe2,0xe5,0xf6,0xe8,0xff,0xd,0xa,0xf8,
  0xeb,0xe0,0xed,0xe3,0xd,0xa,0xe2,0xe0,0xf5,0xf2,0xe0,0xd,0xa,0xe6,0xe8,0xf2,
  0xe5,0xeb,0xfc,0xf1,0xf2,0xe2,0xee,0xd,0xa,0xf0,0xee,0xe1,0xee,0xf2,0xd,0xa,
  0xf1,0xf2,0xe0,0xf0,0xe5,0xf6,0xd,0xa,0xe0,0xe1,0xe0,0xf2,0xf3,0xf0,0xee,0xe2,
  0xd,0xa,0xe0,0xe2,0xf2,0xee,0xeb,0xfe,0xe1,0xe8,0xf2,0xe5,0xeb,0xfc,0xd,0xa,
  0xe0,0xe4,0xe5,0xef,0xf2,0xd,0xa,0xe0,0xea,0xec,0xee,0xeb,0xe0,0xd,0xa,0xe0,
  0xeb,0xfc,0xf4,0xee,0xed,0xf1,0xd,0xa,0xe0,0xed,0xe5,0xf1,0xf2,0xe5,0xe7,0xe8,
  0xff,0xd,0xa,0xe0,0xed,0xf2,0xe0,0xe3,0xee,0xed,0xe8,0xe7,0xec,0xd,0xa,0xe0,
  0xef,0xeb,0xee,0xec,0xe1,0xd,0xa,0xe0,0xf0,0xf5,0xe0,0xf0,0xee,0xe2,0xe5,0xf6,
  0xd,0xa,0xe0,0xf1,0xf2,0xee,0xf0,0xe8,0xff,0xd,0xa,0xe0,0xf2,0xeb,0xe0,0xed,
  0xf2,0xd,0xa,0xe1,0xe0,0xe2,0xe0,0xf0,0xe8,0xff,0xd,0xa,0xe1,0xe0,0xea,0xe0,
  0xeb,0xd,0xa,0xe1,0xe0,0xeb,0xee,0xe2,0xe5,0xed,0xfc,0xd,0xa,0xe1,0xe5,0xeb,
  0xfc,0xd,0xa,0xe1,0xe5,0xf0,0xe5,0xe7,0xed,0xff,0xea,0xd,0xa,0xe1,0xe5,0xf1,
  0xef,0xee,0xf9,0xe0,0xe4,0xed,0xee,0xf1,0xf2,0xfc,0xd,0xa,0xe1,0xe8,0xe1,0xeb,
  0xe8,0xee,0xe3,0xf0,0xe0,0xf4,0xe8,0xff,0xd,0xa,0xe1,0xe8,0xf2,0xfc,0xe5,0xd,
  0xa,0xe1,0xeb,0xe8,0xe7,0xee,0xf0,0xf3,0xea,0xee,0xf1,0xf2,0xfc,0xd,0xa,0xe1,
  0xeb,0xf3,0xe6,0xe4,0xe0,0xed,0xe8,0xe5,0xd,0xa,0xe1,0xee,0xeb,0xe3,0xe0,0xf0,
  0xe8,0xed,0xd,0xa,0xe1,0xee,0xeb,0xf2,0xeb,0xe8,0xe2,0xee,0xf1,0xf2,0xfc,0xd,
  0xa,0xe1,0xee,0xeb,0xfc,0xed,0xe8,0xf7,0xea,0xe0,0xd,0xa,0xe1,0xee,0xf0,0xe8,
  0xf1,0xea,0xe8,0xed,0xd,0xa,0xe1,0xee,0xf0,0xf2,0xe8,0xea,0xd,0xa,0xe1,0xf0,
  0xe8,0xea,0xe5,0xf2,0xd,0xa,0xe1,0xfe,0xe2,0xe0,0xf0,0xd,0xa,0xe2,0xe0,0xeb,
  0xf3,0xe9,0xd,0xa,0xe2,0xe0,0xf0,0xe5,0xed,0xe8,0xea,0xd,0xa,0xe2,0xe0,0xf0,
  0xea,0xe0,0xd,0xa,0xe2,0xe5,0xe4,0xfc,0xec,0xe8,0xed,0xd,0xa,0xe2,0xe5,0xed,
  0xe7,0xe5,0xeb,0xfc,0xd,0xa,0xe2,0xe5,0xf0,0xe1,0xee,0xe2,0xf9,0xe8,0xea,0xd,
  0xa,0xe2,0xe5,0xf0,0xec,0xf3,0xf2,0xd,0xa,0xe2,0xe5,0xf2,0xee,0xd,0xa,0xe2,
  0xeb,0xe0,0xe4,0xfb,0xf7,0xe5,0xf1,0xf2,0xe2,0xee,0xd,0xa,0xe2,0xeb,0xe0,0xe4,
  0xfb,0xf7,0xe8,0xf6,0xe0,0xd,0xa,0xe2,0xf1,0xea,0xe0,0xf0,0xec,0xeb,0xe8,0xe2,
  0xe0,0xed,0xe8,0xe5,0xd,0xa,0xe2,0xfb,0xf1,0xeb,0xf3,0xe3,0xe0,0xd,0xa,0xe2,
  0xff,0xe7,0xea,0xe0,0xd,0xa,0xe2,0xff,0xe7,0xfc,0xd,0xa,0xe3,0xe0,0xec,0xe0,
  0xe4,0xf0,0xe8,0xeb,0xd,0xa,0xe3,0xe8,0xe4,0xf0,0xe0,0xd,0xa,0xe3,0xee,0xed,
  0xd,0xa,0xe3,0xee,0xed,0xf9,0xe8,0xea,0xd,0xa,0xe3,0xee,0xf0,0xe8,0xe7,0xee,
  0xed,0xf2,0xe0,0xeb,0xfc,0xd,0xa,0xe3,0xee,0xf0,0xeb,0xee,0xe2,0xe8,0xed,0xe0,
  0xd,0xa,0xe3,0xf0,0xf3,0xe7,0xee,0xe2,0xe8,0xf7,0xee,0xea,0xd,0xa,0xe3,0xf2,
  0xea,0xd,0xa,0xe3,0xf3,0xf1,0xf2,0xee,0xf2,0xe0,0xd,0xa,0xe4,0xe2,0xe8,0xe6,
  0xe5,0xed,0xfc,0xe5,0xd,0xa,0xe4,0xe2,0xf3,0xf1,0xec,0xfb,0xf1,0xeb,0xe5,0xed,
  0xed,0xee,0xf1,0xf2,0xfc,0xd,0xa,0xe4,0xe5,0xe4,0xea,0xe0,0xd,0xa,0xe4,0xe5,
  0xed,0xe8,0xf1,0xee,0xe2,0xe0,0xd,0xa,0xe4,0xe6,0xe5,0xe9,0xd,0xa,0xe4,0xe8,
  0xf1,0xea,0xee,0xec,0xf4,0xee,0xf0,0xf2,0xd,0xa,0xe4,0xfb,0xf5,0xe0,0xed,0xfc,
  0xe5,0xd,0xa,0xe6,0xe8,0xf2,0xe5,0xeb,0xfc,0xed,0xe8,0xf6,0xe0,0xd,0xa,0xe7,
  0xe0,0xe2,0xe5,0xe4,0xe5,0xe5,0xe2,0xd,0xa,0xe7,0xe0,0xef,0xee,0xeb,0xff,0xf0,
  0xfc,0xe5,0xd,0xa,0xe7,0xe0,0xf1,0xf2,0xf3,0xef,0xd,0xa,0xe7,0xe5,0xff,0xd,
  0xa,0xe7,0xe8,0xd,0xa,0xe7,0xf3,0xe5,0xe2,0xd,0xa,0xe8,0xed,0xe0,0xea,0xee,
  0xec,0xfb,0xf1,0xeb,0xe8,0xe5,0xd,0xa,0xe8,0xed,0xe2,0xe5,0xf0,0xf2,0xee,0xf0,
  0xd,0xa,0xe8,0xf1,0xea,0xe0,0xed,0xe8,0xe5,0xd,0xa,0xea,0xe0,0xf0,0xe0,0xe1,
  0xe0,0xf5,0xd,0xa,0xea,0xe0,0xf0,0xe0,0xea,0xe0,0xf2,0xe8,0xf6,0xe0,0xd,0xa,
  0xea,0xe0,0xf0,0xf2,0xee,0xf8,0xe5,0xf7,0xea,0xe0,0xd,0xa,0xea,0xe0,0xf2,0xe0,
  0xeb,0xe8,0xe7,0xe0,0xf2,0xee,0xf0,0xd,0xa,0xea,0xe0,0xf2,0xe0,0xef,0xf3,0xeb,
  0xfc,0xf2,0xe0,0xd,0xa,0xea,0xe5,0xec,0xe1,0xf0,0xe8,0xe4,0xe6,0xd,0xa,0xea,
  0xee,0xe3,0xee,0xf2,0xee,0xea,0xd,0xa,0xea,0xee,0xe6,0xe8,0xf6,0xe0,0xd,0xa,
  0xea,0xee,0xeb,0xe5,0xf1,0xed,0xe8,0xea,0xd,0xa,0xea,0xee,0xec,0xef,0xeb,0xe5,
  0xea,0xf6,0xe8,0xff,0xd,0xa,0xea,0xee,0xed,0xf6,0xe5,0xed,0xf2,0xf0,0xe0,0xf2,
  0xd,0xa,0xea,0xee,0xf1,0xee,0xe9,0xd,0xa,0xea,0xf0,0xe0,0xeb,0xff,0xd,0xa,
  0xea,0xf0,0xe0,0xef,0xe8,0xe2,0xed,0xe8,0xf6,0xe0,0xd,0xa,0xea,0xf0,0xf3,0xe6,
  0xe5,0xed,0xe8,0xe5,0xd,0xa,0xea,0xf3,0xe7,0xec,0xe8,0xf7,0xd,0xa,0xea,0xf3,
  0xf2,0xe5,0xf0,0xfc,0xec,0xe0,0xd,0xa,0xea,0xfe,0xe2,0xe5,0xf2,0xd,0xa,0xeb,
  0xe0,0xe2,0xf7,0xee,0xed,0xea,0xe0,0xd,0xa,0xeb,0xe5,0xe2,0xf8,0xe0,0xd,0xa,
  0xeb,0xe5,0xe3,0xe0,0xeb,0xe8,0xe7,0xe0,0xf6,0xe8,0xff,0xd,0xa,0xeb,0xe8,0xe1,
  0xe5,0xf0,0xe0,0xeb,0xe8,0xe7,0xe0,0xf6,0xe8,0xff,0xd,0xa,0xeb,0xe8,0xec,0xf4,
  0xe0,0xe4,0xe5,0xed,0xe8,0xf2,0xd,0xa,0xeb,0xe8,0xed,0xea,0xee,0xf0,0xd,0xa,
  0xeb,0xe8,0xf2,0xfc,0xe5,0xd,0xa,0xeb,0xee,0xe7,0xe0,0xed,0xed,0xe0,0xd,0xa,
  0xeb,0xee,0xef,0xe0,0xf2,0xee,0xf7,0xea,0xe0,0xd,0xa,0xeb,0xee,0xf1,0xea,0xf3,
  0xf2,0xee,0xea,0xd,0xa,0xeb,0xf3,0xea,0xe0,0xd,0xa,0xec,0xe0,0xeb,0xe0,0xe9,
  0xe7,0xe8,0xff,0xd,0xa,0xec,0xe0,0xf0,0xe3,0xe0,0xf0,0xe8,0xed,0xd,0xa,0xec,
  0xe0,0xf2,0xf0,0xee,0xf1,0xe8,0xea,0xd,0xa,0xec,0xe5,0xeb,0xee,0xec,0xe0,0xed,
  0xd,0xa,0xec,0xe8,0xe3,0xf0,0xe0,0xf6,0xe8,0xff,0xd,0xa,0xec,0xe8,0xf0,0xe7,
  0xe0,0xd,0xa,0xec,0xee,0xe4,0xf3,0xeb,0xfc,0xd,0xa,0xec,0xee,0xe6,0xe6,0xe5,
  0xe2,0xe5,0xeb,0xfc,0xed,0xe8,0xea,0xd,0xa,0xec,0xee,0xeb,0xe8,0xf2,0xe2,0xe5,
  0xed,0xed,0xe8,0xea,0xd,0xa,0xec,0xee,0xed,0xee,0xe3,0xf0,0xe0,0xec,0xec,0xe0,
  0xd,0xa,0xec,0xee,0xed,0xf2,0xe8,0xf0,0xee,0xe2,0xea,0xe0,0xd,0xa,0xec,0xee,
  0xf8,0xee,0xed,0xea,0xe0,0xd,0xa,0xec,0xf3,0xe6,0xe5,0xed,0xe5,0xea,0xd,0xa,
  0xec,0xfb,0xec,0xf0,0xe0,0xd,0xa,0xed,0xe0,0xe1,0xee,0xf0,0xf9,0xe8,0xea,0xd,
  0xa,0xed,0xe0,0xe2,0xe5,0xeb,0xfc,0xd,0xa,0xed,0xe0,0xe3,0xe5,0xeb,0xfc,0xd,
  0xa,0xed,0xe0,0xe6,0xe8,0xf2,0xee,0xe5,0xd,0xa,0xed,0xe0,0xf1,0xfb,0xf9,0xe5,
  0xed,0xe8,0xe5,0xd,0xa,0xed,0xe5,0xe1,0xee,0xe6,0xe8,0xf2,0xe5,0xeb,0xfc,0xd,
  0xa,0xed,0xe5,0xe2,0xf0,0xe8,0xf2,0xd,0xa,0xed,0xe5,0xec,0xee,0xe9,0xd,0xa,
  0xed,0xe5,0xf0,0xe2,0xe8,0xf8,0xea,0xe8,0xd,0xa,0xee,0xe1,0xe6,0xee,0xf0,0xe0,
  0xd,0xa,0xee,0xe1,0xe8,0xf2,0xe0,0xeb,0xe8,0xf9,0xe5,0xd,0xa,0xee,0xe1,0xed,
  0xee,0xe2,0xea,0xe0,0xd,0xa,0xee,0xe7,0xeb,0xee,0xe1,0xeb,0xe5,0xed,0xe8,0xe5,
  0xd,0xa,0xee,0xeb,0xe5,0xe3,0xee,0xe2,0xe8,0xf7,0xd,0xa,0xee,0xeb,0xe8,0xf6,
  0xe5,0xf2,0xe2,0xee,0xf0,0xe5,0xed,0xe8,0xe5,0xd,0xa,0xee,0xef,0xe5,0xf0,0xe5,
  0xed,0xe8,0xe5,0xd,0xa,0xee,0xef,0xeb,0xee,0xf2,0xd,0xa,0xee,0xf1,0xe8,0xed,
  0xed,0xe8,0xea,0xd,0xa,0xee,0xf2,0xf0,0xe5,0xf7,0xe5,0xed,0xe8,0xe5,0xd,0xa,
  0xee,0xf2,0xf0,0xee,0xe4,0xfc,0xe5,0xd,0xa,0xef,0xe0,0xf0,0xe0,0xe7,0xe8,0xf2,
  0xe8,0xe7,0xec,0xd,0xa,0xef,0xe0,0xf1,0xfc,0xff,0xed,0xf1,0xd,0xa,0xef,0xe5,
  0xf0,0xe5,0xe2,0xff,0xe7,0xfc,0xd,0xa,0xef,0xe5,0xf0,0xe5,0xe8,0xec,0xe5,0xed,
  0xee,0xe2,0xe0,0xed,0xe8,0xe5,0xd,0xa,0xef,0xe5,0xf0,0xe5,0xec,0xe8,0xf0,0xe8,
  0xe5,0xd,0xa,0xef,0xe5,0xf0,0xe5,0xf1,0xf2,0xe0,0xed,0xee,0xe2,0xea,0xe0,0xd,
  0xa,0xef,0xe5,0xf0,0xe5,0xf1,0xf3,0xe4,0xd,0xa,0xef,0xe8,0xe3,0xec,0xe5,0xe9,
  0xd,0xa,0xef,0xe8,0xf1,0xf2,0xee,0xeb,0xe5,0xf2,0xe8,0xea,0xd,0xa,0xef,0xeb,
  0xe0,0xed,0xe5,0xf0,0xea,0xe0,0xd,0xa,0xef,0xeb,0xe0,0xf2,0xe0,0xed,0xd,0xa,
  0xef,0xeb,0xe5,0xe1,0xe5,0xe9,0xd,0xa,0xef,0xee,0xe3,0xe0,0xed,0xe5,0xf6,0xd,
  0xa,0xef,0xee,0xe4,0xe3,0xee,0xed,0xff,0xeb,0xe0,0xd,0xa,0xef,0xee,0xe4,0xf1,
  0xf3,0xec,0xee,0xea,0xd,0xa,0xef,0xee,0xeb,0xf3,0xe3,0xee,0xe4,0xe8,0xe5,0xd,
  0xa,0xef,0xee,0xef,0xee,0xeb,0xe7,0xed,0xee,0xe2,0xe5,0xed,0xe8,0xe5,0xd,0xa,
  0xef,0xee,0xf1,0xec,0xe5,0xf8,0xe8,0xf9,0xe5,0xd,0xa,0xef,0xee,0xf7,0xf2,0xe0,
  0xec,0xf2,0xd,0xa,0xef,0xf0,0xe0,0xe2,0xea,0xe0,0xd,0xa,0xef,0xf0,0xe0,0xe2,
  0xee,0xef,0xee,0xf0,0xff,0xe4,0xee,0xea,0xd,0xa,0xef,0xf0,0xe5,0xe4,0xfa,0xff,
  0xe2,0xeb,0xe5,0xed,0xe8,0xe5,0xd,0xa,0xef,0xf0,0xe8,0xe1,0xe0,0xf3,0xf2,0xea,
  0xe0,0xd,0xa,0xef,0xf0,0xe8,0xe2,0xe5,0xf2,0xeb,0xe8,0xe2,0xee,0xf1,0xf2,0xfc,
  0xd,0xa,0xef,0xf0,0xe8,0xe4,0xe0,0xed,0xe8,0xe5,0xd,0xa,0xef,0xf0,0xe8,0xe4,
  0xfb,0xf5,0xe0,0xed,0xe8,0xe5,0xd,0xa,0xef,0xf0,0xe8,0xee,0xe1,0xf9,0xe5,0xed,
  0xe8,0xe5,0xd,0xa,0xef,0xf0,0xee,0xee,0xe1,0xf0,0xe0,0xe7,0xd,0xa,0xef,0xf0,
  0xee,0xf2,0xee,0xe8,0xe5,0xf0,0xe5,0xe9,0xd,0xa,0xef,0xf1,0xe8,0xf5,0xee,0xe0,
  0xed,0xe0,0xeb,0xe8,0xe7,0xd,0xa,0xef,0xf3,0xef,0xfb,0xf0,0xfb,0xf8,0xe5,0xea,
  0xd,0xa,0xef,0xfb,0xf8,0xed,0xee,0xf1,0xf2,0xfc,0xd,0xa,0xef,0xfc,0xff,0xed,
  0xf7,0xf3,0xe3,0xe0,0xd,0xa,0xf0,0xe0,0xe2,0xed,0xee,0xef,0xf0,0xe0,0xe2,0xe8,
  0xe5,0xd,0xa,0xf0,0xe0,0xe4,0xe8,0xee,0xef,0xe5,0xf0,0xe5,0xe4,0xe0,0xf7,0xe0,
  0xd,0xa,0xf0,0xe0,0xe4,0xe8,0xee,0xf0,0xf3,0xe1,0xea,0xe0,0xd,0xa,0xf0,0xe0,
  0xed,0xfc,0xd,0xa,0xf0,0xe0,0xf1,0xef,0xe5,0xf7,0xe0,0xf2,0xea,0xe0,0xd,0xa,
  0xf0,0xe5,0xe3,0xf3,0xeb,0xe8,0xf0,0xee,0xe2,0xea,0xe0,0xd,0xa,0xf0,0xe5,0xe3,
  0xf3,0xeb,0xe8,0xf0,0xee,0xe2,0xf9,0xe8,0xea,0xd,0xa,0xf0,0xe5,0xf1,0xef,0xf3,
  0xe1,0xeb,0xe8,0xea,0xe0,0xed,0xe5,0xf6,0xd,0xa,0xf0,0xe5,0xf8,0xea,0xe0,0xd,
  0xa,0xf0,0xee,0xe2,0xe5,0xf0,0xd,0xa,0xf0,0xee,0xe2,0xe5,0xf1,0xed,0xe8,0xf6,
  0xe0,0xd,0xa,0xf0,0xee,0xf2,0xe8,0xea,0xd,0xa,0xf0,0xee,0xf2,0xee,0xe7,0xe5,
  0xe9,0xd,0xa,0xf0,0xf3,0xf0,0xd,0xa,0xf0,0xfb,0xe1,0xee,0xeb,0xee,0xe2,0xf1,
  0xf2,0xe2,0xee,0xd,0xa,0xf1,0xe0,0xec,0xee,0xe4,0xee,0xe2,0xee,0xeb,0xfc,0xf1,
  0xf2,0xe2,0xee,0xd,0xa,0xf1,0xe0,0xec,0xee,0xf0,0xe5,0xe0,0xeb,0xe8,0xe7,0xe0,
  0xf6,0xe8,0xff,0xd,0xa,0xf1,0xe1,0xe5,0xe3,0xd,0xa,0xf1,0xe2,0xe0,0xf0,0xe0,
  0xd,0xa,0xf1,0xe2,0xe0,0xf2,0xee,0xe2,0xf1,0xf2,0xe2,0xee,0xd,0xa,0xf1,0xe2,
  0xe5,0xea,0xee,0xf0,0xd,0xa,0xf1,0xe2,0xe8,0xf0,0xe5,0xef,0xee,0xf1,0xf2,0xfc,
  0xd,0xa,0xf1,0xe5,0xea,0xf3,0xed,0xe4,0xe0,0xed,0xf2,0xd,0xa,0xf1,0xea,0xe8,
  0xef,0xe5,0xf2,0xf0,0xd,0xa,0xf1,0xeb,0xe8,0xe2,0xd,0xa,0xf1,0xed,0xee,0xe1,
  0xd,0xa,0xf1,0xee,0xe6,0xe6,0xe5,0xed,0xe8,0xe5,0xd,0xa,0xf1,0xee,0xe7,0xfb,
  0xe2,0xd,0xa,0xf1,0xee,0xed,0xe0,0xf2,0xe0,0xd,0xa,0xf1,0xee,0xf1,0xf3,0xed,
  0xee,0xea,0xd,0xa,0xf1,0xee,0xf6,0xe8,0xe0,0xeb,0xe8,0xe7,0xe0,0xf6,0xe8,0xff,
  0xd,0xa,0xf1,0xef,0xe0,0xf0,0xf2,0xe0,0xea,0xee,0xe2,0xe5,0xf6,0xd,0xa,0xf1,
  0xef,0xe5,0xeb,0xfc,0xd,0xa,0xf1,0xf2,0xe0,0xec,0xe5,0xf1,0xea,0xe0,0xd,0xa,
  0xf1,0xf2,0xe8,0xec,0xf3,0xeb,0xff,0xf2,0xee,0xf0,0xd,0xa,0xf1,0xf2,0xf0,0xe5,
  0xeb,0xee,0xf7,0xea,0xe0,0xd,0xa,0xf1,0xf2,0xf0,0xee,0xe9,0xec,0xe0,0xf2,0xe5,
  0xf0,0xe8,0xe0,0xeb,0xd,0xa,0xf2,0xe0,0xe3,0xe0,0xed,0xf0,0xee,0xe3,0xd,0xa,
  0xf2,0xe2,0xe5,0xf0,0xfc,0xd,0xa,0xf2,0xe5,0xeb,0xe5,0xf6,0xd,0xa,0xf2,0xe5,
  0xee,0xeb,0xee,0xe3,0xe8,0xff,0xd,0xa,0xf2,0xe5,0xef,0xeb,0xfb,0xed,0xfc,0xd,
  0xa,0xf2,0xe5,0xf0,0xec,0xe8,0xf2,0xd,0xa,0xf2,0xe8,0xf5,0xe2,0xe8,0xed,0xd,
  0xa,0xf2,0xee,0xe2,0xe0,0xf0,0xea,0xe0,0xd,0xa,0xf2,0xee,0xf0,0xf4,0xd,0xa,
  0xf2,0xf0,0xe0,0xe2,0xeb,0xff,0xd,0xa,0xf2,0xf0,0xe5,0xed,0xe0,0xe6,0xe5,0xf0,
  0xd,0xa,0xf2,0xf0,0xe5,0xf3,0xe3,0xee,0xeb,0xea,0xe0,0xd,0xa,0xf2,0xf0,0xee,
  0xec,0xe1,0xee,0xe7,0xd,0xa,0xf2,0xff,0xe6,0xe1,0xe0,0xd,0xa,0xf3,0xe2,0xe5,
  0xf0,0xf2,0xfe,0xf0,0xe0,0xd,0xa,0xf3,0xf1,0xe2,0xee,0xe5,0xed,0xe8,0xe5,0xd,
  0xa,0xf4,0xe0,0xf0,0xf1,0xd,0xa,0xf4,0xe8,0xed,0xf2,0xd,0xa,0xf4,0xee,0xf2,
  0xee,0xf1,0xed,0xe8,0xec,0xee,0xea,0xd,0xa,0xf5,0xe8,0xec,0xea,0xe8,0xd,0xa,
  0xf5,0xeb,0xe5,0xe1,0xe5,0xf6,0xd,0xa,0xf5,0xf0,0xee,0xec,0xee,0xe9,0xd,0xa,
  0xf7,0xe0,0xe2,0xea,0xe0,0xed,0xfc,0xe5,0xd,0xa,0xf7,0xf3,0xe2,0xff,0xea,0xd,
  0xa,0xf8,0xe0,0xe2,0xea,0xe0,0xd,0xa,0xf8,0xe0,0xf0,0xec,0xe0,0xed,0xea,0xe0,
  0xd,0xa,0xf8,0xe5,0xe2,0xe0,0xeb,0xfc,0xe5,0xd,0xa,0xf8,0xe5,0xf0,0xf1,0xf2,
  0xea,0xe0,0xd,0xa,0xf9,0xe5,0xf2,0xee,0xf7,0xea,0xe0,0xd,0xa,0xfd,0xe4,0xe5,
  0xeb,0xfc,0xe2,0xe5,0xe9,0xf1,0xd,0xa,0xfd,0xea,0xe8,0xef,0xe8,0xf0,0xee,0xe2,
  0xea,0xe0,0xd,0xa,0xfd,0xea,0xee,0xf1,0xe8,0xf1,0xf2,0xe5,0xec,0xe0,0xd,0xa,
  0xfd,0xec,0xe0,0xed,0xf1,0xe8,0xef,0xe0,0xf6,0xe8,0xff,0xd,0xa,0xfd,0xed,0xf2,
  0xee,0xec,0xee,0xeb,0xee,0xe3,0xe8,0xff,0xd,0xa,0xfe,0xf2,0xd,0xa,0xff,0xf0,
  0xee,0xea,0xd,0xa,0xe0,0xed,0xe8,0xf9,0xe5,0xed,0xea,0xee,0xd,0xa,0xe1,0xf0,
  0xee,0xe4,0xd,0xa,0xe2,0xe8,0xf1,0xe5,0xeb,0xe8,0xf6,0xe0,0xd,0xa,0xe3,0xee,
  0xf0,0xe4,0xfb,0xed,0xff,0xd,0xa,0xe4,0xe8,0xed,0xe0,0xec,0xe8,0xea,0xd,0xa,
  0xe4,0xe8,0xf0,0xe5,0xea,0xf6,0xe8,0xff,0xd,0xa,0xe4,0xee,0xf1,0xf2,0xee,0xef,
  0xf0,0xe8,0xec,0xe5,0xf7,0xe0,0xf2,0xe5,0xeb,0xfc,0xed,0xee,0xf1,0xf2,0xfc,0xd,
  0xa,0xe6,0xf3,0xe6,0xe6,0xe0,0xed,0xe8,0xe5,0xd,0xa,0xe7,0xf3,0xe4,0xd,0xa,
  0xe8,0xe7,0xe2,0xf0,0xe0,0xf9,0xe5,0xed,0xe8,0xe5,0xd,0xa,0xe8,0xed,0xe4,0xe8,
  0xe2,0xe8,0xe4,0xd,0xa,0xea,0xee,0xeb,0xfb,0xec,0xe0,0xd,0xa,0xea,0xee,0xec,
  0xec,0xe5,0xed,0xf2,0xe0,0xf2,0xee,0xf0,0xd,0xa,0xea,0xf3,0xe4,0xe0,0xd,0xa,
  0xeb,0xe8,0xf1,0xd,0xa,0xec,0xee,0xeb,0xee,0xe4,0xee,0xe6,0xe5,0xed,0xd,0xa,
  0xed,0xe0,0xf1,0xf2,0xf0,0xee,0xe9,0xea,0xe0,0xd,0xa,0xed,0xe0,0xf5,0xe0,0xeb,
  0xd,0xa,0xed,0xee,0xf1,0xe8,0xeb,0xfc,0xf9,0xe8,0xea,0xd,0xa,0xed,0xf2,0xe2,
  0xd,0xa,0xee,0xea,0xea,0xf3,0xef,0xe0,0xed,0xf2,0xd,0xa,0xef,0xe8,0xeb,0xe8,
  0xe3,0xf0,0xe8,0xec,0xd,0xa,0xef,0xeb,0xe0,0xed,0xf2,0xe0,0xf6,0xe8,0xff,0xd,
  0xa,0xef,0xee,0xe1,0xe5,0xe4,0xe8,0xf2,0xd,0xa,0xef,0xee,0xe4,0xe4,0xe5,0xeb,
  0xea,0xe0,0xd,0xa,0xef,0xee,0xf1,0xf2,0xe0,0xec,0xe5,0xed,0xf2,0xd,0xa,0xf0,
  0xe0,0xe8,0xf1,0xd,0xa,0xf0,0xe5,0xea,0xf2,0xee,0xf0,0xd,0xa,0xf0,0xe5,0xeb,
  0xfc,0xe5,0xf4,0xd,0xa,0xf1,0xe2,0xe5,0xf7,0xe5,0xed,0xe8,0xe5,0xd,0xa,0xf1,
  0xe8,0xed,0xf2,0xe5,0xe7,0xd,0xa,0xf1,0xee,0xf0,0xd,0xa,0xf1,0xee,0xf7,0xe8,
  0xed,0xe8,0xf2,0xe5,0xeb,0xfc,0xd,0xa,0xf1,0xf0,0xe5,0xe4,0xed,0xe5,0xe2,0xe5,
  0xea,0xee,0xe2,0xfc,0xe5,0xd,0xa,0xf1,0xf1,0xf3,0xe4,0xe0,0xd,0xa,0xf1,0xf2,
  0xe0,0xed,0xe8,0xed,0xe0,0xd,0xa,0xf1,0xf3,0xe5,0xe2,0xe5,0xf0,0xe8,0xe5,0xd,
  0xa,0xf2,0xee,0xec,0xe8,0xea,0xd,0xa,0xf5,0xee,0xec,0xf3,0xf2,0xd,0xa,0xf5,
  0xf0,0xee,0xed,0xe8,0xea,0xe0,0xd,0xa,0xf6,0xe8,0xed,0xea,0xd,0xa,0xf7,0xe5,
  0xf2,0xe2,0xe5,0xf0,0xf2,0xe0,0xea,0xd,0xa,0xf8,0xe8,0xef,0xee,0xe2,0xed,0xe8,
  0xea,0xd,0xa,0xf8,0xeb,0xe5,0xef,0xe0,0xed,0xe5,0xf6,0xd,0xa,0xf9,0xe5,0xe4,
  0xf0,0xee,0xf1,0xf2,0xfc,0xd,0xa,0xfe,0xed,0xe3,0xe0,0xd,0xa,0xe1,0xeb,0xe8,
  0xea,0xd,0xa,0xe1,0xf0,0xe0,0xf2,0xee,0xea,0xd,0xa,0xe2,0xee,0xe7,0xeb,0xfe,
  0xe1,0xeb,0xe5,0xed,0xed,0xfb,0xe9,0xd,0xa,0xe2,0xfb,0xff,0xf1,0xed,0xe5,0xed,
  0xe8,0xe5,0xd,0xa,0xe3,0xe8,0xf2,0xeb,0xe5,0xf0,0xee,0xe2,0xe5,0xf6,0xd,0xa,
  0xe4,0xe8,0xea,0xf2,0xee,0xf0,0xd,0xa,0xe4,0xf3,0xe1,0xee,0xeb,0xee,0xec,0xd,
  0xa,0xe4,0xfb,0xed,0xff,0xd,0xa,0xe6,0xe8,0xf2,0xfc,0xe5,0xd,0xa,0xe9,0xee,
  0xe3,0xe0,0xd,0xa,0xea,0xe0,0xf0,0xf6,0xe5,0xf0,0xd,0xa,0xea,0xee,0xed,0xe2,
  0xee,0xe8,0xf0,0xd,0xa,0xea,0xee,0xee,0xf0,0xe4,0xe8,0xed,0xe0,0xf2,0xe0,0xd,
  0xa,0xec,0xe0,0xe3,0xe0,0xe7,0xe8,0xed,0xf7,0xe8,0xea,0xd,0xa,0xed,0xee,0xe6,
  0xed,0xfb,0xd,0xa,0xee,0xe1,0xee,0xe7,0xd,0xa,0xee,0xf2,0xf1,0xe2,0xe5,0xf2,
  0xd,0xa,0xef,0xe0,0xf2,0xf0,0xe8,0xee,0xf2,0xd,0xa,0xef,0xe8,0xf0,0xf1,0xd,
  0xa,0xef,0xee,0xe4,0xea,0xee,0xe2,0xe0,0xd,0xa,0xef,0xee,0xeb,0xf3,0xf2,0xfc,
  0xec,0xe0,0xd,0xa,0xef,0xf0,0xee,0xef,0xee,0xe2,0xe5,0xe4,0xfc,0xd,0xa,0xf1,
  0xea,0xee,0xf0,0xe1,0xfc,0xd,0xa,0xf1,0xf2,0xe0,0xe9,0xea,0xe0,0xd,0xa,0xf1,
  0xf2,0xe0,0xf0,0xf8,0xee,0xe9,0xd,0xa,0xf5,0xec,0xe5,0xeb,0xfc,0xd,0xa,0xf7,
  0xe5,0xf1,0xed,0xee,0xea,0xd,0xa,0xf7,0xe8,0xe6,0xe8,0xea,0xd,0xa,0xf8,0xe8,
  0xf0,0xec,0xe0,0xd,0xa,0xf8,0xf2,0xf3,0xf0,0xec,0xee,0xe2,0xe8,0xea,0xd,0xa,
  0xf8,0xf3,0xf2,0xee,0xf7,0xea,0xe0,0xd,0xa,0xe0,0xef,0xf2,0xe5,0xea,0xe0,0xf0,
  0xfc,0xd,0xa,0xe1,0xee,0xeb,0xe2,0xe0,0xed,0xd,0xa,0xe3,0xf0,0xf3,0xe7,0xf7,
  0xe8,0xea,0xd,0xa,0xe4,0xee,0xe1,0xf0,0xee,0xe2,0xee,0xeb,0xe5,0xf6,0xd,0xa,
  0xe7,0xe0,0xf2,0xe2,0xee,0xf0,0xd,0xa,0xea,0xe0,0xf0,0xed,0xe8,0xe7,0xd,0xa,
  0xec,0xe0,0xf5,0xd,0xa,0xed,0xe0,0xf1,0xfb,0xef,0xfc,0xd,0xa,0xed,0xf3,0xf2,
  0xf0,0xee,0xd,0xa,0xef,0xee,0xe4,0xe0,0xf7,0xe0,0xd,0xa,0xf1,0xe2,0xe8,0xf1,
  0xf2,0xee,0xea,0xd,0xa,0xf1,0xe8,0xd,0xa,0xf4,0xeb,0xe0,0xed,0xe3,0xd,0xa,
  0xe0,0xe2,0xe8,0xe0,0xea,0xee,0xec,0xef,0xe0,0xed,0xe8,0xff,0xd,0xa,0xe0,0xe2,
  0xf0,0xe0,0xeb,0xd,0xa,0xe0,0xea,0xf6,0xe8,0xee,0xed,0xe5,0xf0,0xd,0xa,0xe0,
  0xeb,0xfc,0xec,0xe0,0xed,0xe0,0xf5,0xd,0xa,0xe0,0xef,0xf2,0xe5,0xf7,0xea,0xe0,
  0xd,0xa,0xe1,0xe0,0xf1,0xea,0xe5,0xf2,0xe1,0xee,0xeb,0xd,0xa,0xe1,0xe5,0xf1,
  0xf1,0xec,0xfb,0xf1,0xeb,0xe5,0xed,0xed,0xee,0xf1,0xf2,0xfc,0xd,0xa,0xe1,0xf3,
  0xf0,0xe3,0xee,0xec,0xe8,0xf1,0xf2,0xf0,0xd,0xa,0xe2,0xe5,0xe4,0xe5,0xf0,0xea,
  0xee,0xd,0xa,0xe2,0xe5,0xed,0xe5,0xf6,0xe8,0xff,0xd,0xa,0xe2,0xe5,0xf0,0xf2,
  0xe8,0xea,0xe0,0xeb,0xfc,0xd,0xa,0xe2,0xee,0xe7,0xed,0xe8,0xf6,0xe0,0xd,0xa,
  0xe2,0xff,0xeb,0xee,0xf1,0xf2,0xfc,0xd,0xa,0xe3,0xe8,0xef,0xe5,0xf0,0xf2,0xee,
  0xed,0xe8,0xff,0xd,0xa,0xe3,0xf0,0xe5,0xe1,0xe5,0xf8,0xee,0xea,0xd,0xa,0xe3,
  0xf0,0xe5,0xe7,0xe0,0xd,0xa,0xe3,0xf0,0xe8,0xe2,0xe5,0xed,0xed,0xe8,0xea,0xd,
  0xa,0xe4,0xe8,0xeb,0xe5,0xf2,0xe0,0xed,0xf2,0xd,0xa,0xe4,0xee,0xe6,0xd,0xa,
  0xe4,0xee,0xf7,0xe5,0xed,0xfc,0xea,0xe0,0xd,0xa,0xe5,0xe3,0xe5,0xf0,0xfc,0xd,
  0xa,0xe7,0xe0,0xe2,0xd,0xa,0xe7,0xe0,0xea,0xee,0xed,0xee,0xef,0xf0,0xee,0xe5,
  0xea,0xf2,0xd,0xa,0xe8,0xed,0xf2,0xe5,0xf0,0xef,0xf0,0xe5,0xf2,0xe0,0xf6,0xe8,
  0xff,0xd,0xa,0xe8,0xf1,0xf2,0xee,0xef,0xed,0xe8,0xea,0xd,0xa,0xea,0xe0,0xeb,
  0xe0,0xf7,0xd,0xa,0xea,0xee,0xed,0xf2,0xee,0xf0,0xea,0xe0,0xd,0xa,0xea,0xee,
  0xf0,0xee,0xf2,0xfb,0xf8,0xea,0xe0,0xd,0xa,0xea,0xf0,0xe5,0xec,0xe0,0xf2,0xee,
  0xf0,0xe8,0xe9,0xd,0xa,0xea,0xf3,0xec,0xe0,0xd,0xa,0xeb,0xe0,0xf6,0xea,0xe0,
  0xed,0xd,0xa,0xeb,0xe8,0xea,0xe5,0xf0,0xd,0xa,0xeb,0xee,0xe6,0xe1,0xe8,0xed,
  0xe0,0xd,0xa,0xec,0xe0,0xed,0xe5,0xea,0xe5,0xed,0xd,0xa,0xec,0xe0,0xf0,0xe3,
  0xee,0xd,0xa,0xec,0xe8,0xf1,0xf2,0xe8,0xea,0xd,0xa,0xec,0xf3,0xf7,0xe8,0xf2,
  0xe5,0xeb,0xfc,0xd,0xa,0xed,0xe0,0xe6,0xe8,0xe2,0xe0,0xd,0xa,0xed,0xe5,0xf0,
  0xe0,0xe2,0xe5,0xed,0xf1,0xf2,0xe2,0xee,0xd,0xa,0xed,0xf3,0xe6,0xe4,0xe0,0xfe,
  0xf9,0xe8,0xe9,0xf1,0xff,0xd,0xa,0xee,0xe1,0xe5,0xe7,0xfc,0xff,0xed,0xea,0xe0,
  0xd,0xa,0xee,0xe1,0xee,0xe3,0xe0,0xf9,0xe5,0xed,0xe8,0xe5,0xd,0xa,0xee,0xe6,
  0xe5,0xf1,0xf2,0xee,0xf7,0xe5,0xed,0xe8,0xe5,0xd,0xa,0xee,0xef,0xeb,0xe5,0xf3,
  0xf5,0xe0,0xd,0xa,0xee,0xf2,0xef,0xf0,0xfb,0xf1,0xea,0xd,0xa,0xee,0xf2,0xf8,
  0xe8,0xe1,0xd,0xa,0xef,0xeb,0xe0,0xed,0xf8,0xe5,0xf2,0xd,0xa,0xef,0xee,0xe3,
  0xee,0xf1,0xf2,0xd,0xa,0xef,0xee,0xe4,0xea,0xf0,0xe5,0xef,0xeb,0xe5,0xed,0xe8,
  0xe5,0xd,0xa,0xef,0xee,0xec,0xfb,0xf1,0xe5,0xeb,0xd,0xa,0xef,0xee,0xed,0xf2,
  0xd,0xa,0xef,0xf0,0xe8,0xe2,0xeb,0xe5,0xea,0xe0,0xf2,0xe5,0xeb,0xfc,0xed,0xee,
  0xf1,0xf2,0xfc,0xd,0xa,0xef,0xf0,0xee,0xe7,0xf0,0xe0,0xf7,0xed,0xee,0xf1,0xf2,
  0xfc,0xd,0xa,0xf0,0xe5,0xe7,0xfc,0xe1,0xe0,0xd,0xa,0xf0,0xe5,0xef,0xe0,0xf2,
  0xf0,0xe8,0xe0,0xed,0xf2,0xd,0xa,0xf1,0xe0,0xe6,0xe5,0xed,0xfc,0xd,0xa,0xf1,
  0xe0,0xec,0xee,0xf3,0xef,0xf0,0xe0,0xe2,0xeb,0xe5,0xed,0xe8,0xe5,0xd,0xa,0xf1,
  0xe4,0xe5,0xf0,0xe6,0xe0,0xed,0xed,0xee,0xf1,0xf2,0xfc,0xd,0xa,0xf1,0xee,0xe2,
  0xe5,0xf2,0xf7,0xe8,0xea,0xd,0xa,0xf1,0xee,0xf0,0xee,0xe4,0xe8,0xf7,0xd,0xa,
  0xf1,0xf2,0xf0,0xe8,0xef,0xf2,0xe8,0xe7,0xd,0xa,0xf2,0xe2,0xe5,0xf0,0xe4,0xfc,
  0xd,0xa,0xf2,0xf0,0xe0,0xed,0xf1,0xd,0xa,0xf2,0xf0,0xe0,0xed,0xf1,0xf4,0xee,
  0xf0,0xec,0xe0,0xf6,0xe8,0xff,0xd,0xa,0xf2,0xf0,0xee,0xeb,0xeb,0xfc,0xd,0xa,
  0xf7,0xe5,0xf0,0xf2,0xe8,0xea,0xd,0xa,0xff,0xe2,0xea,0xe0,0xd,0xa,0xff,0xf0,
  0xeb,0xfb,0xea,0xd,0xa,0xe0,0xe2,0xe0,0xed,0xf2,0xfe,0xf0,0xe0,0xd,0xa,0xe0,
  0xf3,0xea,0xf6,0xe8,0xee,0xed,0xd,0xa,0xe1,0xf0,0xee,0xed,0xe5,0xf2,0xf0,0xe0,
  0xed,0xf1,0xef,0xee,0xf0,0xf2,0xe5,0xf0,0xd,0xa,0xe1,0xf3,0xed,0xea,0xe5,0xf0,
  0xd,0xa,0xe2,0xe0,0xf1,0xe8,0xed,0xd,0xa,0xe2,0xee,0xe7,0xec,0xe5,0xe7,0xe4,
  0xe8,0xe5,0xd,0xa,0xe2,0xfb,0xea,0xf0,0xe8,0xea,0xd,0xa,0xe3,0xf0,0xe0,0xed,
  0xe0,0xf2,0xee,0xec,0xe5,0xf2,0xd,0xa,0xe7,0xe0,0xe2,0xe5,0xf2,0xd,0xa,0xe7,
  0xe2,0xe5,0xf0,0xe5,0xea,0xd,0xa,0xe7,0xe5,0xe1,0xf0,0xe0,0xd,0xa,0xe7,0xf0,
  0xe5,0xeb,0xee,0xf1,0xf2,0xfc,0xd,0xa,0xe8,0xeb,0xeb,0xfe,0xf1,0xf2,0xf0,0xe0,
  0xf6,0xe8,0xff,0xd,0xa,0xea,0xeb,0xfe,0xf7,0xe8,0xea,0xd,0xa,0xea,0xf0,0xe8,
  0xf1,0xf2,0xe0,0xeb,0xeb,0xd,0xa,0xeb,0xe0,0xf2,0xe2,0xe8,0xff,0xd,0xa,0xec,
  0xee,0xf8,0xe5,0xed,0xed,0xe8,0xf7,0xe5,0xf1,0xf2,0xe2,0xee,0xd,0xa,0xee,0xe4,
  0xe5,0xff,0xed,0xe8,0xe5,0xd,0xa,0xee,0xeb,0xe8,0xec,0xef,0xe8,0xe0,0xe4,0xe0,
  0xd,0xa,0xee,0xef,0xe5,0xf0,0xe0,0xf2,0xe8,0xe2,0xed,0xe8,0xea,0xd,0xa,0xef,
  0xe0,0xe4,0xeb,0xee,0xd,0xa,0xef,0xee,0xe4,0xf1,0xf7,0xe5,0xf2,0xd,0xa,0xef,
  0xf0,0xe5,0xed,0xe5,0xe1,0xf0,0xe5,0xe6,0xe5,0xed,0xe8,0xe5,0xd,0xa,0xf0,0xe8,
  0xed,0xe3,0xd,0xa,0xf1,0xe0,0xeb,0xfe,0xf2,0xd,0xa,0xf1,0xe0,0xec,0xee,0xf3,
  0xe1,0xe8,0xe9,0xf6,0xe0,0xd,0xa,0xf1,0xef,0xe5,0xea,0xf3,0xeb,0xff,0xed,0xf2,
  0xd,0xa,0xf2,0xe5,0xee,0xf0,0xe5,0xf2,0xe8,0xea,0xd,0xa,0xf2,0xf0,0xf3,0xe6,
  0xe5,0xed,0xe8,0xea,0xd,0xa,0xf2,0xf3,0xea,0xd,0xa,0xf3,0xf1,0xea,0xee,0xf0,
  0xe5,0xed,0xe8,0xe5,0xd,0xa,0xf4,0xee,0xf0,0xec,0xe0,0xeb,0xfc,0xed,0xee,0xf1,
  0xf2,0xfc,0xd,0xa,0xf5,0xe0,0xec,0xd,0xa,0xe1,0xe0,0xed,0xea,0xe0,0xd,0xa,
  0xe2,0xe0,0xf2,0xed,0xe8,0xea,0xd,0xa,0xe2,0xee,0xf0,0xee,0xf5,0xd,0xa,0xe3,
  0xe0,0xeb,0xeb,0xfe,0xf6,0xe8,0xed,0xe0,0xf6,0xe8,0xff,0xd,0xa,0xe3,0xf3,0xe1,
  0xe5,0xf0,0xed,0xe8,0xff,0xd,0xa,0xe4,0xed,0xe5,0xef,0xf0,0xd,0xa,0xe7,0xe5,
  0xe2,0xe0,0xea,0xe0,0xd,0xa,0xe7,0xed,0xe0,0xec,0xe5,0xed,0xe8,0xf2,0xee,0xf1,
  0xf2,0xfc,0xd,0xa,0xea,0xee,0xe4,0xe0,0xd,0xa,0xea,0xee,0xec,0xe1,0xe8,0xed,
  0xe0,0xf6,0xe8,0xff,0xd,0xa,0xea,0xf3,0xe1,0xee,0xea,0xd,0xa,0xec,0xe5,0xf2,
  0xee,0xe4,0xe8,0xea,0xe0,0xd,0xa,0xec,0xe8,0xea,0xf0,0xee,0xe1,0xd,0xa,0xec,
  0xe8,0xed,0xee,0xec,0xe5,0xf2,0xd,0xa,0xee,0xe1,0xe8,0xeb,0xe8,0xe5,0xd,0xa,
  0xef,0xeb,0xe5,0xec,0xff,0xed,0xed,0xe8,0xf6,0xe0,0xd,0xa,0xef,0xee,0xeb,0xfc,
  0xe7,0xee,0xe2,0xe0,0xed,0xe8,0xe5,0xd,0xa,0xef,0xfc,0xff,0xed,0xea,0xe0,0xd,
  0xa,0xf1,0xe2,0xe5,0xf7,0xea,0xe0,0xd,0xa,0xf1,0xee,0xee,0xf2,0xed,0xee,0xf8,
  0xe5,0xed,0xe8,0xe5,0xd,0xa,0xf4,0xe8,0xeb,0xfc,0xf2,0xf0,0xd,0xa,0xf7,0xe5,
  0xf5,0xee,0xeb,0xd,0xa,0xf8,0xe8,0xe2,0xee,0xf0,0xee,0xf2,0xd,0xa,0xe0,0xf0,
  0xf5,0xe8,0xf2,0xe5,0xea,0xf2,0xf3,0xf0,0xe0,0xd,0xa,0xe1,0xe5,0xe4,0xf1,0xf2,
  0xe2,0xe8,0xe5,0xd,0xa,0xe2,0xee,0xe6,0xe0,0xea,0xd,0xa,0xe6,0xe5,0xeb,0xe5,
  0xe7,0xe0,0xd,0xa,0xed,0xe8,0xf9,0xe5,0xf2,0xe0,0xd,0xa,0xef,0xf0,0xe5,0xf1,
  0xf1,0xd,0xa,0xf1,0xf2,0xf0,0xf3,0xed,0xe0,0xd,0xa,0xe0,0xe2,0xf2,0xee,0xec,
  0xe0,0xf2,0xe8,0xe7,0xe0,0xf6,0xe8,0xff,0xd,0xa,0xe0,0xe8,0xf1,0xf2,0xd,0xa,
  0xe1,0xe0,0xeb,0xfc,0xe7,0xe0,0xec,0xd,0xa,0xe1,0xe5,0xeb,0xeb,0xe5,0xf2,0xf0,
  0xe8,0xf1,0xf2,0xe8,0xea,0xe0,0xd,0xa,0xe1,0xe5,0xf0,0xe5,0xe6,0xee,0xea,0xd,
  0xa,0xe1,0xeb,0xfe,0xe7,0xd,0xa,0xe1,0xf0,0xe5,0xf8,0xfc,0xd,0xa,0xe1,0xf3,
  0xe1,0xe5,0xed,0xf7,0xe8,0xea,0xd,0xa,0xe2,0xe0,0xeb,0xe5,0xe6,0xed,0xe8,0xea,
  0xd,0xa,0xe2,0xe7,0xe0,0xe8,0xec,0xee,0xef,0xee,0xec,0xee,0xf9,0xfc,0xd,0xa,
  0xe2,0xee,0xf1,0xfc,0xec,0xe5,0xf0,0xea,0xe0,0xd,0xa,0xe2,0xfb,0xe4,0xe2,0xe8,
  0xe6,0xe5,0xed,0xe8,0xe5,0xd,0xa,0xe2,0xfb,0xed,0xee,0xf1,0xeb,0xe8,0xe2,0xee,
  0xf1,0xf2,0xfc,0xd,0xa,0xe2,0xfb,0xef,0xf0,0xe0,0xe2,0xea,0xe0,0xd,0xa,0xe2,
  0xfb,0xf1,0xe5,0xeb,0xee,0xea,0xd,0xa,0xe3,0xe0,0xf0,0xed,0xe8,0xf2,0xf3,0xf0,
  0xe0,0xd,0xa,0xe3,0xe8,0xed,0xe4,0xe8,0xed,0xd,0xa,0xe3,0xeb,0xf3,0xf5,0xee,
  0xe9,0xd,0xa,0xe3,0xf0,0xf3,0xef,0xef,0xea,0xe0,0xd,0xa,0xe4,0xe5,0xe2,0xe0,
  0xeb,0xfc,0xe2,0xe0,0xf6,0xe8,0xff,0xd,0xa,0xe4,0xe8,0xe0,0xeb,0xe5,0xea,0xf2,
  0xd,0xa,0xe4,0xee,0xe7,0xed,0xe0,0xe2,0xe0,0xf2,0xe5,0xeb,0xfc,0xd,0xa,0xe4,
  0xee,0xed,0xe1,0xe0,0xf1,0xf1,0xd,0xa,0xe4,0xf3,0xed,0xe0,0xe9,0xd,0xa,0xe4,
  0xf3,0xf0,0xec,0xe0,0xed,0xd,0xa,0xe5,0xf1,0xf2,0xe5,0xf1,0xf2,0xe2,0xe5,0xed,
  0xed,0xee,0xf1,0xf2,0xfc,0xd,0xa,0xe7,0xe0,0xe4,0xe0,0xf2,0xee,0xea,0xd,0xa,
  0xe7,0xe0,0xf1,0xf3,0xf5,0xe0,0xd,0xa,0xe7,0xee,0xf1,0xe8,0xec,0xee,0xe2,0xe0,
  0xd,0xa,0xe8,0xed,0xf2,0xe5,0xe3,0xf0,0xe0,0xf6,0xe8,0xff,0xd,0xa,0xea,0xe0,
  0xed,0xd,0xa,0xea,0xe0,0xf0,0xf2,0xee,0xf2,0xe5,0xea,0xe0,0xd,0xa,0xea,0xe0,
  0xf2,0xee,0xf0,0xe6,0xed,0xe8,0xea,0xd,0xa,0xea,0xeb,0xe0,0xf0,0xed,0xe5,0xf2,
  0xd,0xa,0xea,0xee,0xeb,0xee,0xf0,0xe8,0xf2,0xd,0xa,0xea,0xee,0xec,0xe0,0xf0,
  0xe8,0xea,0xd,0xa,0xea,0xee,0xed,0xf1,0xe8,0xf1,0xf2,0xe5,0xed,0xf6,0xe8,0xff,
  0xd,0xa,0xea,0xee,0xee,0xf0,0xe4,0xe8,0xed,0xe0,0xf6,0xe8,0xff,0xd,0xa,0xea,
  0xee,0xf0,0xf0,0xe5,0xea,0xf6,0xe8,0xff,0xd,0xa,0xea,0xf0,0xe0,0xf2,0xea,0xee,
  0xf1,0xf2,0xfc,0xd,0xa,0xea,0xf0,0xe5,0xe4,0xe8,0xf2,0xee,0xf0,0xd,0xa,0xea,
  0xf3,0xec,0xd,0xa,0xeb,0xe0,0xec,0xe0,0xd,0xa,0xeb,0xe5,0xe1,0xe5,0xe4,0xe0,
  0xd,0xa,0xeb,0xee,0xf2,0xee,0xf1,0xd,0xa,0xeb,0xfb,0xe6,0xed,0xff,0xd,0xa,
  0xeb,0xfe,0xe1,0xe8,0xec,0xf7,0xe8,0xea,0xd,0xa,0xeb,0xff,0xf5,0xd,0xa,0xec,
  0xe0,0xe3,0xed,0xe8,0xe9,0xd,0xa,0xec,0xe5,0xf0,0xff,0xd,0xa,0xec,0xe8,0xed,
  0xee,0xe1,0xee,0xf0,0xee,0xed,0xfb,0xd,0xa,0xec,0xf5,0xe0,0xf2,0xd,0xa,0xec,
  0xff,0xf1,0xee,0xea,0xee,0xec,0xe1,0xe8,0xed,0xe0,0xf2,0xd,0xa,0xed,0xe0,0xe4,
  0xf1,0xf2,0xf0,0xee,0xe9,0xea,0xe0,0xd,0xa,0xed,0xe0,0xf0,0xee,0xe4,0xed,0xee,
  0xf1,0xf2,0xfc,0xd,0xa,0xed,0xe5,0xe2,0xee,0xe4,0xd,0xa,0xed,0xe5,0xe8,0xec,
  0xe5,0xed,0xe8,0xe5,0xd,0xa,0xed,0xe5,0xec,0xee,0xf2,0xe0,0xd,0xa,0xed,0xe5,
  0xf3,0xe2,0xe0,0xe6,0xe5,0xed,0xe8,0xe5,0xd,0xa,0xed,0xee,0xe6,0xe8,0xf7,0xe5,
  0xea,0xd,0xa,0xee,0xe1,0xee,0xf0,0xec,0xee,0xf2,0xd,0xa,0xee,0xe3,0xeb,0xe0,
  0xf1,0xea,0xe0,0xd,0xa,0xee,0xe4,0xed,0xee,0xea,0xeb,0xe0,0xf1,0xf1,0xed,0xe8,
  0xf6,0xe0,0xd,0xa,0xee,0xed,0xfd,0xea,0xf1,0xe8,0xec,0xd,0xa,0xee,0xf2,0xf7,
  0xe5,0xf2,0xed,0xee,0xf1,0xf2,0xfc,0xd,0xa,0xef,0xe0,0xe9,0xd,0xa,0xef,0xe0,
  0xed,0xea,0xf0,0xe5,0xe0,0xf2,0xe8,0xf2,0xd,0xa,0xef,0xe5,0xf0,0xe5,0xef,0xe0,
  0xe4,0xd,0xa,0xef,0xe5,0xf0,0xe5,0xf1,0xf2,0xf3,0xea,0xd,0xa,0xef,0xe5,0xf0,
  0xe8,0xf2,0xee,0xed,0xe8,0xf2,0xd,0xa,0xef,0xeb,0xe5,0xe2,0xf0,0xe0,0xd,0xa,
  0xef,0xee,0xe4,0xe0,0xf0,0xee,0xf7,0xe5,0xea,0xd,0xa,0xef,0xee,0xe4,0xea,0xe8,
  0xe4,0xfb,0xf8,0xd,0xa,0xef,0xee,0xe4,0xfa,0xe5,0xec,0xed,0xe8,0xea,0xd,0xa,
  0xef,0xee,0xe8,0xec,0xea,0xe0,0xd,0xa,0xef,0xf0,0xe8,0xf8,0xe5,0xf1,0xf2,0xe2,
  0xe8,0xe5,0xd,0xa,0xef,0xf0,0xee,0xef,0xe8,0xeb,0xd,0xa,0xef,0xf0,0xee,0xf1,
  0xf2,0xee,0xeb,0xfe,0xe4,0xe8,0xed,0xd,0xa,0xef,0xf3,0xe4,0xe5,0xeb,0xfc,0xd,
  0xa,0xf0,0xe0,0xe7,0xee,0xf0,0xe5,0xed,0xe8,0xe5,0xd,0xa,0xf0,0xe0,0xf1,0xf1,
  0xf2,0xe0,0xed,0xee,0xe2,0xea,0xe0,0xd,0xa,0xf0,0xe0,0xf1,0xf2,0xf0,0xf3,0xe1,
  0xd,0xa,0xf0,0xe5,0xea,0xe2,0xe8,0xe7,0xe8,0xf2,0xd,0xa,0xf0,0xe5,0xef,0xe8,
  0xed,0xe0,0xd,0xa,0xf0,0xe5,0xf6,0xe8,0xe4,0xe8,0xe2,0xe8,0xf1,0xf2,0xd,0xa,
  0xf0,0xe8,0xf4,0xd,0xa,0xf0,0xee,0xe6,0xfc,0xd,0xa,0xf1,0xe0,0xe5,0xed,0xea,
  0xee,0xd,0xa,0xf1,0xe5,0xeb,0xfc,0xef,0xee,0xd,0xa,0xf1,0xe5,0xf0,0xe5,0xe4,
  0xea,0xe0,0xd,0xa,0xf1,0xe8,0xf1,0xfc,0xea,0xe0,0xd,0xa,0xf1,0xec,0xe5,0xea,
  0xe0,0xeb,0xea,0xe0,0xd,0xa,0xf1,0xed,0xe0,0xe1,0xe6,0xe5,0xed,0xe5,0xf6,0xd,
  0xa,0xf1,0xed,0xe0,0xe4,0xee,0xe1,0xfc,0xe5,0xd,0xa,0xf1,0xee,0xf0,0xe8,0xed,
  0xea,0xe0,0xd,0xa,0xf1,0xee,0xf3,0xf7,0xe0,0xf1,0xf2,0xe8,0xe5,0xd,0xa,0xf1,
  0xf3,0xe4,0xe8,0xec,0xee,0xf1,0xf2,0xfc,0xd,0xa,0xf1,0xfb,0xf0,0xf2,0xd,0xa,
  0xf2,0xe0,0xe1,0xee,0xf0,0xd,0xa,0xf2,0xe0,0xf5,0xe8,0xea,0xe0,0xf0,0xe4,0xe8,
  0xff,0xd,0xa,0xf2,0xea,0xe0,0xf7,0xd,0xa,0xf2,0xee,0xea,0xf1,0xe8,0xea,0xee,
  0xe7,0xd,0xa,0xf2,0xee,0xec,0xf1,0xea,0xd,0xa,0xf2,0xee,0xf0,0xe1,0xe0,0xd,
  0xa,0xf2,0xee,0xf0,0xf7,0xee,0xea,0xd,0xa,0xf2,0xf0,0xff,0xf1,0xea,0xe0,0xd,
  0xa,0xf2,0xf3,0xf0,0xe1,0xe0,0xe7,0xe0,0xd,0xa,0xf3,0xe3,0xeb,0xe5,0xf0,0xee,
  0xe4,0xd,0xa,0xf3,0xf5,0xe8,0xf9,0xf0,0xe5,0xed,0xe8,0xe5,0xd,0xa,0xf4,0xe0,
  0xf0,0xe8,0xf1,0xe5,0xe9,0xd,0xa,0xf5,0xec,0xfb,0xf0,0xfc,0xd,0xa,0xf6,0xe2,
  0xe5,0xf2,0xe5,0xed,0xe8,0xe5,0xd,0xa,0xf6,0xe5,0xed,0xe8,0xf2,0xe5,0xeb,0xfc,
  0xd,0xa,0xf8,0xe0,0xeb,0xee,0xf1,0xf2,0xfc,0xd,0xa,0xf8,0xe0,0xec,0xef,0xf3,
  0xed,0xfc,0xd,0xa,0xf8,0xe0,0xf0,0xee,0xe2,0xe0,0xf0,0xfb,0xd,0xa,0xfd,0xf0,
  0xf3,0xe4,0xe8,0xf6,0xe8,0xff,0xd,0xa,0xfd,0xf1,0xf2,0xe5,0xf2,0xe8,0xea,0xe0,
  0xd,0xa,0xfe,0xe2,0xe5,0xeb,0xe8,0xf0,0xd,0xa,0xff,0xe3,0xed,0xe5,0xed,0xee,
  0xea,0xd,0xa,0xff,0xf7,0xec,0xe5,0xed,0xfc,0xd,0xa,0xe0,0xea,0xf2,0xe8,0xe2,
  0xe8,0xf1,0xf2,0xd,0xa,0xe0,0xed,0xf2,0xe8,0xf1,0xe5,0xec,0xe8,0xf2,0xe8,0xe7,
  0xec,0xd,0xa,0xe1,0xeb,0xf3,0xe7,0xea,0xe0,0xd,0xa,0xe1,0xeb,0xfe,0xe4,0xe5,
  0xf7,0xea,0xee,0xd,0xa,0xe2,0xe8,0xf2,0xff,0xe7,0xfc,0xd,0xa,0xe3,0xe2,0xe0,
  0xf0,0xe4,0xe5,0xe5,0xf6,0xd,0xa,0xe4,0xe5,0xf1,0xed,0xe0,0xd,0xa,0xe4,0xee,
  0xed,0xee,0xf1,0xf7,0xe8,0xea,0xd,0xa,0xe4,0xfc,0xff,0xea,0xd,0xa,0xe6,0xe5,
  0xeb,0xe5,0xe7,0xea,0xee,0xd,0xa,0xe6,0xf3,0xf0,0xe0,0xe2,0xeb,0xfc,0xd,0xa,
  0xe7,0xe0,0xef,0xee,0xe2,0xe5,0xe4,0xfc,0xd,0xa,0xe8,0xe3,0xf0,0xe0,0xfe,0xf9,
  0xe8,0xe9,0xd,0xa,0xea,0xe2,0xe8,0xf2,0xe0,0xed,0xf6,0xe8,0xff,0xd,0xa,0xea,
  0xe8,0xed,0xee,0xf4,0xe8,0xeb,0xfc,0xec,0xd,0xa,0xea,0xee,0xef,0xee,0xf2,0xfc,
  0xd,0xa,0xea,0xee,0xf0,0xf8,0xf3,0xed,0xd,0xa,0xea,0xf3,0xef,0xe0,0xed,0xe8,
  0xe5,0xd,0xa,0xeb,0xfb,0xf1,0xfb,0xe9,0xd,0xa,0xec,0xe0,0xf0,0xea,0xe8,0xe7,
  0xe0,0xd,0xa,0xec,0xee,0xf0,0xec,0xfb,0xf8,0xea,0xe0,0xd,0xa,0xef,0xe0,0xef,
  0xe0,0xf5,0xe0,0xd,0xa,0xef,0xe0,0xf2,0xe5,0xf4,0xee,0xed,0xd,0xa,0xef,0xe5,
  0xf0,0xe2,0xe5,0xed,0xf1,0xf2,0xe2,0xee,0xd,0xa,0xef,0xe5,0xf0,0xe5,0xe4,0xe0,
  0xf2,0xf7,0xe8,0xea,0xd,0xa,0xef,0xe8,0xf1,0xea,0xd,0xa,0xef,0xee,0xf0,0xf7,
  0xe0,0xd,0xa,0xef,0xf0,0xee,0xf1,0xf2,0xf3,0xef,0xee,0xea,0xd,0xa,0xf0,0xe0,
  0xe4,0xe8,0xe0,0xf6,0xe8,0xff,0xd,0xa,0xf0,0xe0,0xe7,0xe3,0xee,0xed,0xd,0xa,
  0xf0,0xe5,0xe7,0xe8,0xe4,0xe5,0xed,0xf2,0xd,0xa,0xf0,0xff,0xe4,0xee,0xe2,0xee,
  0xe9,0xd,0xa,0xf1,0xe3,0xee,0xe2,0xee,0xf0,0xd,0xa,0xf1,0xe8,0xff,0xf2,0xe5,
  0xeb,0xfc,0xf1,0xf2,0xe2,0xee,0xd,0xa,0xf1,0xeb,0xe8,0xe2,0xe0,0xd,0xa,0xf1,
  0xef,0xe5,0xf6,0xd,0xa,0xf1,0xf2,0xf0,0xe0,0xf8,0xe8,0xeb,0xe0,0xd,0xa,0xf2,
  0xf9,0xe5,0xf1,0xeb,0xe0,0xe2,0xe8,0xe5,0xd,0xa,0xf8,0xf3,0xf2,0xed,0xe8,0xea,
  0xd,0xa,0xfe,0xeb,0xe0,0xd,0xa,0xe2,0xee,0xf0,0xee,0xf2,0xed,0xe8,0xf7,0xee,
  0xea,0xd,0xa,0xe3,0xe8,0xec,0xed,0xe0,0xe7,0xe8,0xf1,0xf2,0xd,0xa,0xe3,0xf3,
  0xe1,0xea,0xe0,0xd,0xa,0xe4,0xee,0xeb,0xeb,0xd,0xa,0xe4,0xee,0xf9,0xe5,0xf7,
  0xea,0xe0,0xd,0xa,0xe4,0xf0,0xee,0xe1,0xfc,0xd,0xa,0xeb,0xee,0xe2,0xea,0xee,
  0xf1,0xf2,0xfc,0xd,0xa,0xec,0xe0,0xe2,0xe7,0xee,0xeb,0xe5,0xe9,0xd,0xa,0xef,
  0xe0,0xf1,0xf2,0xe0,0xd,0xa,0xef,0xe5,0xf0,0xe5,0xe3,0xf0,0xf3,0xe7,0xea,0xe0,
  0xd,0xa,0xef,0xe8,0xea,0xe8,0xd,0xa,0xef,0xee,0xe4,0xf1,0xee,0xe7,0xed,0xe0,
  0xed,0xe8,0xe5,0xd,0xa,0xef,0xf0,0xee,0xf2,0xe5,0xe7,0xd,0xa,0xef,0xf0,0xee,
  0xf9,0xe0,0xed,0xfc,0xe5,0xd,0xa,0xf1,0xe5,0xed,0xf1,0xe0,0xf6,0xe8,0xff,0xd,
  0xa,0xf1,0xf3,0xe2,0xe5,0xed,0xe8,0xf0,0xd,0xa,0xf2,0xe0,0xec,0xee,0xe6,0xed,
  0xff,0xd,0xa,0xf2,0xe5,0xf0,0xec,0xee,0xf1,0xd,0xa,0xf2,0xe5,0xf5,0xed,0xe8,
  0xea,0xf3,0xec,0xd,0xa,0xf4,0xeb,0xe0,0xe6,0xee,0xea,0xd,0xa,0xf5,0xe2,0xee,
  0xff,0xd,0xa,0xf8,0xe5,0xe9,0xea,0xd,0xa,0xe1,0xee,0xe1,0xd,0xa,0xe2,0xe0,
  0xeb,0xe5,0xea,0xd,0xa,0xe3,0xf0,0xe5,0xf6,0xe8,0xff,0xd,0xa,0xe4,0xe6,0xf3,
  0xed,0xe3,0xeb,0xe8,0xd,0xa,0xe6,0xe8,0xeb,0xe0,0xd,0xa,0xe7,0xe0,0xef,0xff,
  0xf1,0xf2,0xfc,0xe5,0xd,0xa,0xea,0xf3,0xea,0xf3,0xf0,0xf3,0xe7,0xe0,0xd,0xa,
  0xee,0xe1,0xf5,0xee,0xe4,0xd,0xa,0xef,0xee,0xe4,0xe7,0xe5,0xec,0xe5,0xeb,0xfc,
  0xe5,0xd,0xa,0xef,0xee,0xe5,0xe4,0xe8,0xed,0xee,0xea,0xd,0xa,0xef,0xee,0xeb,
  0xe5,0xed,0xee,0xd,0xa,0xef,0xee,0xeb,0xf3,0xf8,0xf3,0xe1,0xee,0xea,0xd,0xa,
  0xef,0xf0,0xe5,0xe4,0xe0,0xed,0xed,0xee,0xf1,0xf2,0xfc,0xd,0xa,0xf8,0xef,0xe0,
  0xe3,0xe0,0xd,0xa,0xe0,0xe3,0xe8,0xf2,0xef,0xf0,0xee,0xef,0xd,0xa,0xe0,0xf0,
  0xe0,0xf2,0xd,0xa,0xe1,0xe0,0xeb,0xe0,0xf5,0xee,0xed,0xd,0xa,0xe1,0xf3,0xe1,
  0xeb,0xe8,0xea,0xd,0xa,0xe1,0xf3,0xed,0xf2,0xee,0xe2,0xf9,0xe8,0xea,0xd,0xa,
  0xe3,0xee,0xeb,0xf3,0xe1,0xf3,0xf8,0xea,0xe0,0xd,0xa,0xe3,0xee,0xf0,0xe5,0xf1,
  0xf2,0xfc,0xd,0xa,0xe3,0xf0,0xe0,0xe1,0xeb,0xe8,0xd,0xa,0xe4,0xe5,0xf2,0xee,
  0xf7,0xea,0xe0,0xd,0xa,0xe4,0xfb,0xe1,0xe5,0xed,0xea,0xee,0xd,0xa,0xe5,0xf0,
  0xe5,0xec,0xea,0xe8,0xed,0xd,0xa,0xe6,0xe6,0xe5,0xed,0xe8,0xe5,0xd,0xa,0xe7,
  0xe0,0xea,0xee,0xed,0xed,0xee,0xf1,0xf2,0xfc,0xd,0xa,0xe8,0xec,0xe8,0xe4,0xe6,
  0xd,0xa,0xe8,0xed,0xf2,0xf3,0xf0,0xe8,0xf1,0xf2,0xd,0xa,0xea,0xe0,0xec,0xef,
  0xf3,0xf1,0xd,0xa,0xea,0xe0,0xf0,0xe4,0xe8,0xed,0xe0,0xeb,0xd,0xa,0xea,0xe0,
  0xf0,0xf2,0xee,0xf4,0xe5,0xeb,0xe8,0xed,0xe0,0xd,0xa,0xea,0xe0,0xf3,0xf7,0xf3,
  0xea,0xd,0xa,0xea,0xed,0xff,0xe6,0xed,0xe0,0xd,0xa,0xea,0xee,0xe7,0xfb,0xf0,
  0xfc,0xd,0xa,0xea,0xee,0xf0,0xee,0xec,0xfb,0xf1,0xeb,0xee,0xd,0xa,0xea,0xf0,
  0xe0,0xf1,0xed,0xee,0xe3,0xe2,0xe0,0xf0,0xe4,0xe5,0xe5,0xf6,0xd,0xa,0xeb,0xe5,
  0xe3,0xe8,0xee,0xed,0xe5,0xf0,0xd,0xa,0xec,0xee,0xf0,0xe4,0xee,0xf7,0xea,0xe0,
  0xd,0xa,0xed,0xe5,0xec,0xea,0xe0,0xd,0xa,0xed,0xe8,0xf9,0xe8,0xe9,0xd,0xa,
  0xee,0xe0,0xe7,0xe8,0xf1,0xd,0xa,0xee,0xe1,0xee,0xf0,0xee,0xf2,0xe5,0xed,0xfc,
  0xd,0xa,0xee,0xe3,0xeb,0xee,0xe1,0xeb,0xff,0xd,0xa,0xee,0xf0,0xe5,0xee,0xeb,
  0xd,0xa,0xef,0xe0,0xeb,0xe5,0xf1,0xf2,0xe8,0xed,0xe0,0xd,0xa,0xef,0xe5,0xf0,
  0xe5,0xe1,0xee,0xe9,0xd,0xa,0xef,0xe5,0xf0,0xe5,0xea,0xe0,0xf2,0xd,0xa,0xef,
  0xee,0xea,0xf0,0xfb,0xf8,0xea,0xe0,0xd,0xa,0xef,0xee,0xeb,0xee,0xe3,0xd,0xa,
  0xef,0xee,0xf1,0xe5,0xe2,0xd,0xa,0xef,0xee,0xf5,0xeb,0xe5,0xe1,0xea,0xe0,0xd,
  0xa,0xef,0xf0,0xee,0xea,0xeb,0xff,0xf2,0xfc,0xe5,0xd,0xa,0xef,0xf3,0xf2,0xe8,
  0xed,0xe0,0xd,0xa,0xef,0xf3,0xf7,0xe8,0xed,0xe0,0xd,0xa,0xf0,0xe5,0xf8,0xe8,
  0xf2,0xe5,0xeb,0xfc,0xed,0xee,0xf1,0xf2,0xfc,0xd,0xa,0xf0,0xee,0xe7,0xe5,0xf2,
  0xea,0xe0,0xd,0xa,0xf1,0xe5,0xf2,0xf7,0xe0,0xf2,0xea,0xe0,0xd,0xa,0xf1,0xe8,
  0xf0,0xee,0xf2,0xe8,0xed,0xe0,0xd,0xa,0xf1,0xeb,0xfe,0xed,0xe8,0xd,0xa,0xf1,
  0xec,0xe5,0xf2,0xe0,0xd,0xa,0xf1,0xef,0xe8,0xe4,0xd,0xa,0xf1,0xf2,0xe5,0xf7,
  0xe5,0xed,0xe8,0xe5,0xd,0xa,0xf2,0xe5,0xeb,0xe5,0xe7,0xf0,0xe8,0xf2,0xe5,0xeb,
  0xfc,0xd,0xa,0xf2,0xe5,0xeb,0xe5,0xea,0xee,0xec,0xef,0xe0,0xed,0xe8,0xff,0xd,
  0xa,0xf2,0xe8,0xf8,0xfc,0xd,0xa,0xf4,0xe5,0xe4,0xe5,0xf0,0xe0,0xeb,0xe8,0xe7,
  0xec,0xd,0xa,0xf4,0xe8,0xed,0xed,0xe0,0xd,0xa,0xf4,0xf3,0xed,0xea,0xf6,0xe8,
  0xee,0xed,0xe5,0xf0,0xd,0xa,0xf5,0xe8,0xef,0xef,0xe8,0xd,0xa,0xf5,0xee,0xe1,
  0xee,0xf2,0xee,0xea,0xd,0xa,0xf8,0xeb,0xe5,0xe9,0xf4,0xd,0xa,0xe0,0xe1,0xe0,
  0xe6,0xf3,0xf0,0xd,0xa,0xe0,0xf0,0xf5,0xe5,0xee,0xeb,0xee,0xe3,0xd,0xa,0xe3,
  0xe0,0xeb,0xea,0xe8,0xed,0xe0,0xd,0xa,0xe4,0xe0,0xed,0xfc,0xd,0xa,0xe8,0xed,
  0xf6,0xe8,0xe4,0xe5,0xed,0xf2,0xd,0xa,0xea,0xe2,0xe0,0xf0,0xf2,0xe8,0xf0,0xea,
  0xe0,0xd,0xa,0xea,0xe5,0xe4,0xf0,0xd,0xa,0xeb,0xe0,0xed,0xe4,0xe3,0xf0,0xe0,
  0xf4,0xd,0xa,0xeb,0xee,0xe3,0xee,0xe2,0xee,0xd,0xa,0xec,0xe5,0xf1,0xf2,0xee,
  0xf0,0xee,0xe6,0xe4,0xe5,0xed,0xe8,0xe5,0xd,0xa,0xed,0xe5,0xe8,0xe7,0xe2,0xe5,
  0xf1,0xf2,0xed,0xee,0xf1,0xf2,0xfc,0xd,0xa,0xee,0xef,0xee,0xf0,0xd,0xa,0xee,
  0xf1,0xf3,0xe6,0xe4,0xe5,0xed,0xe8,0xe5,0xd,0xa,0xef,0xeb,0xe5,0xf2,0xfc,0xd,
  0xa,0xef,0xf0,0xe8,0xf1,0xeb,0xf3,0xe3,0xe0,0xd,0xa,0xf1,0xe0,0xec,0xe5,0xf6,
  0xd,0xa,0xf1,0xe0,0xec,0xee,0xf7,0xf3,0xe2,0xf1,0xf2,0xe2,0xe8,0xe5,0xd,0xa,
  0xf1,0xe8,0xf4,0xe8,0xeb,0xe8,0xf1,0xd,0xa,0xf1,0xee,0xe7,0xe2,0xe5,0xe7,0xe4,
  0xe8,0xe5,0xd,0xa,0xf1,0xf2,0xee,0xf0,0xee,0xe6,0xee,0xea,0xd,0xa,0xf2,0xff,
  0xe3,0xe0,0xf7,0xd,0xa,0xf4,0xeb,0xe5,0xe9,0xf2,0xe0,0xd,0xa,0xf4,0xeb,0xee,
  0xf0,0xe0,0xd,0xa,0xe0,0xea,0xf3,0xeb,0xe0,0xd,0xa,0xe1,0xe0,0xf0,0xe0,0xf5,
  0xeb,0xee,0xd,0xa,0xe2,0xe7,0xe4,0xee,0xf0,0xd,0xa,0xe2,0xe8,0xeb,0xeb,0xe0,
  0xd,0xa,0xe4,0xf3,0xfd,0xeb,0xfc,0xd,0xa,0xea,0xee,0xec,0xef,0xe0,0xf0,0xf2,
  0xe8,0xff,0xd,0xa,0xea,0xee,0xee,0xef,0xe5,0xf0,0xe0,0xf2,0xe8,0xe2,0xd,0xa,
  0xea,0xf0,0xee,0xea,0xee,0xe4,0xe8,0xeb,0xd,0xa,0xeb,0xee,0xe2,0xeb,0xff,0xd,
  0xa,0xeb,0xfe,0xe1,0xe8,0xec,0xe5,0xf6,0xd,0xa,0xec,0xee,0xed,0xe8,0xf2,0xee,
  0xf0,0xd,0xa,0xee,0xf2,0xe1,0xee,0xe9,0xd,0xa,0xee,0xf2,0xea,0xeb,0xee,0xed,
  0xe5,0xed,0xe8,0xe5,0xd,0xa,0xee,0xf7,0xea,0xe0,0xf0,0xe8,0xea,0xd,0xa,0xf0,
  0xe5,0xe1,0xe5,0xed,0xee,0xf7,0xe5,0xea,0xd,0xa,0xf1,0xe5,0xe4,0xe8,0xed,0xe0,
  0xd,0xa,0xf1,0xec,0xe5,0xf2,0xe0,0xed,0xe0,0xd,0xa,0xf1,0xf2,0xf0,0xe0,0xed,
  0xed,0xe8,0xea,0xd,0xa,0xf3,0xe3,0xee,0xe2,0xee,0xf0,0xd,0xa,0xf3,0xea,0xf0,
  0xfb,0xf2,0xe8,0xe5,0xd,0xa,0xf3,0xf0,0xe0,0xe3,0xe0,0xed,0xd,0xa,0xf4,0xf0,
  0xe0,0xea,0xf6,0xe8,0xff,0xd,0xa,0xe0,0xe1,0xe0,0xea,0xe0,0xed,0xd,0xa,0xe0,
  0xe2,0xf2,0xee,0xec,0xee,0xe1,0xe8,0xeb,0xfc,0xf7,0xe8,0xea,0xd,0xa,0xe0,0xea,
  0xf1,0xe0,0xea,0xe0,0xeb,0xd,0xa,0xe0,0xeb,0xeb,0xe5,0xe9,0xea,0xe0,0xd,0xa,
  0xe0,0xeb,0xeb,0xe5,0xf0,0xe3,0xe5,0xed,0xd,0xa,0xe0,0xf1,0xf1,0xe5,0xed,0xe8,
  0xe7,0xe0,0xf2,0xee,0xf0,0xd,0xa,0xe1,0xe0,0xed,0xea,0xed,0xee,0xf2,0xe0,0xd,
  0xa,0xe1,0xe0,0xf0,0xe0,0xf5,0xee,0xeb,0xea,0xe0,0xd,0xa,0xe1,0xe0,0xf0,0xf0,
  0xe8,0xd,0xa,0xe1,0xe0,0xf1,0xea,0xe5,0xf2,0xe1,0xee,0xeb,0xe8,0xf1,0xf2,0xd,
  0xa,0xe1,0xe0,0xff,0xed,0xe8,0xf1,0xf2,0xd,0xa,0xe1,0xe5,0xf1,0xf2,0xe8,0xff,
  0xd,0xa,0xe1,0xe8,0xe5,0xed,0xe8,0xe5,0xd,0xa,0xe1,0xe8,0xed,0xe4,0xfe,0xe3,
  0xd,0xa,0xe1,0xee,0xe3,0xee,0xf0,0xee,0xe4,0xe8,0xf6,0xe0,0xd,0xa,0xe1,0xf3,
  0xea,0xd,0xa,0xe1,0xf3,0xf0,0xe5,0xe2,0xe5,0xf1,0xf2,0xed,0xe8,0xea,0xd,0xa,
  0xe1,0xf3,0xf5,0xf2,0xee,0xf7,0xea,0xe0,0xd,0xa,0xe1,0xfe,0xf0,0xee,0xea,0xf0,
  0xe0,0xf2,0xe8,0xe7,0xec,0xd,0xa,0xe2,0xe0,0xeb,0xe5,0xf0,0xfc,0xff,0xed,0xe0,
  0xd,0xa,0xe2,0xe5,0xf2,0xea,0xe8,0xed,0xd,0xa,0xe2,0xe8,0xed,0xee,0xe2,0xed,
  0xfb,0xe9,0xd,0xa,0xe2,0xeb,0xfe,0xe1,0xeb,0xe5,0xed,0xed,0xfb,0xe9,0xd,0xa,
  0xe2,0xee,0xe7,0xed,0xe5,0xf1,0xe5,0xed,0xe8,0xe5,0xd,0xa,0xe2,0xee,0xf1,0xef,
  0xf0,0xe8,0xe8,0xec,0xf7,0xe8,0xe2,0xee,0xf1,0xf2,0xfc,0xd,0xa,0xe2,0xf0,0xe5,
  0xec,0xff,0xef,0xf0,0xe5,0xef,0xf0,0xee,0xe2,0xee,0xe6,0xe4,0xe5,0xed,0xe8,0xe5,
  0xd,0xa,0xe2,0xfb,0xe5,0xec,0xea,0xe0,0xd,0xa,0xe2,0xfb,0xef,0xf0,0xff,0xec,
  0xe8,0xf2,0xe5,0xeb,0xfc,0xd,0xa,0xe3,0xe0,0xf0,0xed,0xe8,0xf0,0xd,0xa,0xe3,
  0xe2,0xee,0xe7,0xe4,0xe5,0xf6,0xea,0xe8,0xe9,0xd,0xa,0xe3,0xe5,0xe9,0xf8,0xe0,
  0xd,0xa,0xe3,0xe5,0xed,0xed,0xe0,0xe4,0xfc,0xe5,0xe2,0xe8,0xf7,0xd,0xa,0xe3,
  0xeb,0xe0,0xf8,0xe0,0xf2,0xe0,0xe9,0xd,0xa,0xe3,0xeb,0xee,0xf2,0xd,0xa,0xe3,
  0xeb,0xf3,0xec,0xd,0xa,0xe3,0xf0,0xe0,0xf4,0xe8,0xf2,0xd,0xa,0xe3,0xf3,0xe4,
  0xe5,0xf0,0xec,0xe5,0xf1,0xd,0xa,0xe3,0xf3,0xeb,0xff,0xed,0xe8,0xe5,0xd,0xa,
  0xe4,0xe8,0xea,0xf2,0xee,0xf0,0xf8,0xe0,0xd,0xa,0xe4,0xee,0xe7,0xed,0xe0,0xed,
  0xe8,0xe5,0xd,0xa,0xe4,0xee,0xeb,0xe3,0xee,0xeb,0xe5,0xf2,0xe8,0xe5,0xd,0xa,
  0xe4,0xf0,0xf3,0xe6,0xee,0xf7,0xe5,0xea,0xd,0xa,0xe4,0xfb,0xec,0xee,0xf5,0xee,
  0xe4,0xd,0xa,0xe4,0xfc,0xff,0xea,0xee,0xed,0xd,0xa,0xe5,0xf4,0xe8,0xec,0xee,
  0xe2,0xe0,0xd,0xa,0xe6,0xe0,0xf2,0xe2,0xe0,0xd,0xa,0xe6,0xe8,0xe2,0xf7,0xe8,
  0xea,0xd,0xa,0xe6,0xe8,0xf2,0xee,0xec,0xe8,0xf0,0xd,0xa,0xe7,0xe0,0xea,0xeb,
  0xe0,0xe4,0xd,0xa,0xe7,0xe0,0xeb,0xee,0xe3,0xe8,0xed,0xd,0xa,0xe7,0xe0,0xf0,
  0xf3,0xe1,0xe5,0xe6,0xfc,0xe5,0xd,0xa,0xe7,0xe0,0xf9,0xe5,0xeb,0xea,0xe0,0xd,
  0xa,0xe7,0xe2,0xe5,0xf0,0xf3,0xf8,0xea,0xe0,0xd,0xa,0xe8,0xe6,0xe5,0xd,0xa,
  0xe8,0xe7,0xe3,0xee,0xf2,0xee,0xe2,0xea,0xe0,0xd,0xa,0xe8,0xed,0xf4,0xee,0xf0,
  0xec,0xe0,0xf2,0xee,0xf0,0xd,0xa,0xe8,0xef,0xee,0xf1,0xf2,0xe0,0xf1,0xfc,0xd,
  0xa,0xe8,0xf1,0xea,0xee,0xf0,0xe5,0xed,0xe5,0xed,0xe8,0xe5,0xd,0xa,0xea,0xe0,
  0xe4,0xf3,0xf8,0xea,0xe0,0xd,0xa,0xea,0xe0,0xf1,0xe0,0xed,0xe8,0xe5,0xd,0xa,
  0xea,0xe2,0xe0,0xd,0xa,0xea,0xe8,0xed,0xee,0xee,0xef,0xe5,0xf0,0xe0,0xf2,0xee,
  0xf0,0xd,0xa,0xea,0xee,0xeb,0xee,0xed,0xe8,0xe7,0xe0,0xf2,0xee,0xf0,0xd,0xa,
  0xea,0xee,0xed,0xe2,0xe5,0xed,0xf6,0xe8,0xff,0xd,0xa,0xea,0xee,0xed,0xe4,0xe8,
  0xf2,0xe5,0xf0,0xd,0xa,0xea,0xee,0xf0,0xf0,0xe5,0xea,0xf2,0xe8,0xe2,0xe0,0xd,
  0xa,0xea,0xf0,0xe0,0xe3,0xe0,0xd,0xa,0xea,0xf3,0xeb,0xfc,0xec,0xe8,0xed,0xe0,
  0xf6,0xe8,0xff,0xd,0xa,0xea,0xf3,0xf0,0xe0,0xed,0xf2,0xd,0xa,0xeb,0xe0,0xe4,
  0xf3,0xf8,0xea,0xe0,0xd,0xa,0xeb,0xe0,0xef,0xed,0xe8,0xea,0xd,0xa,0xeb,0xe5,
  0xf2,0xf3,0xf7,0xea,0xe0,0xd,0xa,0xeb,0xe8,0xe2,0xe0,0xed,0xd,0xa,0xeb,0xee,
  0xec,0xea,0xe0,0xd,0xa,0xeb,0xf3,0xea,0xe0,0xe2,0xfb,0xe9,0xd,0xa,0xeb,0xf3,
  0xea,0xee,0xf8,0xea,0xee,0xd,0xa,0xeb,0xfe,0xe1,0xe5,0xf0,0xf6,0xfb,0xd,0xa,
  0xeb,0xfe,0xe1,0xe8,0xf2,0xe5,0xeb,0xfc,0xed,0xe8,0xf6,0xe0,0xd,0xa,0xeb,0xff,
  0xe4,0xd,0xa,0xeb,0xff,0xed,0xd,0xa,0xeb,0xff,0xef,0xd,0xa,0xec,0xe0,0xed,
  0xf2,0xee,0xd,0xa,0xec,0xe0,0xf1,0xeb,0xe5,0xed,0xea,0xe0,0xd,0xa,0xec,0xe0,
  0xf5,0xee,0xe2,0xe8,0xea,0xd,0xa,0xec,0xe8,0xea,0xf0,0xee,0xf4,0xeb,0xee,0xf0,
  0xe0,0xd,0xa,0xec,0xee,0xf0,0xee,0xea,0xd,0xa,0xec,0xee,0xf0,0xf4,0xe8,0xed,
  0xd,0xa,0xed,0xe0,0xe1,0xee,0xe1,0xd,0xa,0xed,0xe0,0xe2,0xe0,0xf0,0xd,0xa,
  0xed,0xe0,0xe7,0xf3,0xe1,0xee,0xea,0xd,0xa,0xed,0xe0,0xf0,0xe5,0xf7,0xe8,0xe5,
  0xd,0xa,0xed,0xe5,0xe4,0xee,0xf1,0xf2,0xe0,0xf7,0xe0,0xd,0xa,0xed,0xe5,0xe6,
  0xe8,0xf2,0xfc,0xd,0xa,0xed,0xe5,0xed,0xf3,0xe6,0xed,0xee,0xf1,0xf2,0xfc,0xd,
  0xa,0xed,0xe5,0xee,0xe1,0xfb,0xf7,0xed,0xee,0xf1,0xf2,0xfc,0xd,0xa,0xed,0xe8,
  0xe6,0xe5,0xe3,0xee,0xf0,0xee,0xe4,0xe5,0xf6,0xd,0xa,0xed,0xe8,0xea,0xe0,0xed,
  0xe4,0xf0,0xee,0xe2,0xd,0xa,0xed,0xfb,0xf2,0xfc,0xe5,0xd,0xa,0xee,0xe1,0xe3,
  0xee,0xed,0xd,0xa,0xee,0xe1,0xf5,0xee,0xe4,0xf7,0xe8,0xea,0xd,0xa,0xee,0xe4,
  0xe5,0xe6,0xee,0xed,0xea,0xe0,0xd,0xa,0xee,0xe4,0xe5,0xf1,0xf1,0xe8,0xf2,0xd,
  0xa,0xee,0xed,0xe5,0xec,0xe5,0xed,0xe8,0xe5,0xd,0xa,0xee,0xf1,0xea,0xee,0xec,
  0xe8,0xed,0xe0,0xd,0xa,0xee,0xf1,0xf2,0xf0,0xe0,0xf1,0xf2,0xea,0xe0,0xd,0xa,
  0xee,0xf2,0xea,0xf0,0xfb,0xe2,0xe0,0xf2,0xe5,0xeb,0xfc,0xd,0xa,0xee,0xf2,0xf0,
  0xe5,0xe7,0xd,0xa,0xee,0xf2,0xf2,0xee,0xf0,0xe6,0xe5,0xed,0xe8,0xe5,0xd,0xa,
  0xef,0xe0,0xf0,0xe0,0xe1,0xe5,0xeb,0xeb,0xf3,0xec,0xd,0xa,0xef,0xe0,0xf0,0xf2,
  0xe8,0xe9,0xed,0xee,0xf1,0xf2,0xfc,0xd,0xa,0xef,0xe5,0xeb,0xe8,0xea,0xe0,0xed,
  0xd,0xa,0xef,0xe5,0xed,0xea,0xe0,0xd,0xa,0xef,0xe5,0xed,0xfc,0xea,0xe0,0xd,
  0xa,0xef,0xe5,0xf0,0xe2,0xee,0xe3,0xee,0xe4,0xee,0xea,0xd,0xa,0xef,0xe5,0xf0,
  0xe5,0xee,0xf5,0xeb,0xe0,0xe6,0xe4,0xe5,0xed,0xe8,0xe5,0xd,0xa,0xef,0xe5,0xf0,
  0xe5,0xf8,0xe5,0xe5,0xea,0xd,0xa,0xef,0xe5,0xf2,0xe5,0xeb,0xfc,0xea,0xe0,0xd,
  0xa,0xef,0xe5,0xf2,0xf0,0xee,0xef,0xe0,0xe2,0xeb,0xee,0xe2,0xea,0xe0,0xd,0xa,
  0xef,0xee,0xe3,0xe0,0xf8,0xe5,0xed,0xe8,0xe5,0xd,0xa,0xef,0xee,0xe4,0xec,0xe5,
  0xed,0xe0,0xd,0xa,0xef,0xee,0xe4,0xef,0xf0,0xf3,0xe3,0xe0,0xd,0xa,0xef,0xee,
  0xe4,0xf0,0xe5,0xe1,0xe5,0xf0,0xfc,0xe5,0xd,0xa,0xef,0xee,0xe4,0xf1,0xed,0xe5,
  0xe6,0xed,0xe8,0xea,0xd,0xa,0xef,0xee,0xe4,0xf1,0xee,0xe1,0xea,0xe0,0xd,0xa,
  0xef,0xee,0xea,0xee,0xf0,0xe8,0xf2,0xe5,0xeb,0xfc,0xd,0xa,0xef,0xee,0xeb,0xee,
  0xf2,0xe5,0xf0,0xd,0xa,0xef,0xee,0xeb,0xf3,0xf7,0xe0,0xf2,0xe5,0xeb,0xfc,0xd,
  0xa,0xef,0xee,0xf1,0xe5,0xf2,0xe8,0xf2,0xe5,0xeb,0xfc,0xed,0xe8,0xf6,0xe0,0xd,
  0xa,0xef,0xee,0xf1,0xf2,0xe0,0xed,0xee,0xe2,0xf9,0xe8,0xea,0xd,0xa,0xef,0xf0,
  0xe5,0xf1,0xe5,0xf7,0xe5,0xed,0xe8,0xe5,0xd,0xa,0xef,0xf0,0xe8,0xe2,0xf0,0xe0,
  0xf2,0xed,0xe8,0xea,0xd,0xa,0xef,0xf0,0xe8,0xf2,0xe2,0xee,0xf0,0xf1,0xf2,0xe2,
  0xee,0xd,0xa,0xef,0xf0,0xee,0xe2,0xe8,0xed,0xed,0xee,0xf1,0xf2,0xfc,0xd,0xa,
  0xef,0xf0,0xee,0xea,0xeb,0xe0,0xec,0xe0,0xf6,0xe8,0xff,0xd,0xa,0xef,0xf0,0xee,
  0xea,0xee,0xf0,0xec,0xd,0xa,0xef,0xf0,0xee,0xec,0xee,0xe8,0xed,0xe0,0xd,0xa,
  0xef,0xf0,0xee,0xf2,0xe5,0xe6,0xe5,0xd,0xa,0xef,0xf0,0xee,0xf2,0xee,0xef,0xeb,
  0xe0,0xe7,0xec,0xe0,0xd,0xa,0xef,0xf0,0xff,0xed,0xee,0xf1,0xf2,0xfc,0xd,0xa,
  0xf0,0xe0,0xe7,0xe2,0xee,0xe4,0xff,0xf9,0xe8,0xe9,0xd,0xa,0xf0,0xe0,0xe7,0xf3,
  0xec,0xed,0xee,0xf1,0xf2,0xfc,0xd,0xa,0xf0,0xe0,0xf1,0xea,0xee,0xeb,0xfc,0xed,
  0xe8,0xea,0xd,0xa,0xf0,0xe0,0xf1,0xf1,0xe5,0xeb,0xe8,0xed,0xe0,0xd,0xa,0xf0,
  0xe5,0xe2,0xed,0xe8,0xf2,0xe5,0xeb,0xfc,0xd,0xa,0xf0,0xe5,0xe3,0xf3,0xeb,0xff,
  0xf6,0xe8,0xff,0xd,0xa,0xf0,0xe5,0xe9,0xd,0xa,0xf0,0xe5,0xef,0xe5,0xe9,0xd,
  0xa,0xf0,0xe8,0xf2,0xee,0xf0,0xe8,0xea,0xe0,0xd,0xa,0xf0,0xee,0xe4,0xed,0xe8,
  0xf7,0xee,0xea,0xd,0xa,0xf1,0xe0,0xec,0xee,0xf3,0xf7,0xea,0xe0,0xd,0xa,0xf1,
  0xe0,0xf0,0xe4,0xe5,0xeb,0xfc,0xea,0xe0,0xd,0xa,0xf1,0xe5,0xe4,0xee,0xea,0xd,
  0xa,0xf1,0xe5,0xec,0xe3,0xe0,0xd,0xa,0xf1,0xe8,0xeb,0xe8,0xed,0xd,0xa,0xf1,
  0xe8,0xec,0xf4,0xe5,0xf0,0xee,0xef,0xee,0xeb,0xfc,0xd,0xa,0xf1,0xea,0xeb,0xe8,
  0xf4,0xee,0xf1,0xee,0xe2,0xf1,0xea,0xe8,0xe9,0xd,0xa,0xf1,0xea,0xf0,0xe5,0xef,
  0xea,0xe0,0xd,0xa,0xf1,0xeb,0xe8,0xe7,0xed,0xff,0xea,0xd,0xa,0xf1,0xeb,0xf3,
  0xe6,0xea,0xe0,0xd,0xa,0xf1,0xee,0xe1,0xe0,0xf7,0xee,0xed,0xea,0xe0,0xd,0xa,
  0xf1,0xef,0xe5,0xf0,0xec,0xe0,0xf2,0xee,0xe7,0xee,0xe8,0xe4,0xd,0xa,0xf1,0xf0,
  0xe5,0xe4,0xee,0xf2,0xee,0xf7,0xe8,0xe5,0xd,0xa,0xf1,0xf2,0xe5,0xf2,0xee,0xf1,
  0xea,0xee,0xef,0xd,0xa,0xf1,0xf2,0xee,0xe6,0xe0,0xf0,0xd,0xa,0xf1,0xf2,0xf0,
  0xe5,0xea,0xee,0xf2,0xd,0xa,0xf2,0xe0,0xe1,0xe5,0xeb,0xfc,0xd,0xa,0xf2,0xe5,
  0xec,0xff,0xd,0xa,0xf2,0xe8,0xf2,0xf0,0xd,0xa,0xf2,0xeb,0xe5,0xed,0xd,0xa,
  0xf2,0xee,0xe9,0xee,0xf2,0xe0,0xd,0xa,0xf2,0xf0,0xe0,0xec,0xef,0xeb,0xe8,0xed,
  0xd,0xa,0xf2,0xf0,0xe5,0xe2,0xee,0xe6,0xed,0xee,0xf1,0xf2,0xfc,0xd,0xa,0xf2,
  0xf0,0xee,0xef,0xe8,0xea,0xd,0xa,0xf2,0xf3,0xf0,0xed,0xe8,0xea,0xd,0xa,0xf3,
  0xe2,0xe5,0xf9,0xe5,0xe2,0xe0,0xed,0xe8,0xe5,0xd,0xa,0xf4,0xe0,0xed,0xe7,0xe0,
  0xd,0xa,0xf4,0xe5,0xee,0xe4,0xe0,0xeb,0xd,0xa,0xf4,0xf3,0xf0,0xf8,0xe5,0xf2,
  0xd,0xa,0xf5,0xe0,0xed,0xe4,0xf0,0xe0,0xd,0xa,0xf5,0xe2,0xee,0xf0,0xfc,0xd,
  0xa,0xf6,0xe8,0xf2,0xe0,0xe4,0xe5,0xeb,0xfc,0xd,0xa,0xf7,0xe5,0xf2,0xe2,0xe5,
  0xf0,0xee,0xf1,0xf2,0xe8,0xf8,0xe8,0xe5,0xd,0xa,0xf8,0xe5,0xeb,0xeb,0xe0,0xea,
  0xd,0xa,0xf8,0xeb,0xfe,0xe7,0xd,0xa,0xfd,0xea,0xe7,0xe0,0xf0,0xf5,0xd,0xa,
  0xfd,0xea,0xf1,0xef,0xee,0xf0,0xf2,0xe5,0xf0,0xd,0xa,0xfd,0xeb,0xe5,0xe2,0xe0,
  0xf2,0xee,0xf0,0xd,0xa,0xfd,0xf0,0xee,0xf2,0xe8,0xea,0xe0,0xd,0xa,0xfd,0xf0,
  0xf3,0xe4,0xe8,0xf2,0xd,0xa,0xfd,0xf1,0xea,0xe8,0xec,0xee,0xd,0xa,0xff,0xe7,
  0xfb,0xf7,0xed,0xe8,0xea,0xd,0xa,0xff,0xea,0xf3,0xf2,0xe8,0xff,0xd,0xa,0xe0,
  0xef,0xe0,0xf0,0xf2,0xe0,0xec,0xe5,0xed,0xf2,0xd,0xa,0xe0,0xf0,0xec,0xff,0xed,
  0xe8,0xed,0xd,0xa,0xe1,0xe8,0xf0,0xe6,0xe0,0xd,0xa,0xe1,0xee,0xff,0xf0,0xe8,
  0xed,0xd,0xa,0xe1,0xf0,0xee,0xf8,0xfe,0xf0,0xe0,0xd,0xa,0xe1,0xf3,0xe3,0xee,
  0xf0,0xee,0xea,0xd,0xa,0xe2,0xfb,0xef,0xe0,0xe4,0xd,0xa,0xe4,0xe8,0xed,0xe0,
  0xf1,0xf2,0xe8,0xff,0xd,0xa,0xe4,0xf3,0xf5,0xee,0xf2,0xe0,0xd,0xa,0xe5,0xe2,
  0xf0,0xe5,0xe9,0xea,0xe0,0xd,0xa,0xe7,0xed,0xe0,0xf7,0xe8,0xec,0xee,0xf1,0xf2,
  0xfc,0xd,0xa,0xe8,0xed,0xe4,0xf3,0xf1,0xf2,0xf0,0xe8,0xff,0xd,0xa,0xea,0xe5,
  0xe9,0xf1,0xd,0xa,0xea,0xee,0xec,0xee,0xe4,0xd,0xa,0xea,0xee,0xfd,0xf4,0xf4,
  0xe8,0xf6,0xe8,0xe5,0xed,0xf2,0xd,0xa,0xea,0xf3,0xe4,0xf0,0xe8,0xd,0xa,0xea,
  0xf3,0xf0,0xe5,0xed,0xe8,0xe5,0xd,0xa,0xec,0xe0,0xed,0xe5,0xe6,0xd,0xa,0xec,
  0xe0,0xf0,0xf2,0xfb,0xed,0xd,0xa,0xec,0xee,0xed,0xee,0xef,0xee,0xeb,0xe8,0xff,
  0xd,0xa,0xec,0xfd,0xf0,0xe8,0xd,0xa,0xed,0xe0,0xf6,0xe8,0xee,0xed,0xe0,0xeb,
  0xe8,0xf1,0xf2,0xd,0xa,0xee,0xe3,0xe0,0xf0,0xea,0xee,0xe2,0xd,0xa,0xee,0xf1,
  0xe2,0xee,0xe5,0xed,0xe8,0xe5,0xd,0xa,0xee,0xf1,0xe8,0xed,0xe0,0xd,0xa,0xef,
  0xee,0xef,0xee,0xeb,0xed,0xe5,0xed,0xe8,0xe5,0xd,0xa,0xef,0xee,0xf0,0xf2,0xfc,
  0xe5,0xf0,0xe0,0xd,0xa,0xef,0xf0,0xe5,0xe2,0xee,0xf1,0xf5,0xee,0xe4,0xe8,0xf2,
  0xe5,0xeb,0xfc,0xf1,0xf2,0xe2,0xee,0xd,0xa,0xef,0xf0,0xe5,0xe4,0xed,0xe0,0xe7,
  0xed,0xe0,0xf7,0xe5,0xed,0xe8,0xe5,0xd,0xa,0xf0,0xe5,0xe9,0xe4,0xd,0xa,0xf1,
  0xe0,0xec,0xee,0xf1,0xf2,0xee,0xff,0xf2,0xe5,0xeb,0xfc,0xed,0xee,0xf1,0xf2,0xfc,
  0xd,0xa,0xf1,0xed,0xee,0xe2,0xe8,0xe4,0xe5,0xed,0xe8,0xe5,0xd,0xa,0xf1,0xee,
  0xef,0xeb,0xff,0xea,0xd,0xa,0xf1,0xf2,0xe0,0xf6,0xe8,0xee,0xed,0xe0,0xf0,0xd,
  0xa,0xf2,0xe5,0xf0,0xec,0xe8,0xed,0xee,0xeb,0xee,0xe3,0xe8,0xff,0xd,0xa,0xf2,
  0xf0,0xe0,0xed,0xf1,0xef,0xee,0xf0,0xf2,0xe8,0xf0,0xee,0xe2,0xea,0xe0,0xd,0xa,
  0xf2,0xf0,0xe8,0xe1,0xf3,0xed,0xd,0xa,0xf4,0xeb,0xe5,0xf0,0xd,0xa,0xf4,0xf0,
  0xe0,0xf3,0xd,0xa,0xf8,0xec,0xe5,0xeb,0xfc,0xd,0xa,0xe0,0xe1,0xee,0xf0,0xf2,
  0xd,0xa,0xe2,0xee,0xe4,0xee,0xf0,0xee,0xe4,0xd,0xa,0xe2,0xee,0xe7,0xd,0xa,
  0xe3,0xee,0xeb,0xee,0xf1,0xee,0xea,0xd,0xa,0xe3,0xf0,0xe0,0xe6,0xe4,0xe0,0xed,
  0xea,0xe0,0xd,0xa,0xe4,0xe2,0xee,0xe9,0xea,0xe0,0xd,0xa,0xe4,0xe5,0xef,0xee,
  0xd,0xa,0xe6,0xe8,0xe3,0xf3,0xeb,0xe8,0xd,0xa,0xea,0xeb,0xee,0xef,0xd,0xa,
  0xea,0xee,0xed,0xf6,0xeb,0xe0,0xe3,0xe5,0xf0,0xfc,0xd,0xa,0xeb,0xe5,0xea,0xe0,
  0xf0,0xfc,0xd,0xa,0xec,0xe5,0xed,0xfe,0xd,0xa,0xec,0xe8,0xeb,0xee,0xf1,0xe5,
  0xf0,0xe4,0xe8,0xe5,0xd,0xa,0xef,0xee,0xeb,0xf3,0xec,0xf0,0xe0,0xea,0xd,0xa,
  0xef,0xf0,0xe5,0xe3,0xf0,0xe0,0xe4,0xe0,0xd,0xa,0xf2,0xe5,0xec,0xef,0xe5,0xf0,
  0xe0,0xec,0xe5,0xed,0xf2,0xd,0xa,0xf2,0xf0,0xe5,0xef,0xe5,0xf2,0xd,0xa,0xe2,
  0xee,0xe7,0xf0,0xe0,0xe6,0xe5,0xed,0xe8,0xe5,0xd,0xa,0xe4,0xe6,0xe8,0xef,0xd,
  0xa,0xe6,0xee,0xef,0xe0,0xd,0xa,0xe7,0xe0,0xe1,0xeb,0xf3,0xe6,0xe4,0xe5,0xed,
  0xe8,0xe5,0xd,0xa,0xea,0xee,0xed,0xe5,0xea,0xd,0xa,0xea,0xee,0xed,0xf6,0xe5,
  0xed,0xf2,0xf0,0xe0,0xf6,0xe8,0xff,0xd,0xa,0xeb,0xfe,0xf1,0xf2,0xf0,0xe0,0xd,
  0xa,0xec,0xee,0xf5,0xd,0xa,0xee,0xf0,0xe8,0xe3,0xe8,0xed,0xe0,0xeb,0xd,0xa,
  0xf0,0xe0,0xef,0xee,0xf0,0xf2,0xd,0xa,0xf1,0xf3,0xeb,0xf2,0xe0,0xed,0xd,0xa,
  0xf2,0xe5,0xf2,0xf0,0xe0,0xe4,0xea,0xe0,0xd,0xa,0xf8,0xee,0xea,0xee,0xeb,0xe0,
  0xe4,0xd,0xa,0xe0,0xed,0xf2,0xf0,0xe5,0xf1,0xee,0xeb,0xfc,0xd,0xa,0xe1,0xe0,
  0xf3,0xeb,0xe8,0xed,0xe0,0xd,0xa,0xe2,0xf1,0xff,0xf7,0xe8,0xed,0xe0,0xd,0xa,
  0xe2,0xfb,0xea,0xeb,0xe0,0xe4,0xea,0xe0,0xd,0xa,0xe3,0xe5,0xef,0xe0,0xf0,0xe4,
  0xd,0xa,0xe3,0xeb,0xf3,0xef,0xe5,0xf6,0xd,0xa,0xe3,0xee,0xeb,0xe5,0xed,0xfc,
  0xd,0xa,0xe3,0xf0,0xe0,0xec,0xee,0xf2,0xe5,0xe9,0xd,0xa,0xe4,0xe2,0xe5,0xf0,
  0xea,0xe0,0xd,0xa,0xe4,0xe2,0xf3,0xf1,0xf2,0xe2,0xee,0xeb,0xea,0xe0,0xd,0xa,
  0xe5,0xed,0xee,0xf2,0xd,0xa,0xe7,0xe0,0xe3,0xf0,0xe0,0xe6,0xe4,0xe5,0xed,0xe8,
  0xe5,0xd,0xa,0xe7,0xe0,0xec,0xe8,0xed,0xea,0xe0,0xd,0xa,0xe7,0xe0,0xed,0xee,
  0xe7,0xe0,0xd,0xa,0xe7,0xe0,0xef,0xe0,0xeb,0xd,0xa,0xe8,0xe7,0xf0,0xe5,0xf7,
  0xe5,0xed,0xe8,0xe5,0xd,0xa,0xe8,0xec,0xe5,0xed,0xe8,0xed,0xed,0xe8,0xea,0xd,
  0xa,0xea,0xe0,0xe4,0xe5,0xf2,0xd,0xa,0xea,0xe0,0xf0,0xe8,0xea,0xe0,0xf2,0xf3,
  0xf0,0xe0,0xd,0xa,0xea,0xe0,0xf1,0xf2,0xe0,0xd,0xa,0xea,0xeb,0xe0,0xe4,0xea,
  0xe0,0xd,0xa,0xea,0xee,0xec,0xef,0xe5,0xf2,0xe5,0xed,0xf6,0xe8,0xff,0xd,0xa,
  0xea,0xee,0xef,0xe0,0xeb,0xd,0xa,0xea,0xee,0xf0,0xec,0xf3,0xf8,0xea,0xe0,0xd,
  0xa,0xea,0xf0,0xe5,0xef,0xeb,0xe5,0xed,0xe8,0xe5,0xd,0xa,0xeb,0xe0,0xe7,0xe5,
  0xf0,0xd,0xa,0xeb,0xe5,0xee,0xd,0xa,0xec,0xe0,0xf0,0xeb,0xff,0xd,0xa,0xec,
  0xe5,0xe4,0xeb,0xe8,0xf2,0xe5,0xeb,0xfc,0xed,0xee,0xf1,0xf2,0xfc,0xd,0xa,0xec,
  0xe5,0xed,0xe8,0xed,0xe3,0xe8,0xf2,0xd,0xa,0xec,0xe5,0xf2,0xf0,0xee,0xef,0xee,
  0xeb,0xe8,0xf2,0xe5,0xed,0xd,0xa,0xec,0xe8,0xec,0xe8,0xea,0xe0,0xd,0xa,0xec,
  0xed,0xee,0xe3,0xee,0xee,0xe1,0xf0,0xe0,0xe7,0xe8,0xe5,0xd,0xa,0xed,0xe0,0xea,
  0xe0,0xeb,0xd,0xa,0xed,0xe0,0xea,0xee,0xeb,0xea,0xe0,0xd,0xa,0xed,0xe0,0xeb,
  0xee,0xe6,0xe5,0xed,0xe8,0xe5,0xd,0xa,0xed,0xe5,0xf2,0xee,0xf7,0xed,0xee,0xf1,
  0xf2,0xfc,0xd,0xa,0xed,0xee,0xe2,0xee,0xf1,0xf2,0xf0,0xee,0xe9,0xea,0xe0,0xd,
  0xa,0xed,0xee,0xf0,0xea,0xe0,0xd,0xa,0xed,0xfd,0xef,0xec,0xe0,0xed,0xd,0xa,
  0xee,0xe7,0xe0,0xf0,0xe5,0xed,0xe8,0xe5,0xd,0xa,0xee,0xea,0xe8,0xf1,0xeb,0xe5,
  0xed,0xe8,0xe5,0xd,0xa,0xee,0xef,0xee,0xeb,0xf7,0xe5,0xed,0xe5,0xf6,0xd,0xa,
  0xee,0xf1,0xe0,0xed,0xea,0xe0,0xd,0xa,0xee,0xf1,0xee,0xe1,0xed,0xff,0xf7,0xee,
  0xea,0xd,0xa,0xee,0xf2,0xe2,0xee,0xe4,0xd,0xa,0xef,0xe5,0xf0,0xe5,0xed,0xee,
  0xf1,0xd,0xa,0xef,0xe5,0xf0,0xe8,0xf4,0xe5,0xf0,0xe8,0xff,0xd,0xa,0xef,0xe5,
  0xf0,0xf1,0xf2,0xd,0xa,0xef,0xee,0xe4,0xf3,0xf8,0xe5,0xf7,0xea,0xe0,0xd,0xa,
  0xef,0xee,0xea,0xee,0xf1,0xd,0xa,0xef,0xee,0xeb,0xee,0xe2,0xe8,0xea,0xd,0xa,
  0xef,0xee,0xeb,0xf3,0xea,0xe0,0xf0,0xee,0xe2,0xd,0xa,0xef,0xee,0xf2,0xf0,0xee,
  0xf5,0xe0,0xd,0xa,0xef,0xf0,0xee,0xeb,0xe5,0xf2,0xea,0xe0,0xd,0xa,0xef,0xf0,
  0xee,0xf0,0xe5,0xe7,0xfc,0xd,0xa,0xef,0xfb,0xeb,0xfc,0xf6,0xe0,0xd,0xa,0xf1,
  0xe0,0xec,0xee,0xe7,0xe2,0xe0,0xed,0xe5,0xf6,0xd,0xa,0xf1,0xe8,0xed,0xfc,0xd,
  0xa,0xf1,0xed,0xe5,0xe3,0xf3,0xf0,0xee,0xf7,0xea,0xe0,0xd,0xa,0xf1,0xee,0xe3,
  0xf0,0xe0,0xe6,0xe4,0xe0,0xed,0xe8,0xed,0xd,0xa,0xf1,0xef,0xd,0xa,0xf2,0xf3,
  0xf0,0xe1,0xe8,0xed,0xe0,0xd,0xa,0xf3,0xe1,0xe5,0xe6,0xe4,0xe5,0xed,0xed,0xee,
  0xf1,0xf2,0xfc,0xd,0xa,0xf3,0xf1,0xec,0xee,0xf2,0xf0,0xe5,0xed,0xe8,0xe5,0xd,
  0xa,0xf4,0xe0,0xed,0xf2,0xee,0xec,0xd,0xa,0xf4,0xe5,0xeb,0xfc,0xe4,0xf8,0xe5,
  0xf0,0xe8,0xf6,0xe0,0xd,0xa,0xf4,0xe8,0xf2,0xe8,0xeb,0xfc,0xd,0xa,0xf5,0xeb,
  0xe5,0xe1,0xed,0xe8,0xea,0xd,0xa,0xf5,0xee,0xe4,0xf3,0xed,0xd,0xa,0xf5,0xee,
  0xec,0xff,0xea,0xd,0xa,0xf7,0xe5,0xf0,0xe5,0xef,0xe8,0xf6,0xe0,0xd,0xa,0xf8,
  0xe8,0xf4,0xf0,0xee,0xe2,0xea,0xe0,0xd,0xa,0xf8,0xec,0xee,0xf2,0xea,0xe8,0xd,
  0xa,0xf9,0xe5,0xe4,0xf0,0xe8,0xed,0xe0,0xd,0xa,0xfd,0xe9,0xf4,0xee,0xf0,0xe8,
  0xff,0xd,0xa,0xfd,0xec,0xe0,0xeb,0xfc,0xd,0xa,0xfd,0xef,0xe8,0xe3,0xf0,0xe0,
  0xf4,0xd,0xa,0xff,0xeb,0xf2,0xe0,0xd,0xa,0xe2,0xe5,0xf0,0xe3,0xe0,0xf1,0xee,
  0xe2,0xd,0xa,0xe3,0xf0,0xf3,0xed,0xf2,0xd,0xa,0xe8,0xf1,0xf2,0xe5,0xf0,0xe8,
  0xea,0xe0,0xd,0xa,0xea,0xe0,0xe7,0xe8,0xed,0xee,0xd,0xa,0xea,0xe0,0xef,0xee,
  0xf2,0xd,0xa,0xea,0xe8,0xeb,0xeb,0xe5,0xf0,0xd,0xa,0xea,0xee,0xed,0xe4,0xee,
  0xf0,0xd,0xa,0xea,0xf0,0xe5,0xf1,0xf2,0xe8,0xea,0xd,0xa,0xeb,0xe0,0xf3,0xf0,
  0xe5,0xe0,0xf2,0xd,0xa,0xed,0xe0,0xe3,0xeb,0xee,0xf1,0xf2,0xfc,0xd,0xa,0xee,
  0xef,0xee,0xe7,0xe4,0xe0,0xed,0xe8,0xe5,0xd,0xa,0xef,0xe0,0xed,0xee,0xf0,0xe0,
  0xec,0xe0,0xd,0xa,0xef,0xe0,0xf0,0xf2,0xe8,0xe9,0xed,0xfb,0xe9,0xd,0xa,0xef,
  0xe5,0xf0,0xe5,0xe4,0xfb,0xf8,0xea,0xe0,0xd,0xa,0xef,0xe5,0xf2,0xf3,0xf8,0xee,
  0xea,0xd,0xa,0xf2,0xf0,0xee,0xe8,0xf6,0xe0,0xd,0xa,0xf3,0xed,0xe8,0xf2,0xe0,
  0xe7,0xd,0xa,0xf3,0xef,0xf0,0xff,0xec,0xf1,0xf2,0xe2,0xee,0xd,0xa,0xf3,0xf8,
  0xe0,0xed,0xea,0xe0,0xd,0xa,0xf6,0xfb,0xef,0xeb,0xe5,0xed,0xee,0xea,0xd,0xa,
  0xe1,0xe0,0xf2,0xee,0xed,0xd,0xa,0xe1,0xee,0xf0,0xe5,0xf6,0xd,0xa,0xe2,0xeb,
  0xe0,0xe3,0xe0,0xd,0xa,0xe3,0xee,0xf0,0xeb,0xfb,0xf8,0xea,0xee,0xd,0xa,0xe3,
  0xf0,0xf3,0xe7,0xe8,0xff,0xd,0xa,0xea,0xe0,0xe7,0xed,0xe0,0xd,0xa,0xea,0xee,
  0xf0,0xee,0xed,0xe0,0xd,0xa,0xea,0xee,0xf2,0xeb,0xe5,0xf2,0xe0,0xd,0xa,0xec,
  0xe0,0xf4,0xe8,0xff,0xd,0xa,0xed,0xee,0xe6,0xe8,0xea,0xd,0xa,0xee,0xe4,0xe5,
  0xea,0xee,0xeb,0xee,0xed,0xd,0xa,0xef,0xf0,0xe5,0xe4,0xe8,0xf1,0xeb,0xee,0xe2,
  0xe8,0xe5,0xd,0xa,0xef,0xf0,0xee,0xec,0xe5,0xe6,0xf3,0xf2,0xee,0xea,0xd,0xa,
  0xf1,0xeb,0xee,0xe2,0xe5,0xf7,0xea,0xee,0xd,0xa,0xf1,0xed,0xe0,0xe9,0xef,0xe5,
  0xf0,0xd,0xa,0xf2,0xe0,0xf2,0xe0,0xf0,0xe8,0xed,0xd,0xa,0xf2,0xe5,0xef,0xeb,
  0xee,0xf5,0xee,0xe4,0xd,0xa,0xf4,0xf0,0xee,0xed,0xf2,0xee,0xe2,0xe8,0xea,0xd,
  0xa,0xe0,0xed,0xe0,0xeb,0xe8,0xf2,0xe8,0xea,0xe0,0xd,0xa,0xe0,0xed,0xe0,0xf0,
  0xf5,0xe8,0xff,0xd,0xa,0xe0,0xf0,0xe1,0xe8,0xf2,0xf0,0xd,0xa,0xe1,0xe0,0xf0,
  0xe1,0xee,0xf1,0xd,0xa,0xe1,0xe5,0xe3,0xf3,0xed,0xd,0xa,0xe1,0xe5,0xe7,0xe7,
  0xe0,0xea,0xee,0xed,0xe8,0xe5,0xd,0xa,0xe1,0xe5,0xe7,0xed,0xe0,0xea,0xe0,0xe7,
  0xe0,0xed,0xed,0xee,0xf1,0xf2,0xfc,0xd,0xa,0xe1,0xf0,0xf3,0xf1,0xed,0xe8,0xea,
  0xe0,0xd,0xa,0xe1,0xf3,0xe4,0xe4,0xe8,0xe7,0xec,0xd,0xa,0xe2,0xe0,0xea,0xf6,
  0xe8,0xed,0xe0,0xd,0xa,0xe2,0xe5,0xeb,0xe5,0xed,0xe8,0xe5,0xd,0xa,0xe2,0xe5,
  0xf2,0xee,0xf8,0xfc,0xd,0xa,0xe2,0xe7,0xe0,0xe8,0xec,0xed,0xee,0xf1,0xf2,0xfc,
  0xd,0xa,0xe2,0xf0,0xe0,0xeb,0xfc,0xd,0xa,0xe2,0xf0,0xe5,0xe4,0xe8,0xf2,0xe5,
  0xeb,0xfc,0xf1,0xf2,0xe2,0xee,0xd,0xa,0xe2,0xfb,0xf7,0xe8,0xf1,0xeb,0xe5,0xed,
  0xe8,0xe5,0xd,0xa,0xe3,0xeb,0xee,0xf2,0xe0,0xed,0xe8,0xe5,0xd,0xa,0xe3,0xee,
  0xed,0xee,0xf0,0xd,0xa,0xe3,0xee,0xed,0xee,0xf0,0xe5,0xff,0xd,0xa,0xe3,0xee,
  0xf0,0xe5,0xed,0xe8,0xe5,0xd,0xa,0xe3,0xf0,0xe0,0xec,0xe7,0xe0,0xef,0xe8,0xf1,
  0xfc,0xd,0xa,0xe4,0xe2,0xee,0xf0,0xed,0xff,0xe3,0xe0,0xd,0xa,0xe4,0xee,0xf5,
  0xee,0xe4,0xff,0xe3,0xe0,0xd,0xa,0xe4,0xee,0xff,0xf0,0xea,0xe0,0xd,0xa,0xe4,
  0xf0,0xee,0xe6,0xe6,0xe8,0xd,0xa,0xe4,0xf3,0xf5,0xee,0xe2,0xe5,0xed,0xf1,0xf2,
  0xe2,0xee,0xd,0xa,0xe6,0xe5,0xf1,0xf2,0xea,0xee,0xf1,0xf2,0xfc,0xd,0xa,0xe7,
  0xed,0xe0,0xec,0xe5,0xed,0xe8,0xe5,0xd,0xa,0xe8,0xe2,0xe0,0xed,0xf7,0xe5,0xed,
  0xea,0xee,0xd,0xa,0xe8,0xe7,0xe2,0xe5,0xf1,0xf2,0xea,0xe0,0xd,0xa,0xe8,0xf1,
  0xef,0xf0,0xe0,0xe6,0xed,0xe5,0xed,0xe8,0xe5,0xd,0xa,0xea,0xe0,0xe8,0xed,0xd,
  0xa,0xea,0xe0,0xf0,0xe0,0xe2,0xe0,0xe9,0xd,0xa,0xea,0xee,0xf0,0xf0,0xe5,0xf1,
  0xef,0xee,0xed,0xe4,0xe5,0xed,0xf6,0xe8,0xff,0xd,0xa,0xea,0xf0,0xe0,0xf2,0xe5,
  0xf0,0xd,0xa,0xea,0xf0,0xe0,0xf5,0xec,0xe0,0xeb,0xd,0xa,0xea,0xf0,0xee,0xf1,
  0xf1,0xe2,0xee,0xf0,0xe4,0xd,0xa,0xea,0xf3,0xe2,0xf8,0xe8,0xed,0xea,0xe0,0xd,
  0xa,0xea,0xf3,0xe4,0xf0,0xff,0xf8,0xea,0xe0,0xd,0xa,0xeb,0xe8,0xed,0xee,0xeb,
  0xe5,0xf3,0xec,0xd,0xa,0xeb,0xe8,0xf0,0xe8,0xea,0xd,0xa,0xec,0xe5,0xf1,0xf2,
  0xee,0xed,0xe0,0xf5,0xee,0xe6,0xe4,0xe5,0xed,0xe8,0xe5,0xd,0xa,0xec,0xe8,0xf2,
  0xf0,0xee,0xf4,0xe0,0xed,0xee,0xe2,0xe0,0xd,0xa,0xec,0xee,0xf1,0xf4,0xe8,0xeb,
  0xfc,0xec,0xd,0xa,0xec,0xee,0xf7,0xea,0xe0,0xd,0xa,0xec,0xfb,0xeb,0xfc,0xed,
  0xe8,0xf6,0xe0,0xd,0xa,0xec,0xfb,0xf8,0xee,0xed,0xee,0xea,0xd,0xa,0xed,0xe0,
  0xea,0xe0,0xe7,0xd,0xa,0xed,0xe0,0xef,0xe0,0xe4,0xea,0xe8,0xd,0xa,0xed,0xe0,
  0xf7,0xe8,0xed,0xea,0xe0,0xd,0xa,0xed,0xee,0xf7,0xed,0xe8,0xea,0xd,0xa,0xee,
  0xe1,0xeb,0xe8,0xe3,0xe0,0xf6,0xe8,0xff,0xd,0xa,0xee,0xea,0xee,0xef,0xf7,0xe8,
  0xea,0xd,0xa,0xee,0xef,0xf0,0xe8,0xf7,0xed,0xe8,0xea,0xd,0xa,0xee,0xf0,0xf3,
  0xe6,0xe5,0xe9,0xed,0xe8,0xea,0xd,0xa,0xef,0xe5,0xf0,0xe5,0xe1,0xe5,0xe6,0xea,
  0xe0,0xd,0xa,0xef,0xe5,0xf0,0xe5,0xea,0xee,0xef,0xd,0xa,0xef,0xe5,0xf0,0xeb,
  0xd,0xa,0xef,0xee,0xe3,0xe0,0xed,0xea,0xe0,0xd,0xa,0xef,0xee,0xec,0xf0,0xe0,
  0xf7,0xe5,0xed,0xe8,0xe5,0xd,0xa,0xef,0xee,0xf7,0xe0,0xf2,0xee,0xea,0xd,0xa,
  0xef,0xf0,0xe0,0xe1,0xe0,0xe1,0xf3,0xf8,0xea,0xe0,0xd,0xa,0xef,0xf0,0xe5,0xe4,
  0xee,0xf1,0xf2,0xe5,0xf0,0xe5,0xe6,0xe5,0xed,0xe8,0xe5,0xd,0xa,0xef,0xf0,0xe5,
  0xee,0xf1,0xe2,0xff,0xf9,0xe5,0xed,0xed,0xfb,0xe9,0xd,0xa,0xef,0xf0,0xe8,0xe2,
  0xff,0xe7,0xfc,0xd,0xa,0xef,0xf0,0xee,0xe7,0xf0,0xe5,0xed,0xe8,0xe5,0xd,0xa,
  0xef,0xf0,0xee,0xef,0xe0,0xe3,0xe0,0xed,0xe4,0xe8,0xf1,0xf2,0xd,0xa,0xef,0xf0,
  0xee,0xf1,0xeb,0xf3,0xf8,0xe8,0xe2,0xe0,0xed,0xe8,0xe5,0xd,0xa,0xef,0xf0,0xfb,
  0xf2,0xfc,0xd,0xa,0xef,0xf3,0xf8,0xed,0xe8,0xed,0xe0,0xd,0xa,0xef,0xff,0xf2,
  0xe8,0xe3,0xee,0xf0,0xf1,0xea,0xd,0xa,0xf0,0xe0,0xf1,0xf6,0xe2,0xe5,0xf2,0xea,
  0xe0,0xd,0xa,0xf0,0xe5,0xe0,0xe3,0xe8,0xf0,0xee,0xe2,0xe0,0xed,0xe8,0xe5,0xd,
  0xa,0xf0,0xfb,0xf1,0xf6,0xe0,0xd,0xa,0xf0,0xff,0xe4,0xee,0xea,0xd,0xa,0xf1,
  0xe0,0xeb,0xe0,0xe3,0xe0,0xd,0xa,0xf1,0xe0,0xf0,0xea,0xe0,0xe7,0xec,0xd,0xa,
  0xf1,0xe2,0xe8,0xf1,0xf2,0xf3,0xed,0xd,0xa,0xf1,0xe5,0xea,0xf2,0xe0,0xed,0xf2,
  0xd,0xa,0xf1,0xea,0xee,0xef,0xd,0xa,0xf1,0xee,0xe3,0xeb,0xe0,0xf1,0xee,0xe2,
  0xe0,0xed,0xe8,0xe5,0xd,0xa,0xf1,0xee,0xeb,0xe4,0xe0,0xf2,0xed,0xff,0xd,0xa,
  0xf1,0xee,0xef,0xee,0xf1,0xf2,0xe0,0xe2,0xeb,0xe5,0xed,0xe8,0xe5,0xd,0xa,0xf1,
  0xf2,0xe0,0xf0,0xfc,0xe5,0xd,0xa,0xf1,0xf2,0xe5,0xea,0xee,0xeb,0xfc,0xf9,0xe8,
  0xea,0xd,0xa,0xf1,0xf3,0xf0,0xee,0xe2,0xee,0xf1,0xf2,0xfc,0xd,0xa,0xf1,0xf3,
  0xf5,0xee,0xe6,0xe8,0xeb,0xe8,0xe5,0xd,0xa,0xf1,0xf5,0xee,0xe4,0xd,0xa,0xf2,
  0xe0,0xeb,0xec,0xf3,0xe4,0xd,0xa,0xf2,0xe5,0xeb,0xe5,0xef,0xe0,0xf2,0xe8,0xff,
  0xd,0xa,0xf2,0xe5,0xec,0xed,0xe8,0xf6,0xe0,0xd,0xa,0xf2,0xf0,0xe5,0xf9,0xe8,
  0xed,0xea,0xe0,0xd,0xa,0xf3,0xe3,0xee,0xe4,0xfc,0xe5,0xd,0xa,0xf3,0xe3,0xee,
  0xf0,0xfc,0xd,0xa,0xf3,0xe7,0xfb,0xd,0xa,0xf4,0xe0,0xf1,0xee,0xeb,0xfc,0xd,
  0xa,0xf5,0xe5,0xeb,0xfc,0xf1,0xe8,0xed,0xea,0xe8,0xd,0xa,0xf5,0xeb,0xee,0xef,
  0xe0,0xed,0xfc,0xe5,0xd,0xa,0xf5,0xf0,0xe8,0xe7,0xe0,0xed,0xf2,0xe5,0xec,0xe0,
  0xd,0xa,0xf5,0xf3,0xe4,0xee,0xe1,0xe0,0xd,0xa,0xf7,0xe0,0xf9,0xee,0xe1,0xe0,
  0xd,0xa,0xf7,0xe8,0xe1,0xe8,0xf1,0xd,0xa,0xf8,0xed,0xe0,0xef,0xf1,0xd,0xa,
  0xf8,0xf2,0xee,0xf0,0xea,0xe0,0xd,0xa,0xf9,0xe5,0xeb,0xee,0xf7,0xfc,0xd,0xa,
  0xfd,0xea,0xee,0xed,0xee,0xec,0xea,0xe0,0xd,0xa,0xfd,0xeb,0xfc,0xe1,0xe0,0xd,
  0xa,0xfd,0xf1,0xf2,0xe0,0xf4,0xe5,0xf2,0xe0,0xd,0xa,0xe2,0xea,0xeb,0xe0,0xe4,
  0xf7,0xe8,0xea,0xd,0xa,0xe2,0xeb,0xe0,0xf1,0xf2,0xe8,0xf2,0xe5,0xeb,0xfc,0xd,
  0xa,0xe2,0xee,0xf1,0xea,0xeb,0xe8,0xf6,0xe0,0xed,0xe8,0xe5,0xd,0xa,0xe3,0xee,
  0xf0,0xf2,0xe0,0xed,0xfc,0xd,0xa,0xe3,0xf0,0xe0,0xf4,0xe8,0xea,0xd,0xa,0xe4,
  0xe5,0xe1,0xe8,0xeb,0xd,0xa,0xe4,0xe5,0xe7,0xe5,0xf0,0xf2,0xe8,0xf0,0xd,0xa,
  0xe4,0xe8,0xe2,0xe0,0xed,0xf7,0xe8,0xea,0xd,0xa,0xe7,0xe0,0xe2,0xe5,0xed,0xff,
  0xe3,0xe8,0xed,0xd,0xa,0xe7,0xe0,0xe3,0xee,0xe2,0xee,0xf0,0xf9,0xe8,0xea,0xd,
  0xa,0xe7,0xe0,0xe3,0xee,0xed,0xd,0xa,0xe7,0xe0,0xea,0xee,0xf3,0xeb,0xee,0xea,
  0xd,0xa,0xea,0xe0,0xed,0xe0,0xeb,0xe8,0xe7,0xe0,0xf6,0xe8,0xff,0xd,0xa,0xea,
  0xee,0xeb,0xe5,0xf1,0xe8,0xea,0xee,0xd,0xa,0xea,0xee,0xec,0xe1,0xe0,0xe9,0xed,
  0xd,0xa,0xea,0xee,0xec,0xe4,0xe8,0xe2,0xd,0xa,0xea,0xee,0xec,0xef,0xf0,0xe5,
  0xf1,0xf1,0xd,0xa,0xea,0xee,0xed,0xf7,0xe8,0xed,0xe0,0xd,0xa,0xea,0xf0,0xe0,
  0xf1,0xed,0xee,0xff,0xf0,0xf1,0xea,0xd,0xa,0xeb,0xee,0xed,0xee,0xd,0xa,0xec,
  0xee,0xd,0xa,0xee,0xeb,0xe8,0xec,0xef,0xd,0xa,0xee,0xf2,0xe4,0xe0,0xf7,0xe0,
  0xd,0xa,0xef,0xe0,0xe4,0xfc,0xd,0xa,0xef,0xee,0xec,0xe5,0xf1,0xf2,0xfc,0xe5,
  0xd,0xa,0xef,0xee,0xec,0xe8,0xed,0xea,0xe8,0xd,0xa,0xef,0xee,0xf9,0xe0,0xe4,
  0xe0,0xd,0xa,0xef,0xf0,0xee,0xf1,0xe5,0xeb,0xee,0xea,0xd,0xa,0xf0,0xe5,0xef,
  0xee,0xf0,0xf2,0xe0,0xe6,0xd,0xa,0xf1,0xe2,0xe8,0xed,0xe8,0xed,0xe0,0xd,0xa,
  0xf1,0xe4,0xe2,0xe8,0xe3,0xd,0xa,0xf1,0xed,0xe5,0xe3,0xee,0xef,0xe0,0xe4,0xd,
  0xa,0xf1,0xf1,0xe0,0xe4,0xe8,0xed,0xe0,0xd,0xa,0xf1,0xf3,0xf8,0xfc,0xd,0xa,
  0xf2,0xe5,0xe7,0xea,0xe0,0xd,0xa,0xf2,0xe5,0xf1,0xf2,0xd,0xa,0xf2,0xf3,0xe7,
  0xd,0xa,0xf3,0xe1,0xee,0xf0,0xd,0xa,0xf4,0xeb,0xe0,0xea,0xee,0xed,0xd,0xa,
  0xfe,0xf1,0xf2,0xe8,0xf6,0xe8,0xff,0xd,0xa,0xff,0xf0,0xd,0xa,0xe0,0xe1,0xe7,
  0xe0,0xf6,0xd,0xa,0xe0,0xed,0xea,0xd,0xa,0xe2,0xee,0xe4,0xee,0xef,0xe0,0xe4,
  0xd,0xa,0xe2,0xee,0xf1,0xf5,0xee,0xe4,0xd,0xa,0xe2,0xf0,0xe5,0xe4,0xe8,0xf2,
  0xe5,0xeb,0xfc,0xd,0xa,0xe5,0xe6,0xe8,0xea,0xd,0xa,0xe7,0xe0,0xf0,0xe5,0xe2,
  0xee,0xd,0xa,0xea,0xee,0xe1,0xfb,0xeb,0xe0,0xd,0xa,0xea,0xee,0xed,0xf3,0xf1,
  0xd,0xa,0xec,0xee,0xf8,0xe5,0xed,0xed,0xe8,0xea,0xd,0xa,0xec,0xf2,0xf1,0xd,
  0xa,0xed,0xe5,0xe1,0xfb,0xf2,0xe8,0xe5,0xd,0xa,0xed,0xe5,0xef,0xee,0xed,0xe8,
  0xec,0xe0,0xed,0xe8,0xe5,0xd,0xa,0xee,0xe1,0xec,0xf3,0xed,0xe4,0xe8,0xf0,0xee,
  0xe2,0xe0,0xed,0xe8,0xe5,0xd,0xa,0xef,0xe0,0xf0,0xe8,0xea,0xd,0xa,0xef,0xee,
  0xff,0xf1,0xed,0xe8,0xf6,0xe0,0xd,0xa,0xef,0xf0,0xe0,0xe3,0xe0,0xd,0xa,0xef,
  0xf0,0xe5,0xe4,0xee,0xf1,0xf2,0xe0,0xe2,0xeb,0xe5,0xed,0xe8,0xe5,0xd,0xa,0xef,
  0xf0,0xe8,0xe1,0xee,0xe9,0xd,0xa,0xef,0xf0,0xee,0xe2,0xee,0xe4,0xed,0xe8,0xf6,
  0xe0,0xd,0xa,0xef,0xf0,0xee,0xe4,0xfe,0xf1,0xe5,0xf0,0xd,0xa,0xf0,0xe0,0xf1,
  0xf6,0xe2,0xe5,0xf2,0xd,0xa,0xf1,0xe8,0xec,0xf4,0xee,0xed,0xe8,0xff,0xd,0xa,
  0xf1,0xf2,0xe0,0xed,0xe8,0xf6,0xe0,0xd,0xa,0xf2,0xe5,0xf1,0xed,0xee,0xf2,0xe0,
  0xd,0xa,0xf2,0xe8,0xec,0xd,0xa,0xf2,0xf0,0xe0,0xed,0xe7,0xe8,0xf1,0xf2,0xee,
  0xf0,0xd,0xa,0xf2,0xf0,0xff,0xef,0xee,0xf7,0xea,0xe0,0xd,0xa,0xf3,0xea,0xee,
  0xf0,0xd,0xa,0xf3,0xed,0xe8,0xe2,0xe5,0xf0,0xec,0xe0,0xe3,0xd,0xa,0xf5,0xe8,
  0xf2,0xd,0xa,0xf7,0xe5,0xf0,0xe2,0xff,0xea,0xd,0xa,0xf8,0xf2,0xe0,0xe1,0xe5,
  0xeb,0xfc,0xd,0xa,0xf9,0xe5,0xf0,0xe1,0xe0,0xea,0xd,0xa,0xe1,0xe5,0xe6,0xe5,
  0xed,0xe5,0xf6,0xd,0xa,0xe2,0xee,0xef,0xeb,0xee,0xf9,0xe5,0xed,0xe8,0xe5,0xd,
  0xa,0xe3,0xe0,0xe9,0xea,0xe0,0xd,0xa,0xeb,0xe5,0xf8,0xe8,0xe9,0xd,0xa,0xeb,
  0xf3,0xe6,0xe0,0xe9,0xea,0xe0,0xd,0xa,0xed,0xee,0xe6,0xed,0xe8,0xf6,0xfb,0xd,
  0xa,0xee,0xea,0xee,0xf8,0xe5,0xf7,0xea,0xee,0xd,0xa,0xee,0xf0,0xe1,0xe8,0xf2,
  0xe0,0xd,0xa,0xef,0xee,0xeb,0xe8,0xf2,0xf0,0xf3,0xea,0xd,0xa,0xef,0xee,0xeb,
  0xf3,0xf7,0xea,0xe0,0xd,0xa,0xef,0xf0,0xe8,0xe2,0xe8,0xe4,0xe5,0xed,0xe8,0xe5,
  0xd,0xa,0xef,0xf0,0xe8,0xea,0xeb,0xe0,0xe4,0xd,0xa,0xf2,0xf3,0xf0,0xee,0xea,
  0xd,0xa,0xf4,0xe8,0xeb,0xe8,0xe0,0xeb,0xd,0xa,0xf5,0xf0,0xf3,0xf1,0xf2,0xd,
  0xa,0xf8,0xec,0xe0,0xea,0xee,0xe2,0xd,0xa,0xf9,0xe5,0xef,0xea,0xe0,0xd,0xa,
  0xe0,0xe2,0xe5,0xed,0xfe,0xd,0xa,0xe0,0xed,0xf2,0xe8,0xef,0xee,0xe4,0xd,0xa,
  0xe0,0xf0,0xec,0xe0,0xe4,0xe0,0xd,0xa,0xe0,0xf2,0xeb,0xe0,0xed,0xf2,0xe8,0xe4,
  0xe0,0xd,0xa,0xe0,0xf3,0xf0,0xe0,0xd,0xa,0xe1,0xe0,0xe7,0xe8,0xf1,0xd,0xa,
  0xe1,0xe0,0xed,0xe4,0xe8,0xf2,0xe8,0xe7,0xec,0xd,0xa,0xe1,0xe5,0xe3,0xe0,0xd,
  0xa,0xe1,0xe5,0xe7,0xee,0xf2,0xe2,0xe5,0xf2,0xf1,0xf2,0xe2,0xe5,0xed,0xed,0xee,
  0xf1,0xf2,0xfc,0xd,0xa,0xe1,0xe5,0xf0,0xe5,0xf1,0xf2,0xe0,0xd,0xa,0xe1,0xf0,
  0xe8,0xe3,0xd,0xa,0xe1,0xf3,0xe7,0xe8,0xed,0xe0,0xd,0xa,0xe1,0xf3,0xf0,0xe4,
  0xe0,0xd,0xa,0xe1,0xfb,0xeb,0xfc,0xd,0xa,0xe2,0xe0,0xf1,0xf1,0xe0,0xeb,0xd,
  0xa,0xe2,0xe5,0xf2,0xeb,0xe0,0xd,0xa,0xe2,0xe7,0xe3,0xee,0xf0,0xee,0xea,0xd,
  0xa,0xe2,0xe7,0xec,0xee,0xf0,0xfc,0xe5,0xd,0xa,0xe2,0xee,0xf0,0xe8,0xf8,0xea,
  0xe0,0xd,0xa,0xe2,0xfb,0xe4,0xf0,0xe0,0xd,0xa,0xe3,0xe8,0xec,0xed,0xe0,0xe7,
  0xe8,0xf1,0xf2,0xea,0xe0,0xd,0xa,0xe3,0xee,0xeb,0xee,0xe4,0xf0,0xe0,0xed,0xe5,
  0xf6,0xd,0xa,0xe3,0xee,0xf0,0xed,0xee,0xf1,0xf2,0xe0,0xe9,0xd,0xa,0xe3,0xf0,
  0xe8,0xe1,0xed,0xe8,0xea,0xd,0xa,0xe3,0xf0,0xe8,0xe1,0xee,0xf7,0xe5,0xea,0xd,
  0xa,0xe3,0xf3,0xe2,0xe5,0xf0,0xed,0xe0,0xed,0xf2,0xea,0xe0,0xd,0xa,0xe4,0xe5,
  0xe2,0xe8,0xf7,0xe5,0xf1,0xf2,0xe2,0xee,0xd,0xa,0xe4,0xe5,0xec,0xe8,0xf3,0xf0,
  0xe3,0xd,0xa,0xe4,0xe6,0xe5,0xf0,0xf1,0xe8,0xd,0xa,0xe4,0xe7,0xee,0xf2,0xd,
  0xa,0xe4,0xee,0xf0,0xee,0xe3,0xee,0xe2,0xe8,0xe7,0xed,0xe0,0xd,0xa,0xe4,0xf3,
  0xe1,0xeb,0xe5,0xf0,0xd,0xa,0xe6,0xe0,0xed,0xe4,0xe0,0xf0,0xec,0xe5,0xf0,0xe8,
  0xff,0xd,0xa,0xe7,0xe5,0xec,0xeb,0xe5,0xe4,0xe5,0xeb,0xe5,0xf6,0xd,0xa,0xe7,
  0xf3,0xe1,0xe8,0xeb,0xee,0xd,0xa,0xe7,0xfb,0xe1,0xfc,0xd,0xa,0xe8,0xe7,0xeb,
  0xf3,0xf7,0xe8,0xed,0xe0,0xd,0xa,0xe8,0xed,0xee,0xe7,0xe5,0xec,0xe5,0xf6,0xd,
  0xa,0xe8,0xf1,0xf7,0xe0,0xe4,0xe8,0xe5,0xd,0xa,0xea,0xe0,0xe4,0xe8,0xeb,0xeb,
  0xe0,0xea,0xd,0xa,0xea,0xe0,0xed,0xf2,0xee,0xed,0xd,0xa,0xea,0xe8,0xe1,0xe5,
  0xf0,0xed,0xe5,0xf2,0xe8,0xea,0xd,0xa,0xea,0xe8,0xf1,0xeb,0xee,0xe2,0xee,0xe4,
  0xf1,0xea,0xd,0xa,0xea,0xeb,0xe5,0xf8,0xd,0xa,0xea,0xeb,0xe8,0xec,0xe0,0xea,
  0xf1,0xd,0xa,0xea,0xee,0xe6,0xe0,0xed,0xea,0xe0,0xd,0xa,0xea,0xee,0xea,0xe0,
  0xd,0xa,0xea,0xee,0xeb,0xf3,0xed,0xd,0xa,0xea,0xee,0xed,0xe3,0xee,0xd,0xa,
  0xea,0xee,0xed,0xf1,0xe8,0xeb,0xe8,0xf3,0xec,0xd,0xa,0xea,0xee,0xed,0xf4,0xe8,
  0xe3,0xf3,0xf0,0xe0,0xf6,0xe8,0xff,0xd,0xa,0xea,0xee,0xf0,0xf0,0xe5,0xea,0xf2,
  0xed,0xee,0xf1,0xf2,0xfc,0xd,0xa,0xea,0xf0,0xee,0xe2,0xee,0xef,0xee,0xe4,0xf2,
  0xe5,0xea,0xd,0xa,0xea,0xf0,0xff,0xe6,0xd,0xa,0xea,0xfd,0xf2,0xf0,0xe8,0xed,
  0xd,0xa,0xeb,0xe8,0xf2,0xe5,0xf0,0xe0,0xd,0xa,0xeb,0xfc,0xe4,0xe8,0xed,0xea,
  0xe0,0xd,0xa,0xeb,0xfe,0xe1,0xe8,0xec,0xe8,0xf6,0xe0,0xd,0xa,0xec,0xe0,0xe7,
  0xe0,0xed,0xea,0xe0,0xd,0xa,0xec,0xe0,0xed,0xe8,0xf8,0xea,0xe0,0xd,0xa,0xec,
  0xe0,0xf5,0xf0,0xe0,0xd,0xa,0xec,0xe5,0xed,0xe5,0xe4,0xe6,0xec,0xe5,0xed,0xf2,
  0xd,0xa,0xec,0xe5,0xf0,0xe8,0xe4,0xe8,0xe0,0xed,0xd,0xa,0xec,0xe5,0xf8,0xe0,
  0xed,0xe8,0xed,0xe0,0xd,0xa,0xec,0xea,0xe0,0xe4,0xd,0xa,0xec,0xed,0xe8,0xf2,
  0xe5,0xeb,0xfc,0xed,0xee,0xf1,0xf2,0xfc,0xd,0xa,0xec,0xee,0xe3,0xe8,0xeb,0xfc,
  0xed,0xe8,0xea,0xd,0xa,0xec,0xee,0xe4,0xe5,0xec,0xd,0xa,0xec,0xee,0xf0,0xe4,
  0xe0,0xf8,0xea,0xe0,0xd,0xa,0xec,0xee,0xf2,0xee,0xf0,0xf7,0xe8,0xea,0xd,0xa,
  0xed,0xe0,0xf1,0xec,0xe5,0xf8,0xed,0xe8,0xea,0xd,0xa,0xed,0xe0,0xf6,0xe8,0xee,
  0xed,0xe0,0xeb,0xe8,0xe7,0xe0,0xf6,0xe8,0xff,0xd,0xa,0xed,0xe5,0xe2,0xfb,0xe5,
  0xe7,0xe4,0xd,0xa,0xed,0xe5,0xe4,0xee,0xe1,0xf0,0xee,0xe6,0xe5,0xeb,0xe0,0xf2,
  0xe5,0xeb,0xfc,0xd,0xa,0xed,0xe5,0xe4,0xee,0xf3,0xec,0xee,0xea,0xd,0xa,0xed,
  0xe5,0xea,0xee,0xec,0xef,0xe5,0xf2,0xe5,0xed,0xf2,0xed,0xee,0xf1,0xf2,0xfc,0xd,
  0xa,0xed,0xe5,0xf0,0xee,0xe2,0xed,0xee,0xf1,0xf2,0xfc,0xd,0xa,0xed,0xe5,0xf3,
  0xf1,0xf2,0xee,0xe9,0xea,0xe0,0xd,0xa,0xed,0xe5,0xf4,0xf0,0xe8,0xf2,0xd,0xa,
  0xed,0xe5,0xff,0xf1,0xfb,0xf2,0xfc,0xd,0xa,0xed,0xe8,0xe3,0xe8,0xeb,0xe8,0xf1,
  0xf2,0xd,0xa,0xed,0xe8,0xf9,0xe5,0xed,0xea,0xe0,0xd,0xa,0xed,0xee,0xe2,0xee,
  0xf0,0xee,0xf1,0xf1,0xe8,0xe9,0xf1,0xea,0xd,0xa,0xed,0xee,0xf1,0xee,0xe3,0xeb,
  0xee,0xf2,0xea,0xe0,0xd,0xa,0xee,0xe3,0xed,0xe5,0xec,0xe5,0xf2,0xd,0xa,0xee,
  0xe4,0xf3,0xf0,0xfc,0xd,0xa,0xee,0xe7,0xe5,0xf0,0xf6,0xee,0xd,0xa,0xee,0xea,
  0xee,0xf0,0xee,0xea,0xd,0xa,0xee,0xec,0xe5,0xf0,0xf2,0xe2,0xe5,0xed,0xe8,0xe5,
  0xd,0xa,0xee,0xef,0xf2,0xd,0xa,0xee,0xf0,0xe3,0xe8,0xff,0xd,0xa,0xee,0xf1,
  0xf2,0xd,0xa,0xee,0xf1,0xf2,0xe5,0xee,0xf5,0xee,0xed,0xe4,0xf0,0xee,0xe7,0xd,
  0xa,0xee,0xf2,0xf9,0xe5,0xef,0xe5,0xed,0xe5,0xf6,0xd,0xa,0xee,0xf5,0xee,0xf2,
  0xea,0xe0,0xd,0xa,0xef,0xe0,0xf3,0xf2,0xe8,0xed,0xea,0xe0,0xd,0xa,0xef,0xe5,
  0xf0,0xe5,0xe2,0xe5,0xf1,0xd,0xa,0xef,0xe5,0xf0,0xe5,0xef,0xe5,0xeb,0xd,0xa,
  0xef,0xe5,0xf0,0xec,0xfc,0xd,0xa,0xef,0xe5,0xf1,0xf1,0xe8,0xec,0xe8,0xf1,0xf2,
  0xd,0xa,0xef,0xe8,0xf1,0xfc,0xec,0xe5,0xf6,0xee,0xd,0xa,0xef,0xee,0xe1,0xe5,
  0xe4,0xe8,0xf2,0xe5,0xeb,0xfc,0xed,0xe8,0xf6,0xe0,0xd,0xa,0xef,0xee,0xe1,0xf0,
  0xff,0xea,0xf3,0xf8,0xea,0xe0,0xd,0xa,0xef,0xee,0xe2,0xe8,0xed,0xed,0xee,0xf1,
  0xf2,0xfc,0xd,0xa,0xef,0xee,0xea,0xe0,0xf7,0xe8,0xe2,0xe0,0xed,0xe8,0xe5,0xd,
  0xa,0xef,0xee,0xeb,0xf3,0xf1,0xec,0xe5,0xf0,0xf2,0xfc,0xd,0xa,0xef,0xee,0xec,
  0xe5,0xeb,0xee,0xd,0xa,0xef,0xee,0xec,0xee,0xeb,0xd,0xa,0xef,0xee,0xef,0xe5,
  0xf7,0xe5,0xed,0xe8,0xe5,0xd,0xa,0xef,0xee,0xf1,0xe8,0xe4,0xe5,0xeb,0xea,0xe8,
  0xd,0xa,0xef,0xee,0xf2,0xe5,0xec,0xea,0xe8,0xed,0xe0,0xd,0xa,0xef,0xf0,0xe8,
  0xf5,0xee,0xe6,0xe0,0xed,0xe8,0xed,0xd,0xa,0xef,0xf0,0xe8,0xf7,0xe8,0xf2,0xe0,
  0xed,0xe8,0xe5,0xd,0xa,0xef,0xf0,0xee,0xe3,0xf3,0xeb,0xd,0xa,0xef,0xf0,0xee,
  0xe5,0xea,0xf6,0xe8,0xff,0xd,0xa,0xef,0xf0,0xee,0xe9,0xe4,0xee,0xf5,0xe0,0xd,
  0xa,0xef,0xf0,0xee,0xf1,0xf2,0xfb,0xed,0xea,0xe0,0xd,0xa,0xef,0xf0,0xff,0xeb,
  0xea,0xe0,0xd,0xa,0xef,0xfe,0xef,0xe8,0xf2,0xf0,0xd,0xa,0xf0,0xe0,0xe4,0xe8,
  0xea,0xe0,0xeb,0xd,0xa,0xf0,0xe0,0xe6,0xd,0xa,0xf0,0xe0,0xe7,0xf0,0xf3,0xf8,
  0xe8,0xf2,0xe5,0xeb,0xfc,0xd,0xa,0xf0,0xe0,0xf1,0xf2,0xe2,0xee,0xf0,0xe5,0xed,
  0xe8,0xe5,0xd,0xa,0xf0,0xe0,0xf1,0xf2,0xee,0xef,0xea,0xe0,0xd,0xa,0xf0,0xe5,
  0xe7,0xed,0xff,0xd,0xa,0xf1,0xe0,0xec,0xee,0xeb,0xe5,0xf2,0xe8,0xea,0xd,0xa,
  0xf1,0xe8,0xec,0xec,0xe5,0xf2,0xf0,0xe8,0xff,0xd,0xa,0xf1,0xe8,0xed,0xe3,0xe0,
  0xef,0xf3,0xf0,0xd,0xa,0xf1,0xea,0xe8,0xf2,0xe0,0xeb,0xe5,0xf6,0xd,0xa,0xf1,
  0xeb,0xee,0xed,0xe8,0xea,0xd,0xa,0xf1,0xee,0xf0,0xe2,0xe0,0xed,0xe5,0xf6,0xd,
  0xa,0xf1,0xee,0xf1,0xed,0xee,0xe2,0xea,0xe0,0xd,0xa,0xf1,0xf2,0xe0,0xf0,0xee,
  0xee,0xe1,0xf0,0xff,0xe4,0xe5,0xf6,0xd,0xa,0xf1,0xf2,0xe5,0xf0,0xed,0xff,0xd,
  0xa,0xf1,0xf2,0xf0,0xe5,0xef,0xf2,0xee,0xea,0xee,0xea,0xea,0xd,0xa,0xf1,0xf3,
  0xef,0xf7,0xe8,0xea,0xd,0xa,0xf2,0xe0,0xeb,0xfc,0xea,0xd,0xa,0xf2,0xe0,0xf2,
  0xe0,0xf0,0xf1,0xf2,0xe0,0xed,0xd,0xa,0xf2,0xe8,0xf2,0xfc,0xea,0xe0,0xd,0xa,
  0xf2,0xeb,0xff,0xd,0xa,0xf2,0xee,0xf0,0xee,0xef,0xeb,0xe8,0xe2,0xee,0xf1,0xf2,
  0xfc,0xd,0xa,0xf2,0xfe,0xec,0xe5,0xed,0xfc,0xd,0xa,0xf3,0xeb,0xfe,0xeb,0xfe,
  0xea,0xe0,0xed,0xfc,0xe5,0xd,0xa,0xf3,0xf7,0xe0,0xf1,0xf2,0xed,0xe8,0xf6,0xe0,
  0xd,0xa,0xf3,0xf9,0xe5,0xf0,0xe1,0xed,0xee,0xf1,0xf2,0xfc,0xd,0xa,0xf4,0xe0,
  0xeb,0xfc,0xf1,0xe8,0xf4,0xe8,0xea,0xe0,0xf2,0xee,0xf0,0xd,0xa,0xf4,0xe5,0xf0,
  0xe7,0xfc,0xd,0xa,0xf4,0xeb,0xe0,0xea,0xee,0xed,0xf7,0xe8,0xea,0xd,0xa,0xf4,
  0xeb,0xee,0xf0,0xe8,0xe4,0xe0,0xd,0xa,0xf4,0xeb,0xfe,0xe3,0xe5,0xf0,0xd,0xa,
  0xf4,0xee,0xea,0xd,0xa,0xf4,0xf0,0xe0,0xed,0xea,0xf4,0xf3,0xf0,0xf2,0xd,0xa,
  0xf5,0xeb,0xe0,0xec,0xe8,0xe4,0xe0,0xd,0xa,0xf5,0xee,0xeb,0xe5,0xf1,0xf2,0xe5,
  0xf0,0xe8,0xed,0xd,0xa,0xf5,0xee,0xf5,0xec,0xe0,0xd,0xa,0xf5,0xf0,0xf3,0xf1,
  0xf2,0xe0,0xeb,0xe8,0xea,0xd,0xa,0xf6,0xe5,0xeb,0xfc,0xed,0xee,0xf1,0xf2,0xfc,
  0xd,0xa,0xf7,0xe5,0xf0,0xe2,0xee,0xed,0xf7,0xe8,0xea,0xd,0xa,0xf7,0xe8,0xf1,
  0xf2,0xe8,0xeb,0xe8,0xf9,0xe5,0xd,0xa,0xf8,0xe0,0xe1,0xeb,0xee,0xed,0xd,0xa,
  0xf8,0xe0,0xeb,0xee,0xef,0xe0,0xe9,0xd,0xa,0xf8,0xe8,0xf0,0xfc,0xd,0xa,0xf8,
  0xee,0xf0,0xed,0xe8,0xea,0xd,0xa,0xf8,0xef,0xf0,0xee,0xf2,0xd,0xa,0xf8,0xf2,
  0xe0,0xe1,0xed,0xee,0xe9,0xd,0xa,0xf8,0xf2,0xee,0xeb,0xfc,0xed,0xff,0xd,0xa,
  0xfd,0xea,0xf1,0xf2,0xf0,0xe5,0xec,0xe8,0xf1,0xf2,0xd,0xa,0xfd,0xeb,0xeb,0xe8,
  0xed,0xd,0xa,0xfd,0xef,0xe8,0xf2,0xe5,0xeb,0xe8,0xe9,0xd,0xa,0xe0,0xe1,0xf0,
  0xe8,0xea,0xee,0xf1,0xd,0xa,0xe0,0xea,0xea,0xee,0xf0,0xe4,0xd,0xa,0xe0,0xec,
  0xef,0xf3,0xeb,0xe0,0xd,0xa,0xe0,0xed,0xe0,0xf0,0xf5,0xe8,0xf1,0xf2,0xd,0xa,
  0xe1,0xf0,0xfe,0xed,0xe5,0xf2,0xd,0xa,0xe4,0xe5,0xe3,0xf0,0xe0,0xe4,0xe0,0xf6,
  0xe8,0xff,0xd,0xa,0xe4,0xe5,0xeb,0xe8,0xea,0xe0,0xf2,0xed,0xee,0xf1,0xf2,0xfc,
  0xd,0xa,0xe4,0xe5,0xf2,0xe2,0xee,0xf0,0xe0,0xd,0xa,0xe4,0xe8,0xed,0xee,0xe7,
  0xe0,0xe2,0xf0,0xd,0xa,0xe4,0xeb,0xe8,0xf2,0xe5,0xeb,0xfc,0xed,0xee,0xf1,0xf2,
  0xfc,0xd,0xa,0xe4,0xee,0xe7,0xee,0xf0,0xd,0xa,0xe4,0xee,0xf1,0xfc,0xe5,0xd,
  0xa,0xe4,0xf0,0xe5,0xe2,0xe5,0xf1,0xe8,0xed,0xe0,0xd,0xa,0xe4,0xf3,0xfd,0xf2,
  0xd,0xa,0xe5,0xeb,0xfc,0xd,0xa,0xe7,0xe0,0xef,0xff,0xf2,0xe0,0xff,0xd,0xa,
  0xe8,0xe4,0xe5,0xe0,0xeb,0xe8,0xf1,0xf2,0xd,0xa,0xea,0xe0,0xeb,0xfc,0xf1,0xee,
  0xed,0xfb,0xd,0xa,0xea,0xe0,0xf0,0xe0,0xf2,0xe5,0xeb,0xfc,0xd,0xa,0xea,0xe8,
  0xed,0xe5,0xec,0xe0,0xf2,0xee,0xe3,0xf0,0xe0,0xf4,0xd,0xa,0xea,0xe8,0xf0,0xe3,
  0xe8,0xe7,0xd,0xa,0xea,0xee,0xed,0xf2,0xe8,0xed,0xe3,0xe5,0xed,0xf2,0xd,0xa,
  0xea,0xf0,0xf3,0xef,0xd,0xa,0xeb,0xe0,0xf2,0xe0,0xd,0xa,0xeb,0xe5,0xe4,0xee,
  0xea,0xee,0xeb,0xd,0xa,0xeb,0xf3,0xef,0xe0,0xd,0xa,0xeb,0xf3,0xf7,0xe8,0xea,
  0xd,0xa,0xed,0xe0,0xf0,0xf3,0xe6,0xed,0xee,0xf1,0xf2,0xfc,0xd,0xa,0xed,0xe0,
  0xf1,0xf2,0xee,0xe9,0xd,0xa,0xed,0xe5,0xe2,0xe5,0xe4,0xe5,0xed,0xe8,0xe5,0xd,
  0xa,0xed,0xe5,0xe2,0xe8,0xed,0xed,0xee,0xf1,0xf2,0xfc,0xd,0xa,0xed,0xe5,0xef,
  0xf0,0xe8,0xe2,0xfb,0xf7,0xea,0xe0,0xd,0xa,0xed,0xee,0xe2,0xe8,0xe7,0xed,0xe0,
  0xd,0xa,0xee,0xe4,0xe0,0xd,0xa,0xee,0xe4,0xe8,0xed,0xee,0xea,0xe8,0xe9,0xd,
  0xa,0xee,0xf0,0xe5,0xf8,0xed,0xe8,0xea,0xd,0xa,0xef,0xe5,0xf0,0xe2,0xee,0xea,
  0xf3,0xf0,0xf1,0xed,0xe8,0xea,0xd,0xa,0xef,0xe5,0xf0,0xe2,0xee,0xf1,0xe2,0xff,
  0xf9,0xe5,0xed,0xed,0xe8,0xea,0xd,0xa,0xef,0xe8,0xea,0xed,0xe8,0xea,0xd,0xa,
  0xef,0xee,0xe2,0xe5,0xf0,0xea,0xe0,0xd,0xa,0xef,0xee,0xe7,0xe2,0xee,0xeb,0xe5,
  0xed,0xe8,0xe5,0xd,0xa,0xef,0xee,0xeb,0xf2,0xe8,0xed,0xed,0xe8,0xea,0xd,0xa,
  0xef,0xee,0xf0,0xff,0xe4,0xee,0xf7,0xed,0xee,0xf1,0xf2,0xfc,0xd,0xa,0xef,0xee,
  0xf5,0xee,0xe6,0xe4,0xe5,0xed,0xe8,0xe5,0xd,0xa,0xef,0xf0,0xee,0xeb,0xee,0xec,
  0xd,0xa,0xef,0xf3,0xf1,0xf2,0xfb,0xf8,0xea,0xe0,0xd,0xa,0xf0,0xe0,0xe9,0xe8,
  0xf1,0xef,0xee,0xeb,0xea,0xee,0xec,0xd,0xa,0xf1,0xe2,0xff,0xf2,0xfb,0xed,0xff,
  0xd,0xa,0xf1,0xeb,0xe5,0xef,0xee,0xf2,0xe0,0xd,0xa,0xf1,0xee,0xf1,0xf3,0xeb,
  0xfc,0xea,0xe0,0xd,0xa,0xf1,0xf0,0xe0,0xec,0xd,0xa,0xf1,0xf2,0xe0,0xe2,0xf0,
  0xee,0xef,0xee,0xeb,0xfc,0xd,0xa,0xf2,0xee,0xf0,0xe3,0xe0,0xf8,0xd,0xa,0xf3,
  0xe4,0xe0,0xf0,0xed,0xe8,0xea,0xd,0xa,0xf3,0xeb,0xee,0xe2,0xd,0xa,0xf3,0xf1,
  0xeb,0xee,0xe2,0xed,0xee,0xf1,0xf2,0xfc,0xd,0xa,0xf4,0xe0,0xeb,0xfc,0xf1,0xe8,
  0xf4,0xe8,0xea,0xe0,0xf6,0xe8,0xff,0xd,0xa,0xf7,0xe0,0xf1,0xf2,0xf3,0xf8,0xea,
  0xe0,0xd,0xa,0xf7,0xe5,0xf0,0xe5,0xec,0xf3,0xf5,0xe0,0xd,0xa,0xf8,0xef,0xe8,
  0xeb,0xfc,0xea,0xe0,0xd,0xa,0xe0,0xed,0xf1,0xe0,0xec,0xe1,0xeb,0xfc,0xd,0xa,
  0xe2,0xe8,0xea,0xee,0xed,0xf2,0xd,0xa,0xe3,0xe0,0xeb,0xfc,0xea,0xe0,0xd,0xa,
  0xe3,0xe8,0xeb,0xfc,0xe7,0xe0,0xd,0xa,0xe3,0xf0,0xe0,0xe6,0xe4,0xe0,0xed,0xf1,
  0xf2,0xe2,0xee,0xd,0xa,0xe4,0xee,0xe1,0xf0,0xff,0xea,0xd,0xa,0xe4,0xfe,0xe6,
  0xe8,0xed,0xe0,0xd,0xa,0xea,0xee,0xf4,0xf2,0xee,0xf7,0xea,0xe0,0xd,0xa,0xeb,
  0xe0,0xe1,0xe8,0xf0,0xe8,0xed,0xf2,0xd,0xa,0xeb,0xe0,0xe4,0xe0,0xd,0xa,0xeb,
  0xee,0xf2,0xee,0xea,0xd,0xa,0xed,0xee,0xf1,0xe8,0xf2,0xe5,0xeb,0xfc,0xd,0xa,
  0xed,0xee,0xf7,0xeb,0xe5,0xe3,0xd,0xa,0xef,0xeb,0xee,0xf2,0xed,0xee,0xf1,0xf2,
  0xfc,0xd,0xa,0xef,0xee,0xe2,0xee,0xe4,0xee,0xea,0xd,0xa,0xef,0xee,0xf7,0xf2,
  0xe5,0xed,0xe8,0xe5,0xd,0xa,0xf0,0xe5,0xef,0xf0,0xe5,0xf1,0xf1,0xe8,0xff,0xd,
  0xa,0xf1,0xeb,0xe5,0xe4,0xee,0xef,0xfb,0xf2,0xd,0xa,0xf1,0xee,0xe1,0xeb,0xe0,
  0xe7,0xed,0xd,0xa,0xf2,0xf0,0xe0,0xea,0xf2,0xe8,0xf0,0xd,0xa,0xf3,0xe1,0xee,
  0xf0,0xea,0xe0,0xd,0xa,0xf8,0xe5,0xf0,0xe5,0xed,0xe3,0xe0,0xd,0xa,0xe2,0xea,
  0xeb,0xe0,0xe4,0xd,0xa,0xe4,0xf0,0xe0,0xec,0xe0,0xd,0xa,0xe7,0xe0,0xf1,0xe0,
  0xe4,0xe0,0xd,0xa,0xea,0xe0,0xec,0xe5,0xf8,0xe5,0xea,0xd,0xa,0xee,0xe1,0xfb,
  0xf1,0xea,0xd,0xa,0xef,0xee,0xf0,0xf2,0xff,0xed,0xea,0xe0,0xd,0xa,0xf0,0xe5,
  0xe0,0xeb,0xe8,0xe7,0xe0,0xf6,0xe8,0xff,0xd,0xa,0xf1,0xe2,0xe5,0xe6,0xe5,0xf1,
  0xf2,0xfc,0xd,0xa,0xf2,0xff,0xe3,0xe0,0xd,0xa,0xe0,0xe1,0xf0,0xe5,0xea,0xd,
  0xa,0xe0,0xe7,0xe8,0xe0,0xf2,0xd,0xa,0xe0,0xeb,0xf4,0xe0,0xe2,0xe8,0xf2,0xd,
  0xa,0xe0,0xec,0xe1,0xf0,0xe0,0xe7,0xf3,0xf0,0xe0,0xd,0xa,0xe1,0xe0,0xeb,0xee,
  0xe2,0xf1,0xf2,0xe2,0xee,0xd,0xa,0xe1,0xe5,0xe7,0xed,0xe0,0xe4,0xe5,0xe6,0xed,
  0xee,0xf1,0xf2,0xfc,0xd,0xa,0xe1,0xe8,0xee,0xe3,0xf0,0xe0,0xf4,0xd,0xa,0xe1,
  0xf0,0xf3,0xf1,0xee,0xea,0xd,0xa,0xe1,0xf3,0xe3,0xe0,0xe9,0xd,0xa,0xe1,0xf3,
  0xea,0xe5,0xf2,0xe8,0xea,0xd,0xa,0xe2,0xe0,0xea,0xf3,0xf3,0xec,0xd,0xa,0xe2,
  0xe0,0xeb,0xe8,0xe4,0xee,0xeb,0xd,0xa,0xe2,0xe8,0xed,0xee,0xe3,0xf0,0xe0,0xe4,
  0xed,0xe8,0xea,0xd,0xa,0xe2,0xeb,0xee,0xe6,0xe5,0xed,0xe8,0xe5,0xd,0xa,0xe2,
  0xf0,0xe0,0xf9,0xe5,0xed,0xe8,0xe5,0xd,0xa,0xe2,0xfb,0xeb,0xe0,0xe7,0xea,0xe0,
  0xd,0xa,0xe3,0xe0,0xf0,0xe5,0xec,0xd,0xa,0xe3,0xf0,0xfb,0xe6,0xe0,0xd,0xa,
  0xe4,0xe2,0xee,0xf0,0xed,0xe8,0xf7,0xe8,0xf5,0xe0,0xd,0xa,0xe4,0xe5,0xf1,0xff,
  0xf2,0xed,0xe8,0xea,0xd,0xa,0xe4,0xe5,0xf2,0xe5,0xed,0xfb,0xf8,0xd,0xa,0xe4,
  0xe8,0xe0,0xe3,0xf0,0xe0,0xec,0xec,0xe0,0xd,0xa,0xe4,0xee,0xea,0xf3,0xec,0xe5,
  0xed,0xf2,0xe0,0xf6,0xe8,0xff,0xd,0xa,0xe4,0xee,0xec,0xfb,0xf1,0xe5,0xeb,0xd,
  0xa,0xe7,0xe0,0xe4,0xe2,0xe8,0xe6,0xea,0xe0,0xd,0xa,0xe7,0xe0,0xf5,0xe2,0xe0,
  0xf2,0xf7,0xe8,0xea,0xd,0xa,0xe8,0xe7,0xe1,0xe8,0xe5,0xed,0xe8,0xe5,0xd,0xa,
  0xe8,0xeb,0xfc,0xea,0xe0,0xd,0xa,0xe8,0xf1,0xea,0xe0,0xe6,0xe5,0xed,0xe8,0xe5,
  0xd,0xa,0xea,0xe0,0xec,0xe5,0xed,0xee,0xeb,0xee,0xec,0xed,0xff,0xd,0xa,0xea,
  0xe0,0xed,0xee,0xed,0xe0,0xe4,0xe0,0xd,0xa,0xea,0xe0,0xef,0xf1,0xf3,0xeb,0xe0,
  0xd,0xa,0xea,0xe0,0xf0,0xec,0xe0,0xf8,0xe5,0xea,0xd,0xa,0xea,0xe0,0xf0,0xfc,
  0xe5,0xf0,0xe8,0xf1,0xf2,0xd,0xa,0xea,0xee,0xf7,0xe5,0xe2,0xed,0xe8,0xea,0xd,
  0xa,0xea,0xf0,0xfb,0xf8,0xe5,0xf7,0xea,0xe0,0xd,0xa,0xeb,0xe0,0xe1,0xee,0xf0,
  0xe0,0xed,0xf2,0xea,0xe0,0xd,0xa,0xeb,0xe5,0xf2,0xee,0xef,0xe8,0xf1,0xfc,0xd,
  0xa,0xeb,0xee,0xf9,0xe8,0xed,0xe0,0xd,0xa,0xeb,0xf3,0xe6,0xe8,0xf6,0xe0,0xd,
  0xa,0xeb,0xf3,0xe6,0xed,0xe8,0xea,0xe8,0xd,0xa,0xec,0xe8,0xf1,0xf2,0xe8,0xea,
  0xe0,0xd,0xa,0xec,0xee,0xed,0xe0,0xf0,0xf5,0xe8,0xff,0xd,0xa,0xed,0xe0,0xef,
  0xf0,0xe0,0xe2,0xeb,0xe5,0xed,0xed,0xee,0xf1,0xf2,0xfc,0xd,0xa,0xed,0xe5,0xf3,
  0xec,0xe5,0xed,0xe8,0xe5,0xd,0xa,0xee,0xea,0xf0,0xf3,0xe6,0xed,0xee,0xf1,0xf2,
  0xfc,0xd,0xa,0xee,0xf1,0xfb,0xef,0xfc,0xd,0xa,0xef,0xe0,0xf2,0xf0,0xe8,0xe0,
  0xf0,0xf5,0xd,0xa,0xef,0xe5,0xf0,0xe2,0xe5,0xed,0xe5,0xf6,0xd,0xa,0xef,0xe5,
  0xf0,0xe5,0xe3,0xe0,0xf0,0xd,0xa,0xef,0xe5,0xf0,0xe5,0xef,0xee,0xed,0xea,0xe0,
  0xd,0xa,0xef,0xe5,0xf2,0xf0,0xf3,0xf8,0xea,0xe0,0xd,0xa,0xef,0xee,0xeb,0xf3,
  0xe4,0xe8,0xed,0xd,0xa,0xef,0xf0,0xe8,0xe4,0xe0,0xf7,0xe0,0xd,0xa,0xef,0xf0,
  0xe8,0xed,0xf2,0xe5,0xf0,0xd,0xa,0xef,0xf0,0xee,0xe2,0xe8,0xe7,0xe8,0xff,0xd,
  0xa,0xef,0xf0,0xee,0xe8,0xe3,0xf0,0xfb,0xf8,0xd,0xa,0xef,0xf3,0xf8,0xea,0xe8,
  0xed,0xe8,0xf1,0xf2,0xd,0xa,0xf0,0xe0,0xe4,0xe8,0xea,0xf3,0xeb,0xe8,0xf2,0xd,
  0xa,0xf0,0xee,0xf1,0xed,0xe5,0xf4,0xf2,0xfc,0xd,0xa,0xf0,0xff,0xe1,0xe8,0xed,
  0xe0,0xd,0xa,0xf1,0xe5,0xec,0xe5,0xf0,0xea,0xe0,0xd,0xa,0xf1,0xe5,0xec,0xe8,
  0xed,0xe0,0xf0,0xe8,0xff,0xd,0xa,0xf1,0xe8,0xe4,0xe5,0xed,0xfc,0xd,0xa,0xf1,
  0xeb,0xee,0xe1,0xee,0xe4,0xe0,0xd,0xa,0xf1,0xee,0xeb,0xee,0xe4,0xee,0xe2,0xed,
  0xe8,0xea,0xd,0xa,0xf1,0xf2,0xee,0xe9,0xe1,0xe8,0xf9,0xe5,0xd,0xa,0xf1,0xf2,
  0xf0,0xe0,0xf2,0xe5,0xe3,0xd,0xa,0xf2,0xee,0xf0,0xe0,0xd,0xa,0xf2,0xf0,0xf3,
  0xe1,0xee,0xf7,0xe8,0xf1,0xf2,0xd,0xa,0xf2,0xf3,0xf0,0xed,0xe5,0xd,0xa,0xf3,
  0xe3,0xed,0xe5,0xf2,0xe5,0xed,0xe8,0xe5,0xd,0xa,0xf5,0xee,0xf0,0xe2,0xe0,0xf2,
  0xd,0xa,0xf7,0xe5,0xf2,0xe0,0xd,0xa,0xf8,0xf2,0xe0,0xed,0xe8,0xf8,0xea,0xe8,
  0xd,0xa,0xff,0xf0,0xea,0xee,0xf1,0xf2,0xfc,0xd,0xa,0xe0,0xe3,0xe8,0xf2,0xe0,
  0xf6,0xe8,0xff,0xd,0xa,0xe0,0xf0,0xf2,0xe5,0xeb,0xfc,0xd,0xa,0xe0,0xf2,0xee,
  0xec,0xd,0xa,0xe3,0xe5,0xed,0xe5,0xf0,0xe0,0xf2,0xee,0xf0,0xd,0xa,0xe3,0xee,
  0xe1,0xeb,0xe8,0xed,0xd,0xa,0xe4,0xe5,0xf0,0xe7,0xee,0xf1,0xf2,0xfc,0xd,0xa,
  0xe4,0xee,0xf1,0xf2,0xe0,0xe2,0xea,0xe0,0xd,0xa,0xe7,0xe0,0xe3,0xf0,0xe8,0xe2,
  0xee,0xea,0xd,0xa,0xe8,0xed,0xf2,0xe5,0xf0,0xe2,0xe0,0xeb,0xd,0xa,0xe8,0xf1,
  0xea,0xd,0xa,0xea,0xe0,0xed,0xe8,0xf1,0xf2,0xf0,0xe0,0xd,0xa,0xea,0xeb,0xe0,
  0xe4,0xee,0xe2,0xea,0xe0,0xd,0xa,0xec,0xe3,0xe0,0xd,0xa,0xec,0xe8,0xe7,0xe8,
  0xed,0xe5,0xf6,0xd,0xa,0xec,0xe8,0xed,0xf1,0xea,0xd,0xa,0xed,0xe0,0xef,0xee,
  0xec,0xe8,0xed,0xe0,0xed,0xe8,0xe5,0xd,0xa,0xed,0xe0,0xf2,0xe8,0xf1,0xea,0xd,
  0xa,0xee,0xe1,0xe0,0xff,0xed,0xe8,0xe5,0xd,0xa,0xee,0xf0,0xe4,0xe8,0xed,0xe0,
  0xf0,0xe5,0xf6,0xd,0xa,0xef,0xeb,0xe0,0xe2,0xea,0xe0,0xd,0xa,0xef,0xeb,0xe5,
  0xf1,0xe5,0xed,0xfc,0xd,0xa,0xef,0xee,0xf1,0xf0,0xe5,0xe4,0xed,0xe8,0xea,0xd,
  0xa,0xef,0xf0,0xe8,0xec,0xe5,0xf7,0xe0,0xed,0xe8,0xe5,0xd,0xa,0xf0,0xe5,0xed,
  0xe0,0xf2,0xe0,0xd,0xa,0xf1,0xeb,0xe8,0xe2,0xea,0xe0,0xd,0xa,0xf1,0xee,0xeb,
  0xee,0xec,0xe8,0xed,0xea,0xe0,0xd,0xa,0xf1,0xee,0xf1,0xeb,0xee,0xe2,0xe8,0xe5,
  0xd,0xa,0xf2,0xf0,0xee,0xf1,0xf2,0xfc,0xd,0xa,0xf2,0xf0,0xf3,0xf1,0xe8,0xea,
  0xd,0xa,0xf3,0xf1,0xf2,0xee,0xe9,0xf7,0xe8,0xe2,0xee,0xf1,0xf2,0xfc,0xd,0xa,
  0xf4,0xeb,0xe8,0xe3,0xe5,0xeb,0xfc,0xd,0xa,0xe0,0xeb,0xea,0xee,0xe3,0xee,0xeb,
  0xe8,0xea,0xd,0xa,0xe1,0xe5,0xe9,0xd,0xa,0xe2,0xe5,0xed,0xe5,0xf6,0xd,0xa,
  0xe4,0xe5,0xea,0xe0,0xed,0xd,0xa,0xe4,0xf0,0xee,0xe7,0xe4,0xd,0xa,0xea,0xee,
  0xf0,0xee,0xeb,0xe5,0xe2,0xf1,0xf2,0xe2,0xee,0xd,0xa,0xec,0xe0,0xed,0xe5,0xe2,
  0xf0,0xd,0xa,0xed,0xe0,0xef,0xee,0xf0,0xd,0xa,0xee,0xe1,0xf1,0xeb,0xe5,0xe4,
  0xee,0xe2,0xe0,0xed,0xe8,0xe5,0xd,0xa,0xee,0xe1,0xfb,0xea,0xed,0xee,0xe2,0xe5,
  0xed,0xe8,0xe5,0xd,0xa,0xef,0xe0,0xf3,0xea,0xd,0xa,0xef,0xee,0xf2,0xf0,0xe5,
  0xe1,0xe8,0xf2,0xe5,0xeb,0xfc,0xd,0xa,0xef,0xf0,0xee,0xe4,0xee,0xe2,0xee,0xeb,
  0xfc,0xf1,0xf2,0xe2,0xe8,0xe5,0xd,0xa,0xf1,0xf2,0xe0,0xed,0xe4,0xe0,0xf0,0xf2,
  0xd,0xa,0xf6,0xe2,0xe5,0xf2,0xee,0xf7,0xe5,0xea,0xd,0xa,0xf7,0xf3,0xf2,0xfc,
  0xe5,0xd,0xa,0xe0,0xea,0xea,0xee,0xf0,0xe4,0xe5,0xee,0xed,0xd,0xa,0xe0,0xee,
  0xf0,0xf2,0xe0,0xd,0xa,0xe0,0xf0,0xe8,0xf2,0xec,0xe8,0xff,0xd,0xa,0xe0,0xf1,
  0xf2,0xf0,0xe0,0xf5,0xe0,0xed,0xfc,0xd,0xa,0xe0,0xf4,0xe3,0xe0,0xed,0xe5,0xf6,
  0xd,0xa,0xe1,0xe0,0xe1,0xed,0xe8,0xea,0xd,0xa,0xe1,0xe0,0xe4,0xe8,0xed,0xd,
  0xa,0xe1,0xe0,0xea,0xe0,0xeb,0xe4,0xe8,0xed,0xd,0xa,0xe1,0xe0,0xec,0xef,0xe5,
  0xf0,0xd,0xa,0xe1,0xeb,0xfe,0xf1,0xf2,0xe8,0xf2,0xe5,0xeb,0xfc,0xd,0xa,0xe2,
  0xee,0xee,0xe1,0xf0,0xe0,0xe6,0xe0,0xeb,0xe0,0xd,0xa,0xe2,0xf1,0xe5,0xec,0xee,
  0xe3,0xf3,0xf9,0xe5,0xf1,0xf2,0xe2,0xee,0xd,0xa,0xe2,0xfb,0xf0,0xe0,0xe6,0xe5,
  0xed,0xed,0xee,0xf1,0xf2,0xfc,0xd,0xa,0xe3,0xe5,0xf0,0xe0,0xf1,0xe8,0xec,0xee,
  0xe2,0xea,0xe0,0xd,0xa,0xe3,0xee,0xeb,0xee,0xe2,0xf3,0xf8,0xea,0xe0,0xd,0xa,
  0xe3,0xee,0xed,0xe5,0xed,0xe8,0xe5,0xd,0xa,0xe3,0xf0,0xe5,0xe1,0xe5,0xed,0xea,
  0xe0,0xd,0xa,0xe3,0xf0,0xf3,0xf8,0xee,0xe2,0xea,0xe0,0xd,0xa,0xe4,0xee,0xe3,
  0xd,0xa,0xe6,0xe0,0xea,0xe5,0xf2,0xd,0xa,0xe6,0xe0,0xf0,0xee,0xe2,0xed,0xff,
  0xd,0xa,0xe6,0xee,0xed,0xe3,0xeb,0xe5,0xf0,0xd,0xa,0xe7,0xe0,0xe3,0xeb,0xe0,
  0xe2,0xe8,0xe5,0xd,0xa,0xe7,0xeb,0xee,0xf2,0xed,0xe8,0xea,0xee,0xe2,0xe0,0xd,
  0xa,0xe8,0xe3,0xee,0xd,0xa,0xe8,0xe7,0xeb,0xee,0xec,0xd,0xa,0xe8,0xed,0xea,
  0xe2,0xe8,0xe7,0xe8,0xf2,0xee,0xf0,0xd,0xa,0xea,0xe0,0xeb,0xe8,0xed,0xea,0xe0,
  0xd,0xa,0xea,0xe0,0xec,0xe1,0xe0,0xeb,0xe0,0xd,0xa,0xea,0xeb,0xe5,0xe2,0xd,
  0xa,0xea,0xee,0xe7,0xe5,0xf0,0xee,0xe3,0xd,0xa,0xea,0xee,0xeb,0xee,0xed,0xe8,
  0xf1,0xf2,0xd,0xa,0xea,0xee,0xeb,0xee,0xf2,0xf3,0xf8,0xea,0xe0,0xd,0xa,0xea,
  0xee,0xec,0xe0,0xd,0xa,0xea,0xee,0xef,0xf2,0xe8,0xeb,0xea,0xe0,0xd,0xa,0xeb,
  0xe0,0xe3,0xe5,0xf0,0xed,0xe8,0xea,0xd,0xa,0xeb,0xe0,0xe9,0xea,0xe0,0xd,0xa,
  0xeb,0xe0,0xed,0xd,0xa,0xeb,0xe0,0xf7,0xf3,0xe3,0xe0,0xd,0xa,0xeb,0xf3,0xea,
  0xee,0xe2,0xe8,0xf6,0xe0,0xd,0xa,0xec,0xe0,0xe7,0xee,0xea,0xd,0xa,0xec,0xe8,
  0xeb,0xee,0xf1,0xf2,0xfb,0xed,0xff,0xd,0xa,0xec,0xee,0xeb,0xee,0xe4,0xed,0xff,
  0xea,0xd,0xa,0xed,0xe0,0xe1,0xeb,0xfe,0xe4,0xe0,0xf2,0xe5,0xeb,0xfc,0xed,0xee,
  0xf1,0xf2,0xfc,0xd,0xa,0xed,0xe0,0xeb,0xe5,0xf2,0xf7,0xe8,0xea,0xd,0xa,0xed,
  0xe5,0xe9,0xf2,0xf0,0xe0,0xeb,0xe8,0xf2,0xe5,0xf2,0xd,0xa,0xee,0xe1,0xeb,0xee,
  0xec,0xd,0xa,0xee,0xe2,0xe5,0xf7,0xea,0xe0,0xd,0xa,0xee,0xea,0xf0,0xe0,0xf8,
  0xe8,0xe2,0xe0,0xed,0xe8,0xe5,0xd,0xa,0xee,0xec,0xe5,0xf0,0xe7,0xe5,0xed,0xe8,
  0xe5,0xd,0xa,0xee,0xef,0xe5,0xea,0xf3,0xed,0xd,0xa,0xef,0xe0,0xef,0xe0,0xed,
  0xff,0xd,0xa,0xef,0xe5,0xf0,0xe5,0xe1,0xf0,0xee,0xf1,0xea,0xe0,0xd,0xa,0xef,
  0xe5,0xf0,0xe5,0xea,0xe8,0xf1,0xfc,0xd,0xa,0xef,0xe8,0xf6,0xf6,0xe0,0xd,0xa,
  0xef,0xee,0xe4,0xeb,0xe5,0xf1,0xee,0xea,0xd,0xa,0xef,0xee,0xeb,0xf3,0xf1,0xf2,
  0xe0,0xed,0xee,0xea,0xd,0xa,0xef,0xf0,0xe5,0xea,0xeb,0xee,0xed,0xe5,0xed,0xe8,
  0xe5,0xd,0xa,0xef,0xf0,0xe8,0xe2,0xe5,0xf0,0xe6,0xe5,0xed,0xe5,0xf6,0xd,0xa,
  0xef,0xf0,0xe8,0xe7,0xed,0xe0,0xf2,0xe5,0xeb,0xfc,0xed,0xee,0xf1,0xf2,0xfc,0xd,
  0xa,0xef,0xf0,0xe8,0xeb,0xe8,0xef,0xe0,0xeb,0xee,0xd,0xa,0xef,0xf0,0xe8,0xed,
  0xf6,0xe8,0xef,0xe8,0xe0,0xeb,0xfc,0xed,0xee,0xf1,0xf2,0xfc,0xd,0xa,0xef,0xf0,
  0xee,0xea,0xee,0xef,0xe5,0xed,0xea,0xee,0xd,0xa,0xef,0xf0,0xee,0xf1,0xe5,0xea,
  0xd,0xa,0xf0,0xe0,0xf1,0xef,0xf0,0xff,0xd,0xa,0xf0,0xe0,0xf1,0xf5,0xee,0xe6,
  0xe4,0xe5,0xed,0xe8,0xe5,0xd,0xa,0xf1,0xe0,0xe2,0xea,0xe0,0xd,0xa,0xf1,0xe0,
  0xe9,0xe3,0xe0,0xea,0xd,0xa,0xf1,0xe0,0xec,0xe1,0xee,0xd,0xa,0xf1,0xe2,0xe0,
  0xff,0xd,0xa,0xf1,0xe2,0xe8,0xed,0xf1,0xf2,0xe2,0xee,0xd,0xa,0xf1,0xe2,0xee,
  0xff,0xea,0xd,0xa,0xf1,0xe8,0xec,0xf3,0xeb,0xff,0xed,0xf2,0xd,0xa,0xf1,0xea,
  0xe0,0xf0,0xe1,0xd,0xa,0xf1,0xec,0xee,0xf2,0xf0,0xd,0xa,0xf1,0xee,0xeb,0xff,
  0xed,0xea,0xe0,0xd,0xa,0xf1,0xee,0xed,0xe5,0xf2,0xd,0xa,0xf1,0xf2,0xe5,0xe6,
  0xee,0xea,0xd,0xa,0xf1,0xf3,0xe1,0xe1,0xee,0xf2,0xed,0xe8,0xea,0xd,0xa,0xf1,
  0xf3,0xe1,0xee,0xf0,0xe4,0xe8,0xed,0xe0,0xf6,0xe8,0xff,0xd,0xa,0xf1,0xf3,0xf5,
  0xee,0xe2,0xe0,0xd,0xa,0xf1,0xf5,0xee,0xe4,0xea,0xe0,0xd,0xa,0xf2,0xee,0xeb,
  0xd,0xa,0xf2,0xee,0xec,0xe0,0xf2,0xd,0xa,0xf2,0xee,0xec,0xeb,0xe5,0xed,0xe8,
  0xe5,0xd,0xa,0xf2,0xee,0xf0,0xec,0xee,0xe6,0xe5,0xed,0xe8,0xe5,0xd,0xa,0xf3,
  0xec,0xed,0xee,0xe6,0xe5,0xed,0xe8,0xe5,0xd,0xa,0xf3,0xf0,0xe0,0xed,0xd,0xa,
  0xf4,0xe5,0xed,0xd,0xa,0xf4,0xe8,0xeb,0xe0,0xd,0xa,0xf5,0xe0,0xf1,0xe0,0xed,
  0xd,0xa,0xf5,0xeb,0xee,0xef,0xd,0xa,0xf8,0xe5,0xe9,0xf5,0xd,0xa,0xf8,0xe8,
  0xeb,0xee,0xe2,0xe0,0xd,0xa,0xf8,0xef,0xe0,0xe3,0xe8,0xed,0xe0,0xd,0xa,0xf8,
  0xf2,0xf3,0xea,0xee,0xe2,0xe8,0xed,0xe0,0xd,0xa,0xf8,0xf2,0xfb,0xf0,0xfc,0xd,
  0xa,0xf8,0xf3,0xe2,0xe0,0xeb,0xee,0xe2,0xe0,0xd,0xa,0xf8,0xf3,0xf0,0xe8,0xed,
  0xd,0xa,0xfd,0xea,0xf1,0xef,0xe0,0xed,0xf1,0xe8,0xff,0xd,0xa,0xe0,0xe3,0xe0,
  0xf4,0xee,0xed,0xee,0xe2,0xe0,0xd,0xa,0xe0,0xe3,0xe5,0xed,0xf2,0xf3,0xf0,0xe0,
  0xd,0xa,0xe0,0xea,0xf2,0xe8,0xe2,0xd,0xa,0xe0,0xfd,0xf0,0xee,0xf4,0xeb,0xee,
  0xf2,0xd,0xa,0xe1,0xe0,0xf0,0xe0,0xed,0xe8,0xed,0xe0,0xd,0xa,0xe1,0xf3,0xeb,
  0xe4,0xe0,0xea,0xee,0xe2,0xd,0xa,0xe2,0xf0,0xe0,0xf7,0xe8,0xf5,0xe0,0xd,0xa,
  0xe3,0xf3,0xf2,0xe0,0xd,0xa,0xe4,0xe8,0xed,0xe0,0xec,0xe8,0xea,0xe0,0xd,0xa,
  0xe6,0xe0,0xf0,0xe3,0xee,0xed,0xd,0xa,0xe7,0xe0,0xe2,0xe8,0xf1,0xf2,0xed,0xe8,
  0xea,0xd,0xa,0xe7,0xe5,0xed,0xe8,0xf2,0xd,0xa,0xe8,0xe4,0xe8,0xee,0xf2,0xe8,
  0xe7,0xec,0xd,0xa,0xe8,0xed,0xf2,0xe5,0xed,0xf1,0xe8,0xe2,0xed,0xee,0xf1,0xf2,
  0xfc,0xd,0xa,0xe8,0xed,0xf2,0xe5,0xf0,0xfc,0xe5,0xf0,0xd,0xa,0xea,0xe0,0xea,
  0xf2,0xf3,0xf1,0xd,0xa,0xea,0xe0,0xef,0xea,0xe0,0xed,0xd,0xa,0xea,0xee,0xeb,
  0xeb,0xe5,0xe3,0xe8,0xff,0xd,0xa,0xea,0xee,0xed,0xf2,0xf0,0xe0,0xf1,0xf2,0xd,
  0xa,0xea,0xef,0xf0,0xf4,0xd,0xa,0xea,0xf3,0xea,0xf3,0xf8,0xea,0xe0,0xd,0xa,
  0xea,0xf3,0xeb,0xe5,0xea,0xd,0xa,0xeb,0xe0,0xe1,0xee,0xf0,0xe0,0xed,0xf2,0xd,
  0xa,0xeb,0xee,0xea,0xe0,0xeb,0xe8,0xe7,0xe0,0xf6,0xe8,0xff,0xd,0xa,0xec,0xe8,
  0xeb,0xeb,0xe8,0xe0,0xf0,0xe4,0xd,0xa,0xec,0xee,0xeb,0xfc,0xd,0xa,0xec,0xf3,
  0xe7,0xe0,0xd,0xa,0xed,0xe0,0xe6,0xe8,0xec,0xd,0xa,0xed,0xe5,0xe2,0xe7,0xe3,
  0xee,0xe4,0xe0,0xd,0xa,0xee,0xe1,0xe8,0xf5,0xee,0xe4,0xd,0xa,0xee,0xe6,0xe5,
  0xf0,0xe5,0xeb,0xfc,0xe5,0xd,0xa,0xee,0xf2,0xf7,0xf3,0xe6,0xe4,0xe5,0xed,0xe8,
  0xe5,0xd,0xa,0xef,0xe0,0xea,0xe5,0xf2,0xe8,0xea,0xd,0xa,0xef,0xe5,0xf0,0xf1,
  0xe8,0xea,0xd,0xa,0xef,0xee,0xe3,0xf0,0xee,0xec,0xd,0xa,0xef,0xee,0xe7,0xe4,
  0xf0,0xe0,0xe2,0xeb,0xe5,0xed,0xe8,0xe5,0xd,0xa,0xef,0xf0,0xe0,0xe2,0xe8,0xeb,
  0xfc,0xed,0xee,0xf1,0xf2,0xfc,0xd,0xa,0xef,0xf0,0xe5,0xe5,0xec,0xed,0xe8,0xea,
  0xd,0xa,0xef,0xf0,0xe5,0xf1,0xf2,0xe8,0xe6,0xd,0xa,0xef,0xf0,0xee,0xf6,0xe5,
  0xf1,0xf1,0xe8,0xff,0xd,0xa,0xf0,0xe0,0xf1,0xef,0xee,0xf0,0xff,0xe4,0xee,0xea,
  0xd,0xa,0xf1,0xef,0xe8,0xf6,0xfb,0xed,0xd,0xa,0xf1,0xf2,0xe0,0xf0,0xee,0xe6,
  0xe8,0xeb,0xd,0xa,0xf2,0xe0,0xe1,0xf3,0xed,0xd,0xa,0xf2,0xe5,0xeb,0xe5,0xf4,
  0xee,0xed,0xe8,0xf1,0xf2,0xd,0xa,0xf2,0xe5,0xed,0xed,0xe8,0xf1,0xd,0xa,0xf4,
  0xe0,0xed,0xe0,0xf2,0xe8,0xea,0xd,0xa,0xf4,0xe8,0xeb,0xff,0xd,0xa,0xf5,0xe0,
  0xf0,0xf7,0xe5,0xe2,0xed,0xff,0xd,0xa,0xf5,0xee,0xeb,0xe5,0xf0,0xe0,0xd,0xa,
  0xf6,0xe8,0xf4,0xe5,0xf0,0xe1,0xeb,0xe0,0xf2,0xd,0xa,0xfd,0xf1,0xea,0xe8,0xe7,
  0xd,0xa,0xe1,0xe0,0xed,0xee,0xf7,0xea,0xe0,0xd,0xa,0xe1,0xe8,0xf7,0xd,0xa,
  0xe3,0xe5,0xf0,0xe1,0xd,0xa,0xe7,0xe0,0xe4,0xf3,0xec,0xf7,0xe8,0xe2,0xee,0xf1,
  0xf2,0xfc,0xd,0xa,0xea,0xeb,0xe8,0xed,0xd,0xa,0xed,0xe0,0xe2,0xee,0xe7,0xd,
  0xa,0xee,0xe1,0xe7,0xee,0xf0,0xd,0xa,0xef,0xe8,0xe6,0xe0,0xec,0xe0,0xd,0xa,
  0xef,0xf0,0xee,0xe2,0xee,0xea,0xe0,0xf6,0xe8,0xff,0xd,0xa,0xef,0xf0,0xee,0xf2,
  0xe8,0xe2,0xee,0xef,0xee,0xeb,0xee,0xe6,0xed,0xee,0xf1,0xf2,0xfc,0xd,0xa,0xef,
  0xff,0xf2,0xed,0xfb,0xf8,0xea,0xee,0xd,0xa,0xf0,0xee,0xe6,0xe4,0xe5,0xf1,0xf2,
  0xe2,0xee,0xd,0xa,0xf1,0xee,0xf6,0xe8,0xee,0xeb,0xee,0xe3,0xd,0xa,0xf1,0xef,
  0xeb,0xe5,0xf2,0xed,0xff,0xd,0xa,0xf1,0xf2,0xe0,0xe2,0xe5,0xed,0xfc,0xd,0xa,
  0xf1,0xf2,0xe0,0xed,0xee,0xe2,0xeb,0xe5,0xed,0xe8,0xe5,0xd,0xa,0xf1,0xf3,0xec,
  0xe0,0xf1,0xe1,0xf0,0xee,0xe4,0xd,0xa,0xf2,0xf0,0xe8,0xe1,0xf3,0xed,0xe0,0xeb,
  0xd,0xa,0xf2,0xf3,0xf0,0xe0,0xd,0xa,0xf7,0xe5,0xec,0xef,0xe8,0xee,0xed,0xe0,
  0xf2,0xd,0xa,0xf8,0xe8,0xed,0xe0,0xd,0xa,0xfd,0xea,0xf1,0xef,0xee,0xed,0xe0,
  0xf2,0xd,0xa,0xe0,0xe4,0xec,0xe8,0xf0,0xe0,0xeb,0xf2,0xe5,0xe9,0xf1,0xf2,0xe2,
  0xee,0xd,0xa,0xe0,0xeb,0xe5,0xea,0xf1,0xe0,0xed,0xe4,0xf0,0xee,0xe2,0xe0,0xd,
  0xa,0xe0,0xeb,0xf5,0xe8,0xec,0xe8,0xea,0xd,0xa,0xe0,0xeb,0xff,0xf1,0xea,0xe0,
  0xd,0xa,0xe0,0xf0,0xec,0xe0,0xf2,0xf3,0xf0,0xe0,0xd,0xa,0xe0,0xf1,0xf2,0xf0,
  0xe0,0xd,0xa,0xe1,0xe0,0xeb,0xea,0xe0,0xed,0xfb,0xd,0xa,0xe1,0xe5,0xe7,0xf0,
  0xf3,0xea,0xe0,0xe2,0xea,0xe0,0xd,0xa,0xe1,0xe8,0xf0,0xea,0xe0,0xd,0xa,0xe1,
  0xeb,0xff,0xf8,0xea,0xe0,0xd,0xa,0xe1,0xee,0xe1,0xf0,0xd,0xa,0xe2,0xe0,0xea,
  0xf5,0xe0,0xed,0xe0,0xeb,0xe8,0xff,0xd,0xa,0xe2,0xe0,0xf5,0xd,0xa,0xe2,0xe5,
  0xf0,0xee,0xe8,0xf1,0xef,0xee,0xe2,0xe5,0xe4,0xe0,0xed,0xe8,0xe5,0xd,0xa,0xe2,
  0xe5,0xf1,0xfc,0xd,0xa,0xe2,0xee,0xe4,0xff,0xed,0xee,0xe9,0xd,0xa,0xe2,0xee,
  0xe7,0xec,0xe5,0xf9,0xe5,0xed,0xe8,0xe5,0xd,0xa,0xe2,0xee,0xef,0xf0,0xee,0xf1,
  0xe8,0xea,0xd,0xa,0xe2,0xee,0xf0,0xf1,0xd,0xa,0xe2,0xf1,0xf5,0xeb,0xe8,0xef,
  0xfb,0xe2,0xe0,0xed,0xe8,0xe5,0xd,0xa,0xe2,0xfb,0xec,0xe8,0xf0,0xe0,0xed,0xe8,
  0xe5,0xd,0xa,0xe3,0xe8,0xe1,0xf0,0xe8,0xe4,0xd,0xa,0xe3,0xeb,0xe0,0xe4,0xe8,
  0xe0,0xf2,0xee,0xf0,0xd,0xa,0xe3,0xee,0xeb,0xee,0xe2,0xf7,0xe8,0xed,0xe5,0xf0,
  0xd,0xa,0xe3,0xee,0xf0,0xee,0xe4,0xe8,0xf9,0xe5,0xd,0xa,0xe3,0xee,0xf0,0xf1,
  0xf2,0xee,0xf7,0xea,0xe0,0xd,0xa,0xe3,0xee,0xf1,0xea,0xee,0xec,0xe8,0xec,0xf3,
  0xf9,0xe5,0xf1,0xf2,0xe2,0xee,0xd,0xa,0xe3,0xf0,0xe0,0xec,0xee,0xf2,0xed,0xee,
  0xf1,0xf2,0xfc,0xd,0xa,0xe3,0xf0,0xee,0xec,0xea,0xee,0xe3,0xee,0xe2,0xee,0xf0,
  0xe8,0xf2,0xe5,0xeb,0xfc,0xd,0xa,0xe4,0xe6,0xe5,0xec,0xef,0xe5,0xf0,0xd,0xa,
  0xe4,0xee,0xe2,0xe5,0xf1,0xee,0xea,0xd,0xa,0xe4,0xee,0xf1,0xf2,0xf3,0xef,0xed,
  0xee,0xf1,0xf2,0xfc,0xd,0xa,0xe4,0xf3,0xf8,0xe5,0xe3,0xf3,0xe1,0xd,0xa,0xe6,
  0xf3,0xeb,0xfc,0xe5,0xd,0xa,0xe7,0xe0,0xe3,0xee,0xf0,0xf1,0xea,0xd,0xa,0xe7,
  0xe0,0xe5,0xe7,0xe4,0xd,0xa,0xe7,0xe0,0xe6,0xe8,0xe2,0xeb,0xe5,0xed,0xe8,0xe5,
  0xd,0xa,0xe7,0xe0,0xec,0xe0,0xf8,0xea,0xe0,0xd,0xa,0xe7,0xe0,0xef,0xee,0xf0,
  0xee,0xe6,0xfc,0xe5,0xd,0xa,0xe8,0xe2,0xed,0xff,0xea,0xd,0xa,0xe8,0xe7,0xec,
  0xe5,0xed,0xf7,0xe8,0xe2,0xee,0xf1,0xf2,0xfc,0xd,0xa,0xe8,0xf0,0xeb,0xe0,0xed,
  0xe4,0xe5,0xf6,0xd,0xa,0xe8,0xf1,0xef,0xfb,0xf2,0xe0,0xf2,0xe5,0xeb,0xfc,0xd,
  0xa,0xea,0xe0,0xe9,0xe7,0xe5,0xf0,0xd,0xa,0xea,0xe0,0xef,0xf1,0xfe,0xeb,0xfc,
  0xd,0xa,0xea,0xe0,0xf0,0xe0,0xf2,0xd,0xa,0xea,0xe8,0xeb,0xee,0xe2,0xe0,0xf2,
  0xf2,0xd,0xa,0xea,0xe8,0xed,0xee,0xe0,0xea,0xf2,0xe5,0xf0,0xd,0xa,0xea,0xee,
  0xe7,0xff,0xe2,0xea,0xe0,0xd,0xa,0xea,0xee,0xec,0xed,0xe0,0xf2,0xe5,0xed,0xea,
  0xe0,0xd,0xa,0xea,0xee,0xed,0xe4,0xf3,0xe8,0xf2,0xd,0xa,0xea,0xee,0xed,0xf6,
  0xe5,0xed,0xf2,0xf0,0xe0,0xf2,0xee,0xf0,0xd,0xa,0xea,0xee,0xf0,0xf7,0xec,0xe0,
  0xd,0xa,0xea,0xf0,0xe5,0xf1,0xeb,0xe8,0xf6,0xe5,0xd,0xa,0xea,0xf0,0xee,0xe2,
  0xee,0xf1,0xed,0xe0,0xe1,0xe6,0xe5,0xed,0xe8,0xe5,0xd,0xa,0xea,0xf3,0xf0,0xfc,
  0xe5,0xe7,0xd,0xa,0xea,0xf3,0xf6,0xe5,0xed,0xea,0xee,0xd,0xa,0xeb,0xe5,0xe4,
  0xee,0xf5,0xee,0xe4,0xd,0xa,0xeb,0xe5,0xea,0xf1,0xe8,0xea,0xe0,0xd,0xa,0xeb,
  0xe5,0xf1,0xee,0xe2,0xee,0xe7,0xd,0xa,0xeb,0xe5,0xf4,0xee,0xf0,0xf2,0xee,0xe2,
  0xee,0xd,0xa,0xeb,0xe8,0xf1,0xe8,0xf7,0xea,0xe0,0xd,0xa,0xeb,0xe8,0xf1,0xf2,
  0xee,0xef,0xe0,0xe4,0xd,0xa,0xeb,0xe8,0xf7,0xe8,0xed,0xe0,0xd,0xa,0xeb,0xee,
  0xe4,0xe6,0xe8,0xff,0xd,0xa,0xeb,0xee,0xe6,0xe1,0xe8,0xed,0xea,0xe0,0xd,0xa,
  0xeb,0xfc,0xe2,0xe8,0xf6,0xe0,0xd,0xa,0xeb,0xfe,0xe1,0xe5,0xea,0xd,0xa,0xeb,
  0xfe,0xec,0xef,0xe5,0xed,0xd,0xa,0xec,0xe0,0xe2,0xf0,0xd,0xa,0xec,0xe0,0xf0,
  0xe8,0xee,0xed,0xe5,0xf2,0xea,0xe0,0xd,0xa,0xec,0xe5,0xe4,0xe8,0xf3,0xec,0xd,
  0xa,0xec,0xee,0xeb,0xee,0xf5,0xd,0xa,0xed,0xe0,0xeb,0xe8,0xf7,0xed,0xee,0xf1,
  0xf2,0xfc,0xd,0xa,0xed,0xe0,0xf1,0xeb,0xe5,0xe4,0xed,0xe8,0xf6,0xe0,0xd,0xa,
  0xed,0xe0,0xf7,0xe8,0xed,0xe0,0xfe,0xf9,0xe8,0xe9,0xd,0xa,0xed,0xe5,0xe2,0xe8,
  0xe4,0xe0,0xeb,0xfc,0xd,0xa,0xed,0xe5,0xe4,0xee,0xf3,0xf7,0xea,0xe0,0xd,0xa,
  0xed,0xe5,0xee,0xf2,0xe2,0xf0,0xe0,0xf2,0xe8,0xec,0xee,0xf1,0xf2,0xfc,0xd,0xa,
  0xed,0xe5,0xf1,0xf2,0xe0,0xe1,0xe8,0xeb,0xfc,0xed,0xee,0xf1,0xf2,0xfc,0xd,0xa,
  0xed,0xee,0xe2,0xee,0xea,0xe0,0xe8,0xed,0xd,0xa,0xed,0xee,0xea,0xe0,0xf3,0xf2,
  0xd,0xa,0xed,0xee,0xee,0xf1,0xf4,0xe5,0xf0,0xe0,0xd,0xa,0xed,0xee,0xf1,0xee,
  0xf7,0xe5,0xea,0xd,0xa,0xed,0xfe,0xf0,0xed,0xe1,0xe5,0xf0,0xe3,0xd,0xa,0xee,
  0xe4,0xe5,0xf0,0xe6,0xe8,0xec,0xee,0xf1,0xf2,0xfc,0xd,0xa,0xee,0xeb,0xe8,0xe3,
  0xe0,0xf0,0xf5,0xe8,0xff,0xd,0xa,0xee,0xec,0xeb,0xe5,0xf2,0xd,0xa,0xee,0xef,
  0xe5,0xf7,0xe0,0xf2,0xea,0xe0,0xd,0xa,0xee,0xf1,0xf2,0xf0,0xff,0xea,0xd,0xa,
  0xee,0xf2,0xec,0xe5,0xf2,0xe8,0xed,0xe0,0xd,0xa,0xef,0xe0,0xea,0xe3,0xe0,0xf3,
  0xe7,0xd,0xa,0xef,0xe0,0xef,0xe5,0xed,0xfc,0xea,0xe0,0xd,0xa,0xef,0xe0,0xf0,
  0xf2,0xf1,0xee,0xe1,0xf0,0xe0,0xed,0xe8,0xe5,0xd,0xa,0xef,0xe0,0xf1,0xf2,0xfb,
  0xf0,0xfc,0xd,0xa,0xef,0xe5,0xea,0xd,0xa,0xef,0xe5,0xf0,0xe5,0xec,0xe5,0xf2,
  0xd,0xa,0xef,0xe5,0xf0,0xe8,0xee,0xe4,0xe8,0xe7,0xe0,0xf6,0xe8,0xff,0xd,0xa,
  0xef,0xeb,0xe0,0xe2,0xd,0xa,0xef,0xeb,0xe0,0xe3,0xe8,0xe0,0xf2,0xd,0xa,0xef,
  0xeb,0xe0,0xed,0xe5,0xf2,0xee,0xeb,0xee,0xe3,0xd,0xa,0xef,0xeb,0xe5,0xe9,0xe1,
  0xee,0xe9,0xd,0xa,0xef,0xeb,0xe8,0xec,0xf3,0xf2,0xf0,0xee,0xea,0xd,0xa,0xef,
  0xee,0xe2,0xe5,0xf0,0xfc,0xe5,0xd,0xa,0xef,0xee,0xe4,0xe2,0xe0,0xeb,0xfc,0xf7,
  0xe8,0xea,0xd,0xa,0xef,0xee,0xe4,0xe5,0xeb,0xfc,0xed,0xe8,0xea,0xd,0xa,0xef,
  0xee,0xe4,0xea,0xf3,0xef,0xd,0xa,0xef,0xee,0xe4,0xec,0xee,0xf1,0xf2,0xea,0xe8,
  0xd,0xa,0xef,0xee,0xe4,0xf5,0xe2,0xe0,0xf2,0xd,0xa,0xef,0xee,0xe4,0xf8,0xeb,
  0xe5,0xec,0xed,0xe8,0xea,0xd,0xa,0xef,0xee,0xea,0xee,0xf0,0xe5,0xed,0xe8,0xe5,
  0xd,0xa,0xef,0xee,0xeb,0xe8,0xef,0xd,0xa,0xef,0xee,0xf2,0xe0,0xef,0xe5,0xed,
  0xea,0xee,0xd,0xa,0xef,0xee,0xf8,0xeb,0xff,0xea,0xd,0xa,0xef,0xf0,0xe8,0xe5,
  0xec,0xea,0xe0,0xd,0xa,0xef,0xf0,0xe8,0xf2,0xee,0xeb,0xee,0xea,0xe0,0xd,0xa,
  0xef,0xf0,0xee,0xf1,0xe2,0xe8,0xf0,0xed,0xff,0xea,0xd,0xa,0xef,0xf0,0xee,0xf2,
  0xe8,0xe2,0xee,0xe1,0xee,0xf0,0xf1,0xf2,0xe2,0xee,0xd,0xa,0xef,0xf3,0xe4,0xe8,
  0xed,0xe3,0xd,0xa,0xef,0xf3,0xed,0xea,0xf2,0xe8,0xea,0xd,0xa,0xef,0xf3,0xf8,
  0xe8,0xed,0xea,0xe0,0xd,0xa,0xf0,0xe5,0xe3,0xe8,0xf1,0xf2,0xf0,0xe0,0xf2,0xee,
  0xf0,0xd,0xa,0xf0,0xe5,0xf4,0xee,0xf0,0xec,0xe8,0xf0,0xee,0xe2,0xe0,0xed,0xe8,
  0xe5,0xd,0xa,0xf0,0xee,0xf1,0xef,0xf3,0xf1,0xea,0xd,0xa,0xf0,0xf3,0xe1,0xe0,
  0xf8,0xe5,0xf7,0xea,0xe0,0xd,0xa,0xf0,0xf3,0xe1,0xe8,0xeb,0xfc,0xed,0xe8,0xea,
  0xd,0xa,0xf0,0xf3,0xe1,0xeb,0xe8,0xea,0xd,0xa,0xf1,0xe0,0xe6,0xe5,0xed,0xe5,
  0xf6,0xd,0xa,0xf1,0xe0,0xec,0xee,0xef,0xee,0xe6,0xe5,0xf0,0xf2,0xe2,0xee,0xe2,
  0xe0,0xed,0xe8,0xe5,0xd,0xa,0xf1,0xe1,0xf0,0xee,0xe4,0xd,0xa,0xf1,0xe2,0xe0,
  0xf0,0xea,0xe0,0xd,0xa,0xf1,0xe2,0xe5,0xf0,0xf5,0xf1,0xf0,0xee,0xf7,0xed,0xe8,
  0xea,0xd,0xa,0xf1,0xe5,0xf0,0xe1,0xe8,0xff,0xd,0xa,0xf1,0xe5,0xf0,0xef,0xe0,
  0xed,0xf2,0xe8,0xed,0xd,0xa,0xf1,0xe8,0xe7,0xe8,0xf4,0xd,0xa,0xf1,0xe8,0xed,
  0xee,0xef,0xf2,0xe8,0xea,0xe0,0xd,0xa,0xf1,0xea,0xf0,0xe8,0xef,0xe8,0xf6,0xfb,
  0xed,0xe0,0xd,0xa,0xf1,0xeb,0xe0,0xe4,0xee,0xf1,0xf2,0xf0,0xe0,0xf1,0xf2,0xe8,
  0xe5,0xd,0xa,0xf1,0xee,0xe7,0xe8,0xe4,0xe0,0xed,0xe8,0xe5,0xd,0xa,0xf1,0xee,
  0xf0,0xee,0xf1,0xd,0xa,0xf1,0xee,0xf1,0xed,0xee,0xe2,0xe8,0xea,0xd,0xa,0xf1,
  0xef,0xe5,0xf0,0xec,0xe0,0xd,0xa,0xf1,0xf2,0xe0,0xf2,0xe8,0xf1,0xf2,0xd,0xa,
  0xf1,0xf2,0xee,0xeb,0xef,0xee,0xf2,0xe2,0xee,0xf0,0xe5,0xed,0xe8,0xe5,0xd,0xa,
  0xf1,0xf2,0xf0,0xee,0xef,0xe0,0xd,0xa,0xf1,0xfb,0xf0,0xee,0xea,0xd,0xa,0xf2,
  0xe0,0xe1,0xe0,0xf7,0xed,0xe8,0xea,0xd,0xa,0xf2,0xe5,0xeb,0xe5,0xef,0xe0,0xf2,
  0xd,0xa,0xf2,0xe5,0xf0,0xe0,0xea,0xf2,0xd,0xa,0xf2,0xe5,0xf2,0xf0,0xe0,0xf6,
  0xe8,0xea,0xeb,0xe8,0xed,0xd,0xa,0xf2,0xf0,0xe0,0xe2,0xeb,0xe5,0xed,0xe8,0xe5,
  0xd,0xa,0xf3,0xe1,0xee,0xe6,0xe5,0xf1,0xf2,0xe2,0xee,0xd,0xa,0xf3,0xe2,0xe0,
  0xeb,0xd,0xa,0xf3,0xe3,0xee,0xeb,0xfc,0xff,0xd,0xa,0xf3,0xe7,0xea,0xee,0xea,
  0xee,0xeb,0xe5,0xe9,0xea,0xe0,0xd,0xa,0xf3,0xef,0xf0,0xff,0xe6,0xfc,0xd,0xa,
  0xf3,0xf1,0xef,0xe5,0xe2,0xe0,0xe5,0xec,0xee,0xf1,0xf2,0xfc,0xd,0xa,0xf4,0xe0,
  0xeb,0xe0,0xed,0xe3,0xe0,0xd,0xa,0xf4,0xee,0xe1,0xe8,0xff,0xd,0xa,0xf4,0xee,
  0xeb,0xfc,0xea,0xf1,0xe2,0xe0,0xe3,0xe5,0xed,0xd,0xa,0xf4,0xee,0xed,0xf2,0xe0,
  0xed,0xea,0xe0,0xd,0xa,0xf4,0xf0,0xe5,0xe4,0xe4,0xe8,0xd,0xa,0xf5,0xf0,0xe8,
  0xef,0xee,0xf2,0xe0,0xd,0xa,0xf6,0xe2,0xe5,0xf2,0xed,0xee,0xe9,0xd,0xa,0xf6,
  0xe8,0xf0,0xea,0xe0,0xf7,0xd,0xa,0xf7,0xe5,0xf0,0xed,0xee,0xe7,0xe5,0xec,0xd,
  0xa,0xf7,0xe5,0xf0,0xf1,0xea,0xe8,0xe9,0xd,0xa,0xf7,0xe8,0xe6,0xd,0xa,0xf7,
  0xe8,0xf2,0xe0,0xd,0xa,0xf7,0xf3,0xe1,0xf7,0xe8,0xea,0xd,0xa,0xf8,0xe8,0xf0,
  0xef,0xee,0xf2,0xf0,0xe5,0xe1,0xd,0xa,0xf8,0xe8,0xf8,0xe5,0xf7,0xea,0xe0,0xd,
  0xa,0xf8,0xf3,0xf5,0xe5,0xf0,0xd,0xa,0xf9,0xe5,0xeb,0xea,0xe0,0xed,0xfc,0xe5,
  0xd,0xa,0xfd,0xf1,0xf1,0xe5,0xed,0xf6,0xe8,0xff,0xd,0xa,0xfd,0xf1,0xf2,0xe5,
  0xf2,0xe8,0xea,0xd,0xa,0xff,0xf1,0xe5,0xed,0xfc,0xd,0xa,0xff,0xf2,0xe0,0xe3,
  0xe0,0xed,0xd,0xa,0xe0,0xed,0xe0,0xf2,0xee,0xec,0xe8,0xff,0xd,0xa,0xe2,0xe0,
  0xf0,0xe5,0xe6,0xea,0xe0,0xd,0xa,0xe2,0xe4,0xee,0xf5,0xd,0xa,0xe3,0xee,0xf0,
  0xe1,0xf3,0xf8,0xea,0xe0,0xd,0xa,0xe4,0xe0,0xf0,0xee,0xe2,0xe0,0xed,0xe8,0xe5,
  0xd,0xa,0xe4,0xe5,0xf0,0xd,0xa,0xe6,0xe0,0xe2,0xee,0xf0,0xee,0xed,0xee,0xea,
  0xd,0xa,0xe7,0xe5,0xed,0xe8,0xf2,0xea,0xe0,0xd,0xa,0xea,0xeb,0xe0,0xe4,0xfc,
  0xd,0xa,0xea,0xee,0xf0,0xfb,0xf1,0xf2,0xfc,0xd,0xa,0xea,0xf0,0xe0,0xf1,0xe8,
  0xf2,0xe5,0xeb,0xfc,0xd,0xa,0xea,0xf0,0xee,0xe2,0xeb,0xff,0xd,0xa,0xeb,0xee,
  0xe3,0xd,0xa,0xec,0xe8,0xea,0xf0,0xee,0xee,0xf0,0xe3,0xe0,0xed,0xe8,0xe7,0xec,
  0xd,0xa,0xec,0xee,0xed,0xf3,0xec,0xe5,0xed,0xf2,0xd,0xa,0xec,0xff,0xf1,0xee,
  0xf0,0xf3,0xe1,0xea,0xe0,0xd,0xa,0xed,0xe8,0xea,0xee,0xeb,0xfc,0xd,0xa,0xee,
  0xf2,0xef,0xee,0xf0,0xd,0xa,0xef,0xe0,0xf0,0xf2,0xe8,0xe5,0xf6,0xd,0xa,0xef,
  0xe5,0xf0,0xe5,0xf1,0xe5,0xeb,0xe5,0xed,0xe5,0xf6,0xd,0xa,0xef,0xee,0xe4,0xea,
  0xeb,0xfe,0xf7,0xe5,0xed,0xe8,0xe5,0xd,0xa,0xef,0xf0,0xee,0xe1,0xee,0xf0,0xd,
  0xa,0xef,0xf3,0xe4,0xf0,0xe0,0xd,0xa,0xf0,0xe0,0xe2,0xe2,0xe8,0xed,0xd,0xa,
  0xf0,0xe0,0xe7,0xe3,0xf0,0xf3,0xe7,0xea,0xe0,0xd,0xa,0xf0,0xee,0xe4,0xed,0xe8,
  0xea,0xd,0xa,0xf1,0xf2,0xe0,0xe6,0xe5,0xf0,0xd,0xa,0xf2,0xf3,0xef,0xee,0xf1,
  0xf2,0xfc,0xd,0xa,0xf3,0xea,0xe0,0xe7,0xea,0xe0,0xd,0xa,0xf3,0xed,0xf2,0xe5,
  0xf0,0xd,0xa,0xf7,0xe5,0xf0,0xed,0xfc,0xd,0xa,0xf8,0xe0,0xf5,0xec,0xe0,0xf2,
  0xe8,0xf1,0xf2,0xd,0xa,0xf8,0xeb,0xe8,0xf4,0xee,0xe2,0xea,0xe0,0xd,0xa,0xfd,
  0xea,0xf1,0xef,0xee,0xe7,0xe8,0xf6,0xe8,0xff,0xd,0xa,0xfe,0xf0,0xf2,0xe0,0xd,
  0xa,0xe0,0xe2,0xee,0xf1,0xfc,0xea,0xe0,0xd,0xa,0xe0,0xe9,0xf1,0xe1,0xe5,0xf0,
  0xe3,0xd,0xa,0xe0,0xec,0xe1,0xe0,0xf0,0xd,0xa,0xe3,0xeb,0xe0,0xe2,0xe0,0xf0,
  0xfc,0xd,0xa,0xe4,0xee,0xf1,0xf3,0xe3,0xd,0xa,0xe4,0xf3,0xf0,0xfc,0xd,0xa,
  0xea,0xe0,0xf2,0xe0,0xeb,0xee,0xe3,0xd,0xa,0xea,0xee,0xec,0xee,0xf7,0xe5,0xea,
  0xd,0xa,0xeb,0xe5,0xf2,0xe8,0xe5,0xd,0xa,0xec,0xe0,0xec,0xea,0xe0,0xd,0xa,
  0xee,0xe1,0xeb,0xe0,0xe2,0xe0,0xd,0xa,0xee,0xe4,0xee,0xe1,0xf0,0xe5,0xed,0xe8,
  0xe5,0xd,0xa,0xef,0xe0,0xf4,0xee,0xf1,0xd,0xa,0xef,0xe5,0xf1,0xe8,0xea,0xd,
  0xa,0xef,0xee,0xeb,0xf3,0xed,0xee,0xf7,0xfc,0xd,0xa,0xef,0xf0,0xe8,0xe2,0xe0,
  0xeb,0xd,0xa,0xf0,0xe5,0xe0,0xeb,0xe8,0xe7,0xec,0xd,0xa,0xf1,0xe0,0xec,0xee,
  0xe4,0xe5,0xff,0xf2,0xe5,0xeb,0xfc,0xed,0xee,0xf1,0xf2,0xfc,0xd,0xa,0xf1,0xe0,
  0xec,0xee,0xf5,0xee,0xe4,0xea,0xe0,0xd,0xa,0xf1,0xeb,0xe8,0xe7,0xfc,0xd,0xa,
  0xf1,0xec,0xee,0xf2,0xf0,0xe8,0xf2,0xe5,0xeb,0xfc,0xd,0xa,0xf1,0xed,0xe0,0xf0,
  0xff,0xe6,0xe5,0xed,0xe8,0xe5,0xd,0xa,0xf1,0xf2,0xe0,0xe4,0xe8,0xe9,0xd,0xa,
  0xf2,0xf3,0xf8,0xe5,0xed,0xea,0xe0,0xd,0xa,0xf4,0xe5,0xff,0xd,0xa,0xe1,0xe5,
  0xe4,0xed,0xfb,0xe9,0xd,0xa,0xe3,0xee,0xe2,0xed,0xee,0xd,0xa,0xea,0xf0,0xee,
  0xed,0xe0,0xd,0xa,0xec,0xe0,0xf0,0xea,0xf1,0xe8,0xe7,0xec,0xd,0xa,0xec,0xe0,
  0xf1,0xf1,0xe0,0xe6,0xd,0xa,0xec,0xe0,0xff,0xea,0xd,0xa,0xef,0xe0,0xef,0xee,
  0xf7,0xea,0xe0,0xd,0xa,0xef,0xe5,0xf0,0xe5,0xe4,0xe2,0xe8,0xe6,0xe5,0xed,0xe8,
  0xe5,0xd,0xa,0xef,0xee,0xe4,0xee,0xeb,0xd,0xa,0xef,0xfc,0xff,0xed,0xf1,0xf2,
  0xe2,0xee,0xd,0xa,0xf2,0xee,0xed,0xea,0xee,0xf1,0xf2,0xfc,0xd,0xa,0xf4,0xe5,
  0xeb,0xfc,0xe4,0xf8,0xe5,0xf0,0xd,0xa,0xe0,0xf1,0xf2,0xe5,0xf0,0xee,0xe8,0xe4,
  0xd,0xa,0xe0,0xf2,0xe5,0xe8,0xf1,0xf2,0xd,0xa,0xe1,0xe0,0xe3,0xee,0xf0,0xd,
  0xa,0xe1,0xe0,0xf8,0xe5,0xed,0xea,0xe0,0xd,0xa,0xe1,0xe5,0xf0,0xe5,0xf2,0xd,
  0xa,0xe2,0xe5,0xe7,0xe5,0xed,0xe8,0xe5,0xd,0xa,0xe2,0xec,0xff,0xf2,0xe8,0xed,
  0xe0,0xd,0xa,0xe2,0xf0,0xf3,0xf7,0xe5,0xed,0xe8,0xe5,0xd,0xa,0xe3,0xf0,0xe0,
  0xe2,0xfe,0xf0,0xe0,0xd,0xa,0xe3,0xf0,0xee,0xe7,0xe4,0xd,0xa,0xe4,0xee,0xec,
  0xf0,0xe0,0xe1,0xee,0xf2,0xed,0xe8,0xf6,0xe0,0xd,0xa,0xe6,0xe0,0xf0,0xfb,0xd,
  0xa,0xe7,0xe0,0xe6,0xe8,0xe3,0xe0,0xed,0xe8,0xe5,0xd,0xa,0xe7,0xe0,0xea,0xf3,
  0xef,0xea,0xe0,0xd,0xa,0xe7,0xe0,0xef,0xeb,0xe0,0xf2,0xe0,0xd,0xa,0xe7,0xe0,
  0xf1,0xeb,0xee,0xed,0xea,0xe0,0xd,0xa,0xe8,0xe3,0xeb,0xf3,0xd,0xa,0xe8,0xe7,
  0xe2,0xe5,0xf9,0xe0,0xf2,0xe5,0xeb,0xfc,0xd,0xa,0xe8,0xe7,0xe2,0xe8,0xeb,0xe8,
  0xed,0xe0,0xd,0xa,0xe8,0xec,0xef,0xee,0xf2,0xe5,0xed,0xf2,0xd,0xa,0xe8,0xed,
  0xe2,0xe5,0xed,0xf2,0xe0,0xf0,0xfc,0xd,0xa,0xe8,0xed,0xe4,0xe5,0xea,0xf1,0xd,
  0xa,0xea,0xe0,0xed,0xf6,0xeb,0xe5,0xf0,0xd,0xa,0xea,0xeb,0xe5,0xf0,0xea,0xd,
  0xa,0xea,0xee,0xe7,0xee,0xed,0xee,0xea,0xd,0xa,0xea,0xee,0xf0,0xed,0xe8,0xeb,
  0xee,0xe2,0xe0,0xd,0xa,0xea,0xf0,0xe5,0xef,0xfb,0xf8,0xd,0xa,0xea,0xf3,0xf0,
  0xf2,0xe0,0xd,0xa,0xec,0xe0,0xe3,0xed,0xe8,0xf2,0xd,0xa,0xec,0xe0,0xed,0xe6,
  0xe5,0xf2,0xe0,0xd,0xa,0xec,0xe0,0xf5,0xe8,0xed,0xe0,0xf6,0xe8,0xff,0xd,0xa,
  0xec,0xe5,0xec,0xe1,0xf0,0xe0,0xed,0xe0,0xd,0xa,0xec,0xe5,0xf8,0xea,0xee,0xe2,
  0xe8,0xed,0xe0,0xd,0xa,0xec,0xe8,0xeb,0xfb,0xe9,0xd,0xa,0xec,0xe8,0xed,0xf3,
  0xf1,0xd,0xa,0xec,0xfb,0xf1,0xeb,0xe8,0xf8,0xea,0xe0,0xd,0xa,0xee,0xeb,0xe8,
  0xf4,0xe0,0xd,0xa,0xee,0xf1,0xe2,0xe5,0xe4,0xee,0xec,0xe8,0xf2,0xe5,0xeb,0xfc,
  0xd,0xa,0xee,0xf1,0xe2,0xee,0xe1,0xee,0xe4,0xe8,0xf2,0xe5,0xeb,0xfc,0xd,0xa,
  0xee,0xf1,0xee,0xea,0xe0,0xd,0xa,0xee,0xf2,0xe2,0xe0,0xeb,0xd,0xa,0xee,0xf2,
  0xe2,0xee,0xf0,0xee,0xf2,0xd,0xa,0xef,0xe0,0xf0,0xe0,0xef,0xe5,0xf2,0xd,0xa,
  0xef,0xe0,0xf0,0xee,0xe4,0xe8,0xff,0xd,0xa,0xef,0xe0,0xf1,0xf2,0xe1,0xe8,0xf9,
  0xe5,0xd,0xa,0xef,0xe5,0xea,0xe0,0xf0,0xfc,0xd,0xa,0xef,0xeb,0xe0,0xf1,0xf2,
  0xec,0xe0,0xf1,0xf1,0xe0,0xd,0xa,0xef,0xeb,0xe5,0xe4,0xd,0xa,0xef,0xee,0xe1,
  0xee,0xe8,0xf9,0xe5,0xd,0xa,0xef,0xee,0xe4,0xf2,0xff,0xe6,0xea,0xe0,0xd,0xa,
  0xef,0xee,0xed,0xff,0xf2,0xee,0xe9,0xd,0xa,0xef,0xee,0xf1,0xf2,0xf3,0xef,0xfc,
  0xd,0xa,0xef,0xee,0xf2,0xeb,0xe8,0xe2,0xee,0xf1,0xf2,0xfc,0xd,0xa,0xef,0xf0,
  0xe8,0xf1,0xf2,0xe0,0xe2,0xd,0xa,0xef,0xf0,0xee,0xe8,0xe7,0xed,0xee,0xf8,0xe5,
  0xed,0xe8,0xe5,0xd,0xa,0xef,0xf0,0xee,0xf1,0xf2,0xe8,0xeb,0xfc,0xd,0xa,0xef,
  0xf0,0xee,0xf2,0xe8,0xe2,0xee,0xe2,0xe5,0xf1,0xd,0xa,0xef,0xf0,0xee,0xf2,0xf0,
  0xe0,0xe2,0xe0,0xd,0xa,0xf0,0xe0,0xe7,0xe2,0xee,0xf0,0xee,0xf2,0xd,0xa,0xf1,
  0xe0,0xef,0xe8,0xe5,0xed,0xf1,0xd,0xa,0xf1,0xe0,0xf0,0xea,0xee,0xf4,0xe0,0xe3,
  0xd,0xa,0xf1,0xe0,0xf2,0xe8,0xf0,0xe8,0xea,0xd,0xa,0xf1,0xea,0xe0,0xea,0xf3,
  0xed,0xd,0xa,0xf1,0xee,0xeb,0xe8,0xf1,0xf2,0xd,0xa,0xf1,0xee,0xf6,0xe8,0xf3,
  0xec,0xd,0xa,0xf1,0xf2,0xf0,0xe0,0xed,0xf1,0xf2,0xe2,0xe8,0xe5,0xd,0xa,0xf2,
  0xe0,0xe9,0xec,0xd,0xa,0xf2,0xee,0xef,0xfc,0xd,0xa,0xf2,0xf3,0xed,0xed,0xe5,
  0xeb,0xfc,0xd,0xa,0xf3,0xe2,0xe4,0xd,0xa,0xf3,0xeb,0xfb,0xe1,0xee,0xf7,0xea,
  0xe0,0xd,0xa,0xf3,0xf2,0xee,0xef,0xe0,0xfe,0xf9,0xe8,0xe9,0xd,0xa,0xf4,0xe8,
  0xea,0xf1,0xe0,0xf6,0xe8,0xff,0xd,0xa,0xf5,0xe0,0xeb,0xff,0xe2,0xe0,0xd,0xa,
  0xf5,0xee,0xf0,0xee,0xe2,0xee,0xe4,0xd,0xa,0xf5,0xf0,0xee,0xed,0xe8,0xea,0xd,
  0xa,0xf8,0xe5,0xf0,0xe5,0xec,0xe5,0xf2,0xfc,0xe5,0xe2,0xee,0xd,0xa,0xfd,0xf1,
  0xea,0xe0,0xe4,0xf0,0xe8,0xeb,0xfc,0xff,0xd,0xa,0xff,0xf0,0xf3,0xf1,0xd,0xa,
  0xe0,0xe1,0xf1,0xf3,0xf0,0xe4,0xd,0xa,0xe2,0xe0,0xed,0xe5,0xf1,0xf1,0xe0,0xd,
  0xa,0xe2,0xe5,0xed,0xf2,0xe8,0xeb,0xff,0xf2,0xee,0xf0,0xd,0xa,0xe2,0xe7,0xf0,
  0xfb,0xe2,0xf7,0xe0,0xf2,0xea,0xe0,0xd,0xa,0xe2,0xfb,0xff,0xe2,0xeb,0xe5,0xed,
  0xe8,0xe5,0xd,0xa,0xe3,0xeb,0xf3,0xf5,0xee,0xe2,0xd,0xa,0xe4,0xf0,0xf3,0xe6,
  0xe8,0xed,0xed,0xe8,0xea,0xd,0xa,0xe7,0xe0,0xea,0xf3,0xf2,0xee,0xea,0xd,0xa,
  0xe8,0xed,0xfa,0xe5,0xea,0xf6,0xe8,0xff,0xd,0xa,0xea,0xe0,0xe1,0xe8,0xed,0xea,
  0xe0,0xd,0xa,0xea,0xe0,0xf2,0xee,0xf0,0xe3,0xe0,0xd,0xa,0xea,0xe0,0xf2,0xfe,
  0xf8,0xe0,0xd,0xa,0xea,0xee,0xf9,0xe5,0xe9,0xd,0xa,0xec,0xe0,0xed,0xe8,0xff,
  0xd,0xa,0xec,0xf1,0xfc,0xe5,0xd,0xa,0xec,0xf3,0xf8,0xea,0xe0,0xd,0xa,0xed,
  0xe5,0xef,0xee,0xe4,0xe2,0xe8,0xe6,0xed,0xee,0xf1,0xf2,0xfc,0xd,0xa,0xee,0xe2,
  0xe5,0xf1,0xd,0xa,0xee,0xf2,0xf0,0xe5,0xe7,0xee,0xea,0xd,0xa,0xef,0xee,0xe4,
  0xef,0xe8,0xf1,0xea,0xe0,0xd,0xa,0xef,0xf0,0xe8,0xe8,0xf1,0xea,0xd,0xa,0xf1,
  0xe5,0xf1,0xf2,0xf0,0xe5,0xed,0xea,0xe0,0xd,0xa,0xf1,0xf2,0xe8,0xef,0xe5,0xed,
  0xe4,0xe8,0xff,0xd,0xa,0xf5,0xe0,0xf0,0xfc,0xea,0xee,0xe2,0xd,0xa,0xf5,0xe8,
  0xf9,0xe5,0xed,0xe8,0xe5,0xd,0xa,0xe1,0xe0,0xe3,0xe0,0xe6,0xed,0xe8,0xea,0xd,
  0xa,0xe1,0xe5,0xe7,0xe4,0xe5,0xeb,0xfc,0xed,0xe8,0xea,0xd,0xa,0xe1,0xe5,0xf1,
  0xea,0xee,0xed,0xe5,0xf7,0xed,0xee,0xf1,0xf2,0xfc,0xd,0xa,0xe4,0xe5,0xea,0xee,
  0xf0,0xe0,0xf6,0xe8,0xff,0xd,0xa,0xea,0xee,0xed,0xf2,0xf0,0xee,0xeb,0xe5,0xf0,
  0xd,0xa,0xec,0xfb,0xf8,0xe5,0xe9,0xd,0xa,0xee,0xe2,0xf7,0xe0,0xf0,0xea,0xe0,
  0xd,0xa,0xef,0xe5,0xf0,0xe5,0xef,0xf0,0xe0,0xe2,0xe0,0xd,0xa,0xef,0xee,0xe4,
  0xec,0xee,0xf1,0xea,0xee,0xe2,0xfc,0xe5,0xd,0xa,0xef,0xf0,0xe8,0xeb,0xe8,0xe2,
  0xd,0xa,0xef,0xf0,0xe8,0xef,0xe0,0xe4,0xee,0xea,0xd,0xa,0xef,0xf1,0xe8,0xf5,
  0xee,0xeb,0xee,0xe3,0xd,0xa,0xf0,0xe5,0xef,0xee,0xf0,0xf2,0xe5,0xf0,0xd,0xa,
  0xf1,0xe8,0xf0,0xe5,0xed,0xfc,0xd,0xa,0xf2,0xf3,0xf8,0xfc,0xd,0xa,0xf5,0xee,
  0xeb,0xf1,0xf2,0xd,0xa,0xe0,0xf0,0xe0,0xe1,0xd,0xa,0xe3,0xf0,0xf3,0xe7,0xe8,
  0xed,0xd,0xa,0xe8,0xe7,0xe1,0xf3,0xf8,0xea,0xe0,0xd,0xa,0xea,0xee,0xeb,0xf5,
  0xee,0xe7,0xed,0xe8,0xea,0xd,0xa,0xec,0xe0,0xe4,0xee,0xed,0xed,0xe0,0xd,0xa,
  0xec,0xe5,0xf2,0xe5,0xeb,0xfc,0xd,0xa,0xef,0xee,0xf1,0xee,0xe1,0xe8,0xe5,0xd,
  0xa,0xef,0xee,0xf1,0xf2,0xf3,0xef,0xeb,0xe5,0xed,0xe8,0xe5,0xd,0xa,0xf0,0xe5,
  0xe2,0xee,0xeb,0xfc,0xe2,0xe5,0xf0,0xd,0xa,0xf1,0xf2,0xe5,0xe1,0xe5,0xeb,0xfc,
  0xd,0xa,0xf1,0xf2,0xee,0xf0,0xee,0xed,0xea,0xe0,0xd,0xa,0xf2,0xf0,0xf3,0xe1,
  0xee,0xf7,0xea,0xe0,0xd,0xa,0xf3,0xe7,0xe5,0xeb,0xee,0xea,0xd,0xa,0xf7,0xe0,
  0xe4,0xee,0xd,0xa,0xe0,0xe1,0xf5,0xe0,0xe7,0xe5,0xf6,0xd,0xa,0xe0,0xe7,0xe1,
  0xf3,0xea,0xe0,0xd,0xa,0xe0,0xea,0xea,0xf3,0xf0,0xe0,0xf2,0xed,0xee,0xf1,0xf2,
  0xfc,0xd,0xa,0xe0,0xeb,0xe0,0xed,0xd,0xa,0xe0,0xed,0xf2,0xe8,0xeb,0xee,0xef,
  0xe0,0xd,0xa,0xe0,0xef,0xe0,0xf2,0xe8,0xff,0xd,0xa,0xe0,0xf2,0xf2,0xe0,0xf8,
  0xe5,0xd,0xa,0xe1,0xe0,0xf0,0xe0,0xf8,0xea,0xe8,0xed,0xd,0xa,0xe1,0xe5,0xeb,
  0xee,0xf3,0xf1,0xe5,0xed,0xea,0xee,0xd,0xa,0xe1,0xe5,0xf1,0xef,0xf0,0xe5,0xe4,
  0xe5,0xeb,0xd,0xa,0xe1,0xe8,0xf2,0xe0,0xd,0xa,0xe1,0xee,0xe9,0xed,0xe8,0xf6,
  0xe0,0xd,0xa,0xe2,0xe0,0xea,0xe0,0xed,0xf1,0xe8,0xff,0xd,0xa,0xe2,0xe5,0xea,
  0xf1,0xe5,0xeb,0xfc,0xd,0xa,0xe2,0xe5,0xf2,0xe5,0xf0,0xe8,0xed,0xe0,0xf0,0xd,
  0xa,0xe2,0xee,0xe1,0xeb,0xe0,0xd,0xa,0xe2,0xee,0xe4,0xee,0xeb,0xe0,0xe7,0xd,
  0xa,0xe2,0xee,0xe7,0xf7,0xe8,0xea,0xd,0xa,0xe2,0xee,0xf1,0xea,0xf0,0xe5,0xf8,
  0xe5,0xed,0xe8,0xe5,0xd,0xa,0xe3,0xe5,0xed,0xe5,0xf2,0xe8,0xea,0xe0,0xd,0xa,
  0xe3,0xee,0xeb,0xee,0xe4,0xe0,0xfe,0xf9,0xe8,0xe9,0xd,0xa,0xe3,0xee,0xeb,0xfb,
  0xf8,0xd,0xa,0xe3,0xf0,0xf3,0xe7,0xe4,0xfc,0xd,0xa,0xe3,0xf3,0xf2,0xee,0xf0,
  0xee,0xe2,0xd,0xa,0xe4,0xe5,0xf2,0xf1,0xe0,0xe4,0xd,0xa,0xe4,0xf3,0xe6,0xea,
  0xe0,0xd,0xa,0xe7,0xf3,0xe1,0xe5,0xf6,0xd,0xa,0xe8,0xe7,0xe2,0xeb,0xe5,0xf7,
  0xe5,0xed,0xe8,0xe5,0xd,0xa,0xe8,0xea,0xee,0xf2,0xe0,0xd,0xa,0xe8,0xec,0xe8,
  0xf2,0xe0,0xf6,0xe8,0xff,0xd,0xa,0xe8,0xed,0xf1,0xf2,0xf0,0xf3,0xea,0xf2,0xe0,
  0xe6,0xd,0xa,0xe8,0xf1,0xf2,0xee,0xec,0xe0,0xd,0xa,0xea,0xe0,0xe1,0xe8,0xed,
  0xe5,0xf2,0xe8,0xea,0xd,0xa,0xea,0xe0,0xe2,0xe5,0xf0,0xed,0xe0,0xd,0xa,0xea,
  0xe0,0xe7,0xe1,0xe5,0xea,0xd,0xa,0xea,0xe0,0xeb,0xe0,0xec,0xe1,0xf3,0xf0,0xd,
  0xa,0xea,0xe0,0xeb,0xf3,0xe3,0xe0,0xd,0xa,0xea,0xe0,0xfe,0xea,0xd,0xa,0xea,
  0xeb,0xe0,0xe2,0xe8,0xf8,0xd,0xa,0xea,0xeb,0xfe,0xea,0xe2,0xe0,0xd,0xa,0xea,
  0xee,0xed,0xf2,0xf0,0xe0,0xe1,0xe0,0xed,0xe4,0xe0,0xd,0xa,0xea,0xee,0xf0,0xec,
  0xe5,0xe6,0xea,0xe0,0xd,0xa,0xea,0xf0,0xe0,0xf1,0xed,0xee,0xf2,0xe0,0xd,0xa,
  0xea,0xf0,0xee,0xe2,0xee,0xef,0xf0,0xee,0xeb,0xe8,0xf2,0xe8,0xe5,0xd,0xa,0xea,
  0xf0,0xee,0xed,0xf8,0xf2,0xe0,0xe4,0xf2,0xd,0xa,0xea,0xf0,0xf3,0xe3,0xee,0xe7,
  0xee,0xf0,0xd,0xa,0xeb,0xe0,0xe7,0xf3,0xf2,0xf7,0xe8,0xea,0xd,0xa,0xeb,0xe0,
  0xed,0xe4,0xfb,0xf8,0xd,0xa,0xeb,0xe5,0xef,0xe5,0xf2,0xd,0xa,0xeb,0xee,0xea,
  0xee,0xed,0xd,0xa,0xec,0xe0,0xf0,0xe8,0xed,0xe0,0xe4,0xd,0xa,0xec,0xe8,0xf5,
  0xe0,0xe9,0xeb,0xee,0xe2,0xe0,0xd,0xa,0xec,0xf3,0xe6,0xe8,0xf7,0xee,0xed,0xea,
  0xe0,0xd,0xa,0xed,0xe0,0xec,0xee,0xf0,0xe4,0xed,0xe8,0xea,0xd,0xa,0xed,0xe0,
  0xef,0xe5,0xf0,0xf1,0xf2,0xee,0xea,0xd,0xa,0xed,0xe5,0xf1,0xf7,0xe0,0xf1,0xf2,
  0xe8,0xe5,0xd,0xa,0xed,0xee,0xe2,0xee,0xf1,0xe5,0xeb,0xd,0xa,0xee,0xe4,0xe5,
  0xe6,0xea,0xe0,0xd,0xa,0xee,0xf1,0xf2,0xe5,0xf0,0xe2,0xe5,0xed,0xe5,0xed,0xe8,
  0xe5,0xd,0xa,0xee,0xf2,0xe2,0xe5,0xf0,0xf2,0xea,0xe0,0xd,0xa,0xee,0xf2,0xea,
  0xeb,0xfe,0xf7,0xe5,0xed,0xe8,0xe5,0xd,0xa,0xee,0xf2,0xf0,0xf3,0xe1,0xe8,0xd,
  0xa,0xef,0xe0,0xf0,0xe8,0xea,0xec,0xe0,0xf5,0xe5,0xf0,0xf8,0xe0,0xd,0xa,0xef,
  0xe0,0xf0,0xf2,0xe5,0xf0,0xd,0xa,0xef,0xe5,0xea,0xe0,0xf0,0xed,0xff,0xd,0xa,
  0xef,0xe5,0xf0,0xe2,0xee,0xe8,0xf1,0xf2,0xee,0xf7,0xed,0xe8,0xea,0xd,0xa,0xef,
  0xe5,0xf1,0xee,0xf7,0xed,0xe8,0xf6,0xe0,0xd,0xa,0xef,0xeb,0xee,0xe2,0xd,0xa,
  0xef,0xee,0xe2,0xee,0xeb,0xe6,0xfc,0xe5,0xd,0xa,0xef,0xee,0xe4,0xec,0xe0,0xf1,
  0xf2,0xe5,0xf0,0xfc,0xe5,0xd,0xa,0xef,0xee,0xe5,0xec,0xd,0xa,0xef,0xee,0xec,
  0xe5,0xf1,0xfc,0xd,0xa,0xef,0xee,0xf0,0xff,0xe4,0xee,0xf7,0xe5,0xea,0xd,0xa,
  0xef,0xf0,0xe5,0xe5,0xec,0xf1,0xf2,0xe2,0xe5,0xed,0xed,0xee,0xf1,0xf2,0xfc,0xd,
  0xa,0xef,0xf0,0xe5,0xf4,0xe5,0xf0,0xe0,0xed,0xf1,0xd,0xa,0xef,0xf0,0xee,0xec,
  0xfb,0xf8,0xeb,0xe5,0xed,0xed,0xe8,0xea,0xd,0xa,0xef,0xf0,0xee,0xf1,0xe8,0xf2,
  0xe5,0xeb,0xfc,0xd,0xa,0xef,0xf0,0xfb,0xf9,0xd,0xa,0xf0,0xe0,0xe1,0xee,0xf2,
  0xe5,0xed,0xea,0xe0,0xd,0xa,0xf0,0xe0,0xf3,0xed,0xe4,0xd,0xa,0xf0,0xe5,0xe7,
  0xfc,0xd,0xa,0xf0,0xe5,0xff,0xd,0xa,0xf0,0xff,0xe1,0xfc,0xd,0xa,0xf1,0xe0,
  0xed,0xf2,0xe5,0xf5,0xed,0xe8,0xea,0xd,0xa,0xf1,0xe2,0xe8,0xed,0xea,0xe0,0xd,
  0xa,0xf1,0xf2,0xe0,0xf0,0xe5,0xed,0xe8,0xe5,0xd,0xa,0xf2,0xe0,0xe2,0xe5,0xf0,
  0xed,0xe0,0xd,0xa,0xf2,0xe5,0xf0,0xec,0xe8,0xe4,0xee,0xf0,0xd,0xa,0xf2,0xee,
  0xf0,0xe6,0xe5,0xf1,0xf2,0xe2,0xe5,0xed,0xed,0xee,0xf1,0xf2,0xfc,0xd,0xa,0xf2,
  0xfd,0xea,0xd,0xa,0xf4,0xe0,0xe1,0xf0,0xe8,0xea,0xe0,0xed,0xf2,0xd,0xa,0xf6,
  0xe8,0xf0,0xf0,0xee,0xe7,0xd,0xa,0xf6,0xf1,0xea,0xe0,0xd,0xa,0xf7,0xe0,0xf1,
  0xf2,0xe8,0xf7,0xea,0xe0,0xd,0xa,0xfd,0xea,0xf1,0xf6,0xe5,0xf1,0xf1,0xd,0xa,
  0xfd,0xeb,0xe5,0xea,0xf2,0xf0,0xee,0xef,0xe8,0xf2,0xe0,0xed,0xe8,0xe5,0xd,0xa,
  0xe0,0xe2,0xe0,0xed,0xf2,0xfe,0xf0,0xe8,0xf1,0xf2,0xd,0xa,0xe0,0xe2,0xf0,0xee,
  0xf0,0xe0,0xd,0xa,0xe0,0xf1,0xef,0xe8,0xf0,0xe0,0xed,0xf2,0xf3,0xf0,0xe0,0xd,
  0xa,0xe1,0xf0,0xe0,0xf2,0xe8,0xf8,0xea,0xe0,0xd,0xa,0xe2,0xe5,0xf0,0xf2,0xf3,
  0xf8,0xea,0xe0,0xd,0xa,0xe2,0xeb,0xe0,0xe3,0xe0,0xeb,0xe8,0xf9,0xe5,0xd,0xa,
  0xe2,0xed,0xe5,0xe4,0xf0,0xe5,0xed,0xe8,0xe5,0xd,0xa,0xe3,0xe0,0xe7,0xe8,0xea,
  0xd,0xa,0xe3,0xe0,0xec,0xe1,0xf3,0xf0,0xe3,0xd,0xa,0xe3,0xe4,0xf0,0xd,0xa,
  0xe3,0xeb,0xfe,0xea,0xee,0xe7,0xe0,0xd,0xa,0xe6,0xe2,0xe0,0xf7,0xea,0xe0,0xd,
  0xa,0xe6,0xe5,0xeb,0xf7,0xfc,0xd,0xa,0xe6,0xe5,0xec,0xf7,0xf3,0xe6,0xe8,0xed,
  0xe0,0xd,0xa,0xe6,0xe8,0xeb,0xea,0xe0,0xd,0xa,0xe6,0xf0,0xe5,0xf6,0xd,0xa,
  0xea,0xe0,0xf2,0xd,0xa,0xea,0xe0,0xf4,0xf2,0xe0,0xed,0xd,0xa,0xea,0xe5,0xed,
  0xe3,0xf3,0xf0,0xf3,0xd,0xa,0xea,0xeb,0xe0,0xf1,0xf1,0xe8,0xf4,0xe8,0xea,0xe0,
  0xf6,0xe8,0xff,0xd,0xa,0xea,0xee,0xec,0xec,0xf3,0xed,0xe8,0xea,0xe0,0xf6,0xe8,
  0xff,0xd,0xa,0xea,0xee,0xed,0xe4,0xe8,0xf6,0xe8,0xee,0xed,0xe5,0xf0,0xd,0xa,
  0xea,0xf3,0xf0,0xfc,0xe5,0xf0,0xd,0xa,0xea,0xfe,0xe2,0xe5,0xf2,0xe0,0xd,0xa,
  0xec,0xee,0xf1,0xf2,0xee,0xea,0xd,0xa,0xec,0xfd,0xf2,0xf0,0xd,0xa,0xed,0xe0,
  0xf1,0xf2,0xee,0xff,0xf2,0xe5,0xeb,0xfc,0xd,0xa,0xed,0xe5,0xe7,0xed,0xe0,0xed,
  0xe8,0xe5,0xd,0xa,0xef,0xe0,0xf2,0xf0,0xe8,0xee,0xf2,0xe8,0xe7,0xec,0xd,0xa,
  0xef,0xe8,0xeb,0xfe,0xeb,0xff,0xd,0xa,0xef,0xe8,0xf9,0xe5,0xe2,0xee,0xe4,0xd,
  0xa,0xef,0xeb,0xe5,0xf1,0xea,0xd,0xa,0xef,0xf0,0xe8,0xe1,0xe0,0xeb,0xf2,0xe8,
  0xea,0xe0,0xd,0xa,0xef,0xf0,0xee,0xf0,0xe0,0xe1,0xd,0xa,0xef,0xf1,0xe8,0xf5,
  0xf3,0xf8,0xea,0xe0,0xd,0xa,0xf2,0xe0,0xf3,0xd,0xa,0xf2,0xe0,0xf8,0xea,0xe5,
  0xed,0xf2,0xd,0xa,0xf2,0xe5,0xeb,0xfc,0xed,0xff,0xf8,0xea,0xe0,0xd,0xa,0xf2,
  0xe8,0xf4,0xd,0xa,0xf3,0xf2,0xe5,0xf1,0xd,0xa,0xf3,0xf2,0xee,0xf7,0xed,0xe5,
  0xed,0xe8,0xe5,0xd,0xa,0xf5,0xe0,0xeb,0xe0,0xf2,0xe8,0xea,0xd,0xa,0xf8,0xe0,
  0xec,0xe0,0xed,0xd,0xa,0xf9,0xe8,0xea,0xee,0xeb,0xee,0xf2,0xea,0xe0,0xd,0xa,
  0xe2,0xe0,0xe3,0xe0,0xd,0xa,0xe2,0xee,0xe7,0xe1,0xf3,0xe4,0xe8,0xf2,0xe5,0xeb,
  0xfc,0xd,0xa,0xe3,0xe0,0xeb,0xe0,0xea,0xf2,0xe8,0xea,0xe0,0xd,0xa,0xe3,0xf0,
  0xe0,0xe1,0xe5,0xe6,0xd,0xa,0xe3,0xf0,0xe0,0xe1,0xe8,0xf2,0xe5,0xeb,0xfc,0xd,
  0xa,0xe4,0xe5,0xf4,0xe5,0xea,0xf2,0xd,0xa,0xe7,0xe0,0xec,0xef,0xee,0xeb,0xe8,
  0xf2,0xd,0xa,0xea,0xe0,0xec,0xfb,0xf8,0xd,0xa,0xea,0xe0,0xef,0xf0,0xe0,0xeb,
  0xd,0xa,0xea,0xee,0xec,0xef,0xf0,0xee,0xec,0xe8,0xf1,0xf1,0xd,0xa,0xee,0xe1,
  0xf0,0xff,0xe4,0xd,0xa,0xee,0xe6,0xe8,0xf0,0xe5,0xed,0xe8,0xe5,0xd,0xa,0xef,
  0xe5,0xf7,0xe5,0xed,0xfc,0xe5,0xd,0xa,0xef,0xf0,0xe5,0xf1,0xf2,0xee,0xeb,0xd,
  0xa,0xf0,0xe0,0xe1,0xf1,0xf2,0xe2,0xee,0xd,0xa,0xf0,0xe5,0xe7,0xe8,0xe4,0xe5,
  0xed,0xf6,0xe8,0xff,0xd,0xa,0xf1,0xe0,0xec,0xee,0xf1,0xee,0xe7,0xed,0xe0,0xed,
  0xe8,0xe5,0xd,0xa,0xf2,0xf0,0xff,0xef,0xfc,0xe5,0xd,0xa,0xf3,0xf0,0xed,0xe0,
  0xd,0xa,0xe0,0xf0,0xf5,0xe8,0xf2,0xe5,0xea,0xf2,0xee,0xf0,0xd,0xa,0xe1,0xeb,
  0xee,0xed,0xe4,0xe8,0xed,0xea,0xe0,0xd,0xa,0xe6,0xe5,0xf0,0xe5,0xe1,0xe5,0xf6,
  0xd,0xa,0xe7,0xe0,0xff,0xe2,0xea,0xe0,0xd,0xa,0xe8,0xed,0xf2,0xe5,0xeb,0xeb,
  0xe5,0xea,0xf2,0xd,0xa,0xee,0xe7,0xed,0xee,0xe1,0xd,0xa,0xef,0xee,0xe4,0xee,
  0xed,0xee,0xea,0xd,0xa,0xf0,0xee,0xe2,0xd,0xa,0xf1,0xe2,0xe0,0xeb,0xea,0xe0,
  0xd,0xa,0xf1,0xe2,0xe8,0xf2,0xe0,0xd,0xa,0xf1,0xfb,0xf9,0xe8,0xea,0xd,0xa,
  0xf3,0xe4,0xe0,0xeb,0xe5,0xed,0xe8,0xe5,0xd,0xa,0xf5,0xf0,0xe0,0xed,0xe8,0xf2,
  0xe5,0xeb,0xfc,0xd,0xa,0xff,0xf7,0xe5,0xe9,0xea,0xe0,0xd,0xa,0xe0,0xe2,0xf2,
  0xee,0xee,0xf2,0xe2,0xe5,0xf2,0xf7,0xe8,0xea,0xd,0xa,0xe0,0xec,0xe8,0xe4,0xee,
  0xef,0xe8,0xf0,0xe8,0xed,0xd,0xa,0xe0,0xed,0xee,0xed,0xe8,0xec,0xea,0xe0,0xd,
  0xa,0xe0,0xed,0xf2,0xe8,0xec,0xe8,0xf0,0xd,0xa,0xe0,0xf2,0xeb,0xe5,0xf2,0xe8,
  0xea,0xe0,0xd,0xa,0xe0,0xf2,0xf2,0xe5,0xf1,0xf2,0xe0,0xf6,0xe8,0xff,0xd,0xa,
  0xe0,0xff,0xed,0xea,0xe0,0xd,0xa,0xe1,0xe0,0xe9,0xf0,0xe0,0xec,0xd,0xa,0xe1,
  0xe0,0xf0,0xfb,0xf8,0xd,0xa,0xe1,0xe5,0xe7,0xe7,0xe0,0xe1,0xee,0xf2,0xed,0xee,
  0xf1,0xf2,0xfc,0xd,0xa,0xe1,0xe5,0xeb,0xee,0xf7,0xea,0xe0,0xd,0xa,0xe1,0xeb,
  0xe0,0xe3,0xee,0xe2,0xee,0xed,0xe8,0xe5,0xd,0xa,0xe1,0xeb,0xe0,0xe3,0xee,0xf1,
  0xea,0xeb,0xee,0xed,0xed,0xee,0xf1,0xf2,0xfc,0xd,0xa,0xe1,0xf0,0xee,0xed,0xe5,
  0xf2,0xe5,0xf5,0xed,0xe8,0xea,0xe0,0xd,0xa,0xe1,0xf0,0xee,0xf8,0xea,0xe0,0xd,
  0xa,0xe1,0xf0,0xfe,0xea,0xe2,0xe0,0xd,0xa,0xe1,0xf3,0xea,0xe2,0xe0,0xf0,0xfc,
  0xd,0xa,0xe1,0xf3,0xed,0xf2,0xe0,0xf0,0xfc,0xd,0xa,0xe1,0xf3,0xf1,0xfb,0xe3,
  0xe8,0xed,0xd,0xa,0xe2,0xe0,0xf2,0xe0,0xe3,0xe0,0xd,0xa,0xe2,0xe4,0xee,0xe2,
  0xe5,0xf6,0xd,0xa,0xe2,0xee,0xe7,0xe4,0xe5,0xf0,0xe6,0xe0,0xed,0xe8,0xe5,0xd,
  0xa,0xe2,0xee,0xeb,0xe3,0xee,0xe3,0xf0,0xe0,0xe4,0xd,0xa,0xe2,0xfb,0xe2,0xee,
  0xe4,0xee,0xea,0xd,0xa,0xe2,0xfb,0xf1,0xea,0xee,0xf7,0xea,0xe0,0xd,0xa,0xe3,
  0xe0,0xeb,0xe4,0xe5,0xe6,0xd,0xa,0xe3,0xe0,0xeb,0xfc,0xfe,0xed,0xd,0xa,0xe3,
  0xe0,0xf0,0xec,0xee,0xed,0xe8,0xf1,0xf2,0xd,0xa,0xe3,0xe0,0xf0,0xf1,0xee,0xed,
  0xd,0xa,0xe3,0xe5,0xee,0xe4,0xe5,0xe7,0xe8,0xf1,0xf2,0xd,0xa,0xe3,0xe5,0xf1,
  0xf2,0xe0,0xef,0xee,0xe2,0xe5,0xf6,0xd,0xa,0xe3,0xeb,0xe0,0xe2,0xe1,0xf3,0xf5,
  0xd,0xa,0xe3,0xeb,0xe8,0xea,0xee,0xe7,0xe8,0xe4,0xd,0xa,0xe3,0xf0,0xf3,0xe1,
  0xe8,0xff,0xed,0xd,0xa,0xe3,0xf3,0xf0,0xf2,0xd,0xa,0xe4,0xe2,0xee,0xf0,0xe5,
  0xf6,0xea,0xe8,0xe9,0xd,0xa,0xe4,0xe5,0xeb,0xee,0xe2,0xe8,0xf2,0xee,0xf1,0xf2,
  0xfc,0xd,0xa,0xe4,0xe8,0xf3,0xf0,0xe5,0xe7,0xd,0xa,0xe4,0xee,0xeb,0xe6,0xee,
  0xea,0xd,0xa,0xe4,0xee,0xec,0xed,0xe0,0xd,0xa,0xe4,0xf0,0xe0,0xf7,0xf3,0xed,
  0xd,0xa,0xe4,0xf0,0xee,0xe2,0xe8,0xf8,0xea,0xe8,0xd,0xa,0xe4,0xf3,0xf8,0xe0,
  0xed,0xe1,0xe5,0xd,0xa,0xe5,0xe2,0xed,0xf3,0xf5,0xd,0xa,0xe6,0xe0,0xe1,0xf0,
  0xe0,0xd,0xa,0xe6,0xf3,0xf0,0xed,0xe0,0xeb,0xfc,0xf7,0xe8,0xea,0xd,0xa,0xe7,
  0xe0,0xe1,0xee,0xf0,0xf7,0xe8,0xea,0xd,0xa,0xe7,0xe0,0xe1,0xfb,0xe2,0xf7,0xe8,
  0xe2,0xee,0xf1,0xf2,0xfc,0xd,0xa,0xe7,0xe0,0xec,0xe5,0xed,0xe8,0xf2,0xe5,0xeb,
  0xfc,0xd,0xa,0xe7,0xe0,0xec,0xee,0xf0,0xee,0xe7,0xea,0xe0,0xd,0xa,0xe7,0xe2,
  0xe5,0xf0,0xfe,0xe3,0xe0,0xd,0xa,0xe7,0xe5,0xe2,0xee,0xf2,0xe0,0xd,0xa,0xe8,
  0xed,0xe4,0xf3,0xea,0xf2,0xee,0xf0,0xd,0xa,0xe8,0xed,0xf2,0xe5,0xe3,0xf0,0xe0,
  0xeb,0xd,0xa,0xe8,0xed,0xf2,0xe5,0xf0,0xe2,0xe5,0xed,0xf6,0xe8,0xff,0xd,0xa,
  0xe8,0xed,0xf4,0xe8,0xf6,0xe8,0xf0,0xee,0xe2,0xe0,0xed,0xe8,0xe5,0xd,0xa,0xea,
  0xe0,0xf0,0xe0,0xef,0xf3,0xe7,0xd,0xa,0xea,0xe0,0xf0,0xe4,0xe8,0xee,0xe3,0xf0,
  0xe0,0xec,0xec,0xe0,0xd,0xa,0xea,0xe0,0xf8,0xe0,0xeb,0xee,0xf2,0xd,0xa,0xea,
  0xe5,0xec,0xef,0xe8,0xed,0xe3,0xd,0xa,0xea,0xe8,0xed,0xee,0xea,0xe0,0xf0,0xf2,
  0xe8,0xed,0xe0,0xd,0xa,0xea,0xee,0xeb,0xee,0xed,0xed,0xe0,0xe4,0xe0,0xd,0xa,
  0xea,0xee,0xec,0xef,0xe0,0xea,0xf2,0xd,0xa,0xea,0xee,0xef,0xfb,0xf2,0xf6,0xe5,
  0xd,0xa,0xea,0xee,0xf0,0xf0,0xee,0xe7,0xe8,0xff,0xd,0xa,0xea,0xee,0xf7,0xe5,
  0xe3,0xe0,0xf0,0xea,0xe0,0xd,0xa,0xea,0xf0,0xe5,0xf1,0xf2,0xe5,0xf6,0xd,0xa,
  0xea,0xf3,0xf0,0xf1,0xea,0xd,0xa,0xeb,0xe8,0xe4,0xe5,0xf0,0xf1,0xf2,0xe2,0xee,
  0xd,0xa,0xeb,0xe8,0xf4,0xf2,0xe5,0xf0,0xd,0xa,0xeb,0xee,0xf1,0xfc,0xee,0xed,
  0xd,0xa,0xeb,0xf3,0xed,0xe0,0xf2,0xe8,0xea,0xd,0xa,0xec,0xe0,0xe3,0xed,0xee,
  0xeb,0xe8,0xff,0xd,0xa,0xec,0xe0,0xe4,0xf0,0xe8,0xe4,0xd,0xa,0xec,0xe0,0xea,
  0xe8,0xff,0xe6,0xd,0xa,0xec,0xe0,0xf0,0xea,0xe8,0xf0,0xee,0xe2,0xea,0xe0,0xd,
  0xa,0xec,0xe0,0xf2,0xe5,0xf0,0xe8,0xe0,0xeb,0xe8,0xf1,0xf2,0xd,0xa,0xec,0xe0,
  0xf8,0xe8,0xed,0xee,0xf1,0xf2,0xf0,0xee,0xe5,0xed,0xe8,0xe5,0xd,0xa,0xec,0xe5,
  0xf1,0xf1,0xe0,0xd,0xa,0xec,0xe5,0xf2,0xe5,0xeb,0xea,0xe0,0xd,0xa,0xec,0xe8,
  0xe3,0xf0,0xe5,0xed,0xfc,0xd,0xa,0xec,0xf1,0xf2,0xe8,0xf2,0xe5,0xeb,0xfc,0xd,
  0xa,0xec,0xf3,0xea,0xee,0xec,0xee,0xeb,0xd,0xa,0xec,0xfb,0xf2,0xe0,0xf0,0xf1,
  0xf2,0xe2,0xee,0xd,0xa,0xed,0xe0,0xe3,0xeb,0xff,0xe4,0xed,0xee,0xf1,0xf2,0xfc,
  0xd,0xa,0xed,0xe0,0xf0,0xe7,0xe0,0xed,0xd,0xa,0xed,0xe0,0xf0,0xee,0xe4,0xe5,
  0xf6,0xd,0xa,0xed,0xe5,0xe3,0xe0,0xf2,0xe8,0xe2,0xd,0xa,0xed,0xe5,0xe3,0xf0,
  0xe0,0xec,0xee,0xf2,0xed,0xee,0xf1,0xf2,0xfc,0xd,0xa,0xed,0xe5,0xe9,0xf0,0xee,
  0xed,0xd,0xa,0xed,0xe5,0xf1,0xe2,0xee,0xe1,0xee,0xe4,0xe0,0xd,0xa,0xed,0xee,
  0xeb,0xe8,0xea,0xd,0xa,0xee,0xe1,0xfb,0xe4,0xe5,0xed,0xed,0xee,0xf1,0xf2,0xfc,
  0xd,0xa,0xee,0xe7,0xee,0xed,0xd,0xa,0xee,0xeb,0xfc,0xf5,0xe0,0xd,0xa,0xee,
  0xef,0xf2,0xe8,0xea,0xd,0xa,0xee,0xf2,0xe2,0xeb,0xe5,0xf7,0xe5,0xed,0xe8,0xe5,
  0xd,0xa,0xee,0xf2,0xf7,0xe8,0xf1,0xeb,0xe5,0xed,0xe8,0xe5,0xd,0xa,0xef,0xe0,
  0xf0,0xf8,0xe8,0xe2,0xe5,0xf6,0xd,0xa,0xef,0xe5,0xf0,0xe5,0xe1,0xf0,0xe0,0xed,
  0xea,0xe0,0xd,0xa,0xef,0xe5,0xf0,0xe5,0xe3,0xee,0xed,0xd,0xa,0xef,0xe5,0xf0,
  0xe5,0xf5,0xe2,0xe0,0xf2,0xd,0xa,0xef,0xe5,0xf0,0xec,0xe0,0xed,0xe3,0xe0,0xed,
  0xe0,0xf2,0xd,0xa,0xef,0xe5,0xf0,0xf7,0xe8,0xea,0xd,0xa,0xef,0xe8,0xf1,0xe0,
  0xf2,0xe5,0xeb,0xfc,0xed,0xe8,0xf6,0xe0,0xd,0xa,0xef,0xeb,0xe5,0xf1,0xd,0xa,
  0xef,0xeb,0xfe,0xf0,0xe0,0xeb,0xe8,0xe7,0xec,0xd,0xa,0xef,0xee,0xe4,0xf5,0xe0,
  0xeb,0xe8,0xec,0xd,0xa,0xef,0xee,0xea,0xe5,0xf0,0xd,0xa,0xef,0xee,0xf0,0xf2,
  0xed,0xe8,0xf5,0xe0,0xd,0xa,0xef,0xee,0xf0,0xf2,0xf3,0xe3,0xe0,0xeb,0xe8,0xff,
  0xd,0xa,0xef,0xee,0xf7,0xe8,0xed,0xd,0xa,0xef,0xf0,0xe5,0xe4,0xf3,0xe1,0xe5,
  0xe6,0xe4,0xe5,0xed,0xe8,0xe5,0xd,0xa,0xef,0xf0,0xe8,0xeb,0xe5,0xf2,0xd,0xa,
  0xef,0xf0,0xe8,0xef,0xe5,0xe2,0xd,0xa,0xef,0xf0,0xe8,0xf1,0xea,0xe0,0xe7,0xea,
  0xe0,0xd,0xa,0xef,0xf0,0xe8,0xf1,0xee,0xf1,0xee,0xea,0xd,0xa,0xef,0xf0,0xe8,
  0xf1,0xfb,0xef,0xea,0xe0,0xd,0xa,0xef,0xf0,0xee,0xe2,0xee,0xe4,0xfb,0xd,0xa,
  0xef,0xf0,0xee,0xf1,0xee,0xd,0xa,0xef,0xf0,0xee,0xf1,0xf2,0xee,0xf0,0xe5,0xf7,
  0xe8,0xe5,0xd,0xa,0xef,0xf0,0xee,0xf2,0xe8,0xe2,0xee,0xef,0xee,0xf1,0xf2,0xe0,
  0xe2,0xeb,0xe5,0xed,0xe8,0xe5,0xd,0xa,0xf0,0xe0,0xe4,0xe8,0xee,0xf1,0xe2,0xff,
  0xe7,0xfc,0xd,0xa,0xf0,0xe0,0xec,0xee,0xf7,0xea,0xe0,0xd,0xa,0xf0,0xe0,0xf1,
  0xf1,0xea,0xe0,0xe7,0xe8,0xea,0xd,0xa,0xf0,0xe0,0xf1,0xf2,0xe2,0xee,0xf0,0xe8,
  0xf2,0xe5,0xeb,0xfc,0xd,0xa,0xf0,0xe5,0xe3,0xe5,0xed,0xe5,0xf0,0xe0,0xf6,0xe8,
  0xff,0xd,0xa,0xf0,0xe5,0xe7,0xea,0xe0,0xd,0xa,0xf0,0xe5,0xeb,0xe8,0xe7,0xd,
  0xa,0xf0,0xe5,0xf1,0xf1,0xee,0xf0,0xe0,0xd,0xa,0xf0,0xe5,0xf6,0xe5,0xed,0xe7,
  0xe5,0xed,0xf2,0xd,0xa,0xf0,0xee,0xe7,0xe0,0xeb,0xe8,0xff,0xd,0xa,0xf0,0xee,
  0xf1,0xe8,0xed,0xe0,0xed,0xf2,0xd,0xa,0xf0,0xfb,0xf1,0xe0,0xea,0xd,0xa,0xf1,
  0xe0,0xe3,0xee,0xd,0xa,0xf1,0xe0,0xed,0xf3,0xe7,0xe5,0xeb,0xd,0xa,0xf1,0xe0,
  0xf0,0xe0,0xed,0xf7,0xe0,0xd,0xa,0xf1,0xe1,0xe5,0xf0,0xea,0xed,0xe8,0xe6,0xea,
  0xe0,0xd,0xa,0xf1,0xe5,0xeb,0xfc,0xf6,0xee,0xd,0xa,0xf1,0xe5,0xed,0xe1,0xe5,
  0xf0,0xed,0xe0,0xf0,0xd,0xa,0xf1,0xe5,0xf0,0xe5,0xed,0xe0,0xe4,0xe0,0xd,0xa,
  0xf1,0xe8,0xf6,0xe8,0xeb,0xe8,0xff,0xd,0xa,0xf1,0xea,0xe0,0xf0,0xeb,0xe0,0xf2,
  0xe8,0xed,0xe0,0xd,0xa,0xf1,0xeb,0xe5,0xe7,0xee,0xf2,0xe5,0xf7,0xe5,0xed,0xe8,
  0xe5,0xd,0xa,0xf1,0xec,0xee,0xf0,0xf7,0xee,0xea,0xd,0xa,0xf1,0xee,0xe2,0xed,
  0xe0,0xf0,0xea,0xee,0xec,0xd,0xa,0xf1,0xee,0xea,0xf3,0xf0,0xf1,0xed,0xe8,0xea,
  0xd,0xa,0xf1,0xf2,0xe0,0xf4,0xe8,0xeb,0xee,0xea,0xee,0xea,0xea,0xd,0xa,0xf1,
  0xf2,0xe5,0xed,0xee,0xeb,0xee,0xec,0xd,0xa,0xf1,0xf2,0xe5,0xed,0xee,0xf7,0xea,
  0xe0,0xd,0xa,0xf1,0xf2,0xe5,0xf0,0xd,0xa,0xf1,0xf2,0xf0,0xee,0xe9,0xed,0xee,
  0xf1,0xf2,0xfc,0xd,0xa,0xf1,0xf3,0xec,0xe0,0xd,0xa,0xf2,0xe0,0xe9,0xf4,0xf3,
  0xed,0xd,0xa,0xf2,0xee,0xec,0xef,0xf1,0xee,0xed,0xd,0xa,0xf2,0xf0,0xe5,0xec,
  0xe1,0xe8,0xf2,0xe0,0xd,0xa,0xf2,0xf3,0xf8,0xe0,0xd,0xa,0xf2,0xfb,0xed,0xd,
  0xa,0xf3,0xe2,0xe0,0xeb,0xe5,0xed,0xfc,0xd,0xa,0xf3,0xe6,0xd,0xa,0xf3,0xec,
  0xe8,0xf0,0xee,0xf2,0xe2,0xee,0xf0,0xe5,0xed,0xe8,0xe5,0xd,0xa,0xf3,0xef,0xf0,
  0xe0,0xe2,0xe4,0xee,0xec,0xd,0xa,0xf3,0xf0,0xe5,0xed,0xe3,0xee,0xe9,0xd,0xa,
  0xf3,0xf2,0xe8,0xeb,0xe8,0xe7,0xe0,0xf6,0xe8,0xff,0xd,0xa,0xf3,0xf7,0xe8,0xeb,
  0xea,0xe0,0xd,0xa,0xf4,0xe0,0xef,0xf1,0xe8,0xd,0xa,0xf4,0xe0,0xf2,0xd,0xa,
  0xf4,0xe5,0xee,0xe4,0xe0,0xeb,0xe8,0xe7,0xec,0xd,0xa,0xf4,0xe8,0xe7,0xf0,0xf3,
  0xea,0xd,0xa,0xf4,0xe8,0xed,0xe8,0xea,0xd,0xa,0xf5,0xe2,0xe0,0xf1,0xf2,0xee,
  0xe2,0xf1,0xf2,0xe2,0xee,0xd,0xa,0xf5,0xe8,0xec,0xf7,0xe8,0xf1,0xf2,0xea,0xe0,
  0xd,0xa,0xf5,0xee,0xeb,0xee,0xef,0xd,0xa,0xf5,0xf0,0xe0,0xed,0xe8,0xf2,0xe5,
  0xeb,0xfc,0xed,0xe8,0xf6,0xe0,0xd,0xa,0xf6,0xe0,0xef,0xeb,0xff,0xd,0xa,0xf6,
  0xe5,0xeb,0xea,0xee,0xe2,0xfb,0xe9,0xd,0xa,0xf7,0xf3,0xf0,0xe1,0xe0,0xed,0xd,
  0xa,0xf7,0xf3,0xf8,0xea,0xe0,0xd,0xa,0xf8,0xe0,0xe9,0xe1,0xe0,0xd,0xa,0xf8,
  0xeb,0xe5,0xef,0xee,0xea,0xd,0xa,0xf9,0xe0,0xe2,0xe5,0xeb,0xfc,0xd,0xa,0xf9,
  0xe5,0xe1,0xe5,0xed,0xea,0xe0,0xd,0xa,0xfd,0xed,0xf2,0xf0,0xee,0xef,0xe8,0xff,
  0xd,0xa,0xfd,0xf1,0xea,0xe0,0xe4,0xf0,0xee,0xed,0xd,0xa,0xe0,0xed,0xee,0xec,
  0xe0,0xeb,0xe8,0xff,0xd,0xa,0xe1,0xe0,0xeb,0xf2,0xe8,0xea,0xe0,0xd,0xa,0xe1,
  0xe0,0xf2,0xfc,0xea,0xe0,0xd,0xa,0xe1,0xe5,0xe7,0xf3,0xec,0xe5,0xf6,0xd,0xa,
  0xe1,0xe8,0xf4,0xf8,0xf2,0xe5,0xea,0xf1,0xd,0xa,0xe1,0xee,0xe6,0xe5,0xf1,0xf2,
  0xe2,0xee,0xd,0xa,0xe1,0xee,0xe9,0xed,0xff,0xd,0xa,0xe1,0xf0,0xe5,0xed,0xe4,
  0xe8,0xd,0xa,0xe3,0xe5,0xf0,0xf0,0xd,0xa,0xe3,0xe8,0xe3,0xe8,0xe5,0xed,0xe0,
  0xd,0xa,0xe3,0xed,0xe8,0xe4,0xe0,0xd,0xa,0xe3,0xf0,0xe0,0xf7,0xd,0xa,0xe4,
  0xe8,0xf1,0xea,0xe5,0xf2,0xe0,0xd,0xa,0xe4,0xe8,0xf1,0xea,0xee,0xf2,0xe5,0xea,
  0xe0,0xd,0xa,0xe6,0xe8,0xe2,0xed,0xee,0xf1,0xf2,0xfc,0xd,0xa,0xe7,0xe0,0xe1,
  0xe0,0xf1,0xf2,0xee,0xe2,0xea,0xe0,0xd,0xa,0xe7,0xe0,0xf2,0xe5,0xec,0xed,0xe5,
  0xed,0xe8,0xe5,0xd,0xa,0xe8,0xed,0xf1,0xf3,0xeb,0xfc,0xf2,0xd,0xa,0xea,0xe0,
  0xed,0xf2,0xe0,0xf2,0xe0,0xd,0xa,0xea,0xed,0xee,0xef,0xee,0xf7,0xea,0xe0,0xd,
  0xa,0xea,0xf0,0xee,0xf5,0xe0,0xd,0xa,0xeb,0xe5,0xed,0xe8,0xed,0xe8,0xe7,0xec,
  0xd,0xa,0xeb,0xe8,0xf8,0xe0,0xe9,0xd,0xa,0xeb,0xee,0xf1,0xea,0xf3,0xf2,0xd,
  0xa,0xec,0xe0,0xec,0xee,0xed,0xf2,0xd,0xa,0xec,0xe0,0xf7,0xe5,0xf5,0xe0,0xd,
  0xa,0xec,0xe8,0xeb,0xeb,0xe8,0xec,0xe5,0xf2,0xf0,0xd,0xa,0xee,0xe4,0xed,0xee,
  0xea,0xe0,0xf8,0xed,0xe8,0xea,0xd,0xa,0xee,0xec,0xf3,0xf2,0xd,0xa,0xef,0xe0,
  0xf0,0xf2,0xed,0xe5,0xf0,0xf8,0xe0,0xd,0xa,0xef,0xe5,0xf0,0xe5,0xf1,0xec,0xee,
  0xf2,0xf0,0xd,0xa,0xef,0xe5,0xf0,0xfb,0xf8,0xea,0xee,0xd,0xa,0xef,0xee,0xf1,
  0xeb,0xe0,0xed,0xe5,0xf6,0xd,0xa,0xef,0xee,0xf2,0xe0,0xef,0xee,0xe2,0xe0,0xd,
  0xa,0xef,0xf0,0xee,0xe2,0xee,0xe6,0xe0,0xf2,0xfb,0xe9,0xd,0xa,0xef,0xf0,0xee,
  0xf2,0xee,0xea,0xe0,0xd,0xa,0xef,0xf0,0xee,0xf5,0xee,0xe4,0xe8,0xec,0xe5,0xf6,
  0xd,0xa,0xef,0xf0,0xee,0xf8,0xe5,0xed,0xe8,0xe5,0xd,0xa,0xf0,0xe0,0xe7,0xe2,
  0xf0,0xe0,0xf2,0xd,0xa,0xf0,0xe0,0xf1,0xf1,0xf2,0xe0,0xe2,0xe0,0xed,0xe8,0xe5,
  0xd,0xa,0xf0,0xe5,0xe7,0xea,0xee,0xf1,0xf2,0xfc,0xd,0xa,0xf0,0xf3,0xeb,0xe5,
  0xf2,0xea,0xe0,0xd,0xa,0xf0,0xfb,0xf7,0xe0,0xed,0xe8,0xe5,0xd,0xa,0xf1,0xe1,
  0xee,0xf0,0xe8,0xf9,0xe5,0xd,0xa,0xf2,0xe0,0xea,0xf2,0xe8,0xea,0xe0,0xd,0xa,
  0xf2,0xee,0xeb,0xea,0xee,0xe2,0xe0,0xed,0xe8,0xe5,0xd,0xa,0xf3,0xe4,0xee,0xe1,
  0xf0,0xe5,0xed,0xe8,0xe5,0xd,0xa,0xf3,0xeb,0xe8,0xf2,0xea,0xe0,0xd,0xa,0xf3,
  0xec,0xe5,0xf0,0xf8,0xe8,0xe9,0xd,0xa,0xf4,0xe8,0xeb,0xee,0xeb,0xee,0xe3,0xd,
  0xa,0xf5,0xee,0xe4,0xee,0xea,0xd,0xa,0xf7,0xe5,0xf1,0xf2,0xee,0xeb,0xfe,0xe1,
  0xe8,0xe5,0xd,0xa,0xf8,0xf3,0xe1,0xea,0xe0,0xd,0xa,0xfd,0xeb,0xe5,0xea,0xf2,
  0xf0,0xee,0xed,0xe8,0xea,0xe0,0xd,0xa,0xfd,0xf0,0xee,0xe7,0xe8,0xff,0xd,0xa,
  0xe0,0xeb,0xfc,0xef,0xe8,0xed,0xe8,0xf1,0xf2,0xd,0xa,0xe1,0xee,0xeb,0xf2,0xf3,
  0xed,0xd,0xa,0xe1,0xf3,0xeb,0xfb,0xe6,0xed,0xe8,0xea,0xd,0xa,0xe3,0xeb,0xf3,
  0xf8,0xfc,0xd,0xa,0xe7,0xe0,0xe3,0xe0,0xf0,0xd,0xa,0xe8,0xe2,0xe0,0xd,0xa,
  0xe8,0xeb,0xd,0xa,0xeb,0xe8,0xec,0xf3,0xe7,0xe8,0xed,0xd,0xa,0xeb,0xe8,0xf1,
  0xe8,0xf6,0xe0,0xd,0xa,0xeb,0xe8,0xf4,0xf7,0xe8,0xea,0xd,0xa,0xec,0xe0,0xf2,
  0xf0,0xe0,0xf1,0xd,0xa,0xec,0xe0,0xf5,0xee,0xf0,0xea,0xe0,0xd,0xa,0xed,0xe5,
  0xe4,0xe5,0xeb,0xfc,0xea,0xe0,0xd,0xa,0xed,0xe5,0xf7,0xe8,0xf1,0xf2,0xfc,0xd,
  0xa,0xee,0xef,0xf2,0xe8,0xec,0xe8,0xe7,0xec,0xd,0xa,0xef,0xe5,0xed,0xe5,0xea,
  0xd,0xa,0xef,0xee,0xf2,0xee,0xec,0xf1,0xf2,0xe2,0xee,0xd,0xa,0xef,0xf0,0xee,
  0xe1,0xf3,0xe6,0xe4,0xe5,0xed,0xe8,0xe5,0xd,0xa,0xef,0xf0,0xee,0xe8,0xe7,0xe2,
  0xee,0xe4,0xe8,0xf2,0xe5,0xeb,0xfc,0xed,0xee,0xf1,0xf2,0xfc,0xd,0xa,0xef,0xf1,
  0xe8,0xf5,0xee,0xe7,0xd,0xa,0xef,0xf3,0xe7,0xee,0xd,0xa,0xf0,0xe0,0xe4,0xe8,
  0xf3,0xf1,0xd,0xa,0xf0,0xe5,0xe7,0xe8,0xed,0xe0,0xd,0xa,0xf0,0xe5,0xf8,0xe5,
  0xf2,0xed,0xe5,0xe2,0xd,0xa,0xf1,0xe0,0xe9,0xf2,0xd,0xa,0xf1,0xe0,0xec,0xee,
  0xf1,0xe2,0xe0,0xeb,0xd,0xa,0xf1,0xe5,0xf0,0xe0,0xd,0xa,0xf1,0xee,0xf1,0xf2,
  0xf0,0xe0,0xe4,0xe0,0xed,0xe8,0xe5,0xd,0xa,0xf2,0xfe,0xea,0xd,0xa,0xf3,0xf5,
  0xf3,0xe4,0xf8,0xe5,0xed,0xe8,0xe5,0xd,0xa,0xf6,0xe5,0xec,0xe5,0xed,0xf2,0xd,
  0xa,0xf7,0xe5,0xea,0xe0,0xd,0xa,0xf8,0xf2,0xe0,0xed,0xe8,0xed,0xe0,0xd,0xa,
  0xfd,0xeb,0xe5,0xea,0xf2,0xf0,0xe8,0xea,0xd,0xa,0xe0,0xed,0xe3,0xe0,0xf0,0xd,
  0xa,0xe2,0xe5,0xf7,0xe5,0xf0,0xe8,0xed,0xea,0xe0,0xd,0xa,0xe2,0xee,0xe7,0xe3,
  0xeb,0xe0,0xf1,0xd,0xa,0xe3,0xf0,0xff,0xe4,0xe0,0xd,0xa,0xe7,0xe5,0xf0,0xea,
  0xe0,0xeb,0xfc,0xf6,0xe5,0xd,0xa,0xea,0xf3,0xec,0xe8,0xf0,0xd,0xa,0xec,0xe0,
  0xf0,0xe3,0xe0,0xf0,0xe8,0xf2,0xd,0xa,0xef,0xee,0xef,0xe0,0xe4,0xe0,0xed,0xe8,
  0xe5,0xd,0xa,0xf2,0xe5,0xf0,0xf0,0xee,0xf0,0xd,0xa,0xf2,0xe5,0xf2,0xf3,0xf8,
  0xea,0xe0,0xd,0xa,0xf3,0xef,0xf0,0xe0,0xe2,0xe0,0xd,0xa,0xe0,0xe2,0xf1,0xf2,
  0xf0,0xe8,0xe5,0xf6,0xd,0xa,0xe0,0xea,0xe2,0xe5,0xe4,0xf3,0xea,0xd,0xa,0xe0,
  0xea,0xf1,0xe8,0xee,0xec,0xe0,0xd,0xa,0xe0,0xf2,0xe5,0xeb,0xfc,0xe5,0xd,0xa,
  0xe1,0xe0,0xf5,0xec,0xe0,0xf7,0xd,0xa,0xe1,0xee,0xf0,0xe4,0xe5,0xeb,0xfc,0xd,
  0xa,0xe1,0xf0,0xf3,0xf1,0xd,0xa,0xe1,0xf2,0xf0,0xd,0xa,0xe2,0xe5,0xf0,0xec,
  0xe0,0xf5,0xf2,0xd,0xa,0xe2,0xe5,0xf0,0xee,0xe2,0xe0,0xed,0xe8,0xe5,0xd,0xa,
  0xe2,0xee,0xf0,0xee,0xed,0xe5,0xe6,0xd,0xa,0xe2,0xee,0xf1,0xea,0xf0,0xe5,0xf1,
  0xe5,0xed,0xe8,0xe5,0xd,0xa,0xe2,0xfb,0xe2,0xee,0xe7,0xd,0xa,0xe3,0xe0,0xe7,
  0xe5,0xf2,0xf7,0xe8,0xea,0xd,0xa,0xe3,0xe0,0xf1,0xf2,0xf0,0xe8,0xf2,0xd,0xa,
  0xe3,0xf0,0xee,0xe1,0xed,0xe8,0xf6,0xe0,0xd,0xa,0xe3,0xf3,0xe1,0xee,0xf8,0xeb,
  0xe5,0xef,0xd,0xa,0xe4,0xe8,0xe2,0xd,0xa,0xe4,0xee,0xed,0xee,0xf0,0xd,0xa,
  0xe4,0xee,0xef,0xf3,0xf1,0xea,0xd,0xa,0xe8,0xe3,0xee,0xeb,0xee,0xf7,0xea,0xe0,
  0xd,0xa,0xea,0xe0,0xe4,0xfb,0xea,0xd,0xa,0xea,0xe8,0xed,0xee,0xf0,0xe5,0xe6,
  0xe8,0xf1,0xf1,0xe5,0xf0,0xd,0xa,0xea,0xee,0xe7,0xeb,0xe8,0xea,0xd,0xa,0xea,
  0xee,0xeb,0xef,0xe0,0xf7,0xee,0xea,0xd,0xa,0xea,0xee,0xed,0xf3,0xf0,0xe0,0xd,
  0xa,0xea,0xee,0xf0,0xee,0xe2,0xea,0xe0,0xd,0xa,0xea,0xf0,0xe5,0xe9,0xf1,0xe5,
  0xf0,0xd,0xa,0xea,0xf0,0xf3,0xf2,0xe8,0xe7,0xed,0xe0,0xd,0xa,0xea,0xf3,0xf0,
  0xe2,0xe0,0xd,0xa,0xeb,0xe0,0xe4,0xfc,0xff,0xd,0xa,0xeb,0xf3,0xf7,0xe8,0xed,
  0xe0,0xd,0xa,0xec,0xe0,0xe7,0xd,0xa,0xec,0xe0,0xf1,0xeb,0xe5,0xed,0xee,0xea,
  0xd,0xa,0xec,0xe5,0xe4,0xef,0xf3,0xed,0xea,0xf2,0xd,0xa,0xec,0xe5,0xf7,0xf2,
  0xe0,0xed,0xe8,0xe5,0xd,0xa,0xec,0xee,0xe9,0xea,0xe0,0xd,0xa,0xec,0xee,0xf2,
  0xee,0xea,0xd,0xa,0xed,0xe0,0xe2,0xee,0xe4,0xea,0xe0,0xd,0xa,0xed,0xe0,0xf5,
  0xf0,0xe0,0xef,0xd,0xa,0xed,0xe5,0xe2,0xe8,0xe4,0xe8,0xec,0xea,0xe0,0xd,0xa,
  0xed,0xe5,0xee,0xef,0xf0,0xe5,0xe4,0xe5,0xeb,0xe5,0xed,0xed,0xee,0xf1,0xf2,0xfc,
  0xd,0xa,0xed,0xe5,0xf1,0xee,0xf1,0xf2,0xee,0xff,0xf2,0xe5,0xeb,0xfc,0xed,0xee,
  0xf1,0xf2,0xfc,0xd,0xa,0xed,0xee,0xf2,0xe0,0xf0,0xe8,0xf3,0xf1,0xd,0xa,0xee,
  0xe1,0xeb,0xe8,0xf7,0xfc,0xe5,0xd,0xa,0xee,0xef,0xe8,0xf1,0xfc,0xd,0xa,0xee,
  0xf0,0xe3,0xe0,0xe7,0xec,0xd,0xa,0xee,0xf1,0xe8,0xef,0xee,0xe2,0xe0,0xd,0xa,
  0xef,0xe0,0xf1,0xf1,0xe0,0xe6,0xd,0xa,0xef,0xe5,0xf0,0xe5,0xe3,0xf3,0xe4,0xd,
  0xa,0xef,0xe5,0xf0,0xe5,0xe4,0xd,0xa,0xef,0xeb,0xfe,0xf1,0xd,0xa,0xef,0xee,
  0xe4,0xeb,0xe8,0xed,0xed,0xe8,0xea,0xd,0xa,0xef,0xee,0xe6,0xe0,0xf0,0xe8,0xf9,
  0xe5,0xd,0xa,0xef,0xee,0xeb,0xee,0xf2,0xed,0xe8,0xf9,0xe5,0xd,0xa,0xef,0xee,
  0xee,0xf9,0xf0,0xe5,0xed,0xe8,0xe5,0xd,0xa,0xef,0xf0,0xe5,0xe7,0xe5,0xf0,0xe2,
  0xe0,0xf2,0xe8,0xe2,0xd,0xa,0xef,0xf0,0xee,0xf2,0xee,0xf2,0xe8,0xef,0xd,0xa,
  0xf0,0xe0,0xe7,0xe4,0xf0,0xe0,0xe6,0xe8,0xf2,0xe5,0xeb,0xfc,0xd,0xa,0xf0,0xe5,
  0xe2,0xe8,0xe7,0xe8,0xff,0xd,0xa,0xf0,0xe5,0xe3,0xf3,0xeb,0xff,0xf2,0xee,0xf0,
  0xd,0xa,0xf0,0xe5,0xef,0xf0,0xee,0xe4,0xf3,0xea,0xf6,0xe8,0xff,0xd,0xa,0xf0,
  0xee,0xf1,0xef,0xe8,0xf1,0xfc,0xd,0xa,0xf0,0xfb,0xe1,0xee,0xeb,0xee,0xe2,0xd,
  0xa,0xf0,0xff,0xe7,0xe0,0xed,0xfc,0xd,0xa,0xf1,0xe8,0xf0,0xee,0xef,0xd,0xa,
  0xf1,0xeb,0xe5,0xe4,0xee,0xe2,0xe0,0xed,0xe8,0xe5,0xd,0xa,0xf1,0xeb,0xff,0xea,
  0xee,0xf2,0xfc,0xd,0xa,0xf1,0xec,0xee,0xf0,0xee,0xe4,0xe8,0xed,0xe0,0xd,0xa,
  0xf1,0xee,0xe7,0xf0,0xe5,0xe2,0xe0,0xed,0xe8,0xe5,0xd,0xa,0xf1,0xee,0xf4,0xe0,
  0xd,0xa,0xf1,0xf2,0xe0,0xf2,0xf3,0xfd,0xf2,0xea,0xe0,0xd,0xa,0xf1,0xf2,0xfb,
  0xea,0xd,0xa,0xf2,0xe0,0xed,0xe3,0xee,0xd,0xa,0xf2,0xf0,0xe5,0xef,0xe0,0xeb,
  0xee,0xd,0xa,0xf3,0xe5,0xe4,0xe8,0xed,0xe5,0xed,0xe8,0xe5,0xd,0xa,0xf3,0xf5,
  0xe0,0xe1,0xd,0xa,0xf4,0xe0,0xeb,0xfc,0xf8,0xfc,0xd,0xa,0xf5,0xe0,0xe1,0xe0,
  0xf0,0xee,0xe2,0xf1,0xea,0xd,0xa,0xf7,0xe0,0xf1,0xf2,0xed,0xe8,0xea,0xd,0xa,
  0xf8,0xe0,0xe1,0xe0,0xf8,0xd,0xa,0xff,0xe2,0xfc,0xd,0xa,0xe1,0xeb,0xe0,0xe3,
  0xee,0xe4,0xe0,0xf2,0xfc,0xd,0xa,0xe1,0xee,0xeb,0xee,0xed,0xea,0xe0,0xd,0xa,
  0xe2,0xe8,0xf8,0xed,0xff,0xd,0xa,0xe2,0xfb,0xef,0xeb,0xe0,0xf2,0xe0,0xd,0xa,
  0xe8,0xe5,0xf0,0xee,0xe3,0xeb,0xe8,0xf4,0xd,0xa,0xe8,0xed,0xf2,0xe5,0xeb,0xeb,
  0xe5,0xea,0xf2,0xf3,0xe0,0xeb,0xd,0xa,0xe8,0xf1,0xf2,0xe5,0xf0,0xe8,0xea,0xd,
  0xa,0xea,0xe8,0xf1,0xe5,0xf2,0xd,0xa,0xea,0xee,0xec,0xf4,0xee,0xf0,0xf2,0xd,
  0xa,0xea,0xf0,0xf3,0xf8,0xe5,0xed,0xe8,0xe5,0xd,0xa,0xea,0xf3,0xe1,0xe8,0xea,
  0xd,0xa,0xec,0xe0,0xf1,0xea,0xe8,0xf0,0xee,0xe2,0xea,0xe0,0xd,0xa,0xed,0xe5,
  0xeb,0xe5,0xef,0xee,0xf1,0xf2,0xfc,0xd,0xa,0xee,0xf1,0xef,0xe0,0xd,0xa,0xef,
  0xee,0xec,0xe5,0xf2,0xea,0xe0,0xd,0xa,0xef,0xf0,0xe5,0xe4,0xef,0xee,0xf7,0xf2,
  0xe5,0xed,0xe8,0xe5,0xd,0xa,0xef,0xf0,0xe8,0xf5,0xee,0xf2,0xfc,0xd,0xa,0xf0,
  0xe5,0xf7,0xf3,0xf8,0xea,0xe0,0xd,0xa,0xf1,0xea,0xe0,0xf2,0xd,0xa,0xf1,0xea,
  0xe0,0xf7,0xee,0xea,0xd,0xa,0xf1,0xef,0xf0,0xf3,0xf2,0xd,0xa,0xf1,0xf2,0xe8,
  0xf8,0xee,0xea,0xd,0xa,0xf2,0xf3,0xec,0xe1,0xe0,0xd,0xa,0xf3,0xe3,0xee,0xeb,
  0xe5,0xea,0xd,0xa,0xf4,0xe5,0xeb,0xfc,0xe4,0xec,0xe0,0xf0,0xf8,0xe0,0xeb,0xd,
  0xa,0xf5,0xe0,0xf0,0xf7,0xd,0xa,0xe3,0xe8,0xec,0xed,0xe0,0xf1,0xf2,0xe8,0xea,
  0xe0,0xd,0xa,0xe3,0xee,0xf0,0xec,0xee,0xed,0xd,0xa,0xe3,0xf0,0xe0,0xf4,0xe8,
  0xea,0xe0,0xd,0xa,0xe3,0xf0,0xe8,0xec,0xe0,0xf1,0xe0,0xd,0xa,0xe4,0xe6,0xe0,
  0xe7,0xd,0xa,0xe8,0xed,0xe2,0xe5,0xf1,0xf2,0xee,0xf0,0xd,0xa,0xea,0xee,0xec,
  0xef,0xe0,0xf1,0xd,0xa,0xeb,0xe0,0xe4,0xee,0xf8,0xe8,0xd,0xa,0xeb,0xee,0xf1,
  0xfc,0xd,0xa,0xec,0xee,0xf2,0xfb,0xeb,0xe5,0xea,0xd,0xa,0xee,0xe1,0xeb,0xe0,
  0xf7,0xea,0xee,0xd,0xa,0xef,0xe0,0xed,0xe5,0xeb,0xfc,0xd,0xa,0xef,0xe8,0xf1,
  0xe0,0xf0,0xfc,0xd,0xa,0xef,0xe8,0xf2,0xfc,0xe5,0xd,0xa,0xef,0xee,0xed,0xe8,
  0xd,0xa,0xf0,0xe5,0xea,0xee,0xf0,0xe4,0xd,0xa,0xf0,0xf3,0xe3,0xe0,0xed,0xfc,
  0xd,0xa,0xf2,0xf0,0xe0,0xea,0xf2,0xee,0xf0,0xe8,0xf1,0xf2,0xd,0xa,0xf3,0xf2,
  0xe5,0xf8,0xe5,0xed,0xe8,0xe5,0xd,0xa,0xe2,0xe5,0xe6,0xeb,0xe8,0xe2,0xee,0xf1,
  0xf2,0xfc,0xd,0xa,0xe3,0xe0,0xf0,0xed,0xe8,0xe7,0xee,0xed,0xd,0xa,0xe3,0xee,
  0xf0,0xea,0xe0,0xd,0xa,0xe7,0xee,0xed,0xf2,0xe8,0xea,0xd,0xa,0xea,0xee,0xed,
  0xea,0xf3,0xf0,0xe5,0xed,0xf2,0xd,0xa,0xef,0xee,0xf1,0xf2,0xf0,0xee,0xe5,0xed,
  0xe8,0xe5,0xd,0xa,0xef,0xf1,0xe8,0xf5,0xe8,0xe0,0xf2,0xf0,0xd,0xa,0xf0,0xf3,
  0xea,0xee,0xff,0xf2,0xea,0xe0,0xd,0xa,0xf1,0xe0,0xeb,0xe0,0xf2,0xd,0xa,0xf1,
  0xe8,0xe3,0xe0,0xf0,0xe0,0xd,0xa,0xf1,0xee,0xe2,0xf5,0xee,0xe7,0xd,0xa,0xf1,
  0xee,0xf0,0xe0,0xf2,0xed,0xe8,0xea,0xd,0xa,0xf1,0xef,0xee,0xf0,0xd,0xa,0xf8,
  0xe8,0xf0,0xe8,0xed,0xe0,0xd,0xa,0xe1,0xf3,0xeb,0xfc,0xe2,0xe0,0xf0,0xd,0xa,
  0xe1,0xf3,0xf4,0xe5,0xf2,0xd,0xa,0xee,0xe1,0xee,0xf0,0xee,0xf2,0xd,0xa,0xf1,
  0xe5,0xf0,0xe8,0xff,0xd,0xa,0xf1,0xea,0xe0,0xec,0xfc,0xff,0xd,0xa,0xe8,0xed,
  0xf2,0xe5,0xeb,0xeb,0xe8,0xe3,0xe5,0xed,0xf2,0xd,0xa,0xec,0xe0,0xf0,0xf8,0xe0,
  0xeb,0xd,0xa,0xef,0xee,0xea,0xe0,0xe7,0xe0,0xed,0xe8,0xe5,0xd,0xa,0xf4,0xe0,
  0xe1,0xf0,0xe8,0xea,0xe0,0xd,0xa,0xe0,0xe2,0xf2,0xee,0xec,0xe0,0xf2,0xe8,0xe7,
  0xec,0xd,0xa,0xe0,0xe2,0xf2,0xee,0xec,0xee,0xe1,0xe8,0xeb,0xe8,0xf1,0xf2,0xd,
  0xa,0xe0,0xec,0xe1,0xf3,0xeb,0xe0,0xf2,0xee,0xf0,0xe8,0xff,0xd,0xa,0xe0,0xf0,
  0xf2,0xf0,0xe8,0xf2,0xd,0xa,0xe0,0xf0,0xf5,0xe8,0xe5,0xef,0xe8,0xf1,0xea,0xee,
  0xef,0xd,0xa,0xe0,0xf0,0xfb,0xea,0xd,0xa,0xe0,0xf1,0xf2,0xf0,0xee,0xeb,0xee,
  0xe3,0xe8,0xff,0xd,0xa,0xe1,0xe5,0xeb,0xe5,0xf6,0xea,0xe0,0xff,0xd,0xa,0xe1,
  0xe5,0xf0,0xe5,0xf1,0xf2,0xd,0xa,0xe1,0xeb,0xe0,0xe3,0xee,0xe4,0xe5,0xed,0xf1,
  0xf2,0xe2,0xe8,0xe5,0xd,0xa,0xe1,0xeb,0xe0,0xf2,0xed,0xee,0xe9,0xd,0xa,0xe1,
  0xeb,0xe5,0xe2,0xee,0xf2,0xe8,0xed,0xe0,0xd,0xa,0xe1,0xf0,0xee,0xe2,0xea,0xe0,
  0xd,0xa,0xe2,0xe5,0xed,0xf7,0xe8,0xea,0xd,0xa,0xe2,0xe7,0xe4,0xf3,0xf2,0xe8,
  0xe5,0xd,0xa,0xe2,0xe8,0xed,0xee,0xe2,0xed,0xee,0xf1,0xf2,0xfc,0xd,0xa,0xe2,
  0xed,0xf3,0xf7,0xee,0xed,0xee,0xea,0xd,0xa,0xe2,0xee,0xeb,0xee,0xe3,0xe4,0xe0,
  0xd,0xa,0xe2,0xee,0xf1,0xef,0xf0,0xee,0xe8,0xe7,0xe2,0xee,0xe4,0xf1,0xf2,0xe2,
  0xee,0xd,0xa,0xe2,0xee,0xf1,0xf2,0xee,0xf7,0xed,0xe8,0xea,0xd,0xa,0xe2,0xf3,
  0xe0,0xeb,0xfc,0xd,0xa,0xe2,0xfb,0xf3,0xf7,0xea,0xe0,0xd,0xa,0xe3,0xe5,0xf0,
  0xe0,0xed,0xfc,0xd,0xa,0xe3,0xe5,0xf0,0xef,0xe5,0xf1,0xd,0xa,0xe3,0xe8,0xe2,
  0xe8,0xd,0xa,0xe3,0xf0,0xe5,0xe1,0xe5,0xf6,0xd,0xa,0xe3,0xf0,0xfb,0xe7,0xeb,
  0xee,0xd,0xa,0xe3,0xf3,0xec,0xe0,0xed,0xee,0xe8,0xe4,0xd,0xa,0xe4,0xe2,0xee,
  0xe5,0xf7,0xed,0xe8,0xea,0xd,0xa,0xe4,0xe5,0xe2,0xf1,0xf2,0xe2,0xe5,0xed,0xed,
  0xee,0xf1,0xf2,0xfc,0xd,0xa,0xe4,0xe8,0xf1,0xef,0xe0,0xed,0xf1,0xe5,0xf0,0xd,
  0xa,0xe4,0xee,0xe7,0xe8,0xec,0xe5,0xf2,0xf0,0xe8,0xf1,0xf2,0xd,0xa,0xe4,0xf0,
  0xf3,0xe6,0xe5,0xeb,0xfe,0xe1,0xe8,0xe5,0xd,0xa,0xe4,0xfc,0xff,0xf7,0xf3,0xea,
  0xd,0xa,0xe7,0xe0,0xe1,0xee,0xeb,0xe5,0xe2,0xe0,0xe5,0xec,0xee,0xf1,0xf2,0xfc,
  0xd,0xa,0xe7,0xe0,0xea,0xe0,0xe2,0xea,0xe0,0xe7,0xfc,0xe5,0xd,0xa,0xe7,0xe0,
  0xec,0xfb,0xea,0xe0,0xed,0xe8,0xe5,0xd,0xa,0xe7,0xe0,0xef,0xe0,0xe4,0xed,0xe8,
  0xea,0xd,0xa,0xe7,0xe0,0xf2,0xf0,0xe5,0xf9,0xe8,0xed,0xe0,0xd,0xa,0xe7,0xe0,
  0xf7,0xe0,0xf2,0xe8,0xe5,0xd,0xa,0xe7,0xee,0xeb,0xfc,0xd,0xa,0xe8,0xe7,0xe1,
  0xf0,0xe0,0xed,0xed,0xe8,0xf6,0xe0,0xd,0xa,0xe8,0xe7,0xed,0xee,0xf1,0xd,0xa,
  0xe8,0xf1,0xf2,0xe5,0xf0,0xe8,0xff,0xd,0xa,0xea,0xe0,0xe1,0xe0,0xed,0xf7,0xe8,
  0xea,0xd,0xa,0xea,0xe0,0xe2,0xfb,0xf7,0xea,0xe0,0xd,0xa,0xea,0xe0,0xe7,0xe0,
  0xf7,0xee,0xea,0xd,0xa,0xea,0xe0,0xe7,0xe5,0xec,0xe0,0xf2,0xd,0xa,0xea,0xe0,
  0xeb,0xe5,0xe9,0xe4,0xee,0xf1,0xea,0xee,0xef,0xd,0xa,0xea,0xe0,0xf0,0xe1,0xf3,
  0xed,0xea,0xf3,0xeb,0xd,0xa,0xea,0xe8,0xed,0xee,0xe7,0xe0,0xeb,0xd,0xa,0xea,
  0xe8,0xf1,0xeb,0xee,0xf2,0xed,0xee,0xf1,0xf2,0xfc,0xd,0xa,0xea,0xee,0xeb,0xeb,
  0xe5,0xea,0xf2,0xee,0xf0,0xd,0xa,0xea,0xee,0xf0,0xf2,0xe5,0xe6,0xd,0xa,0xea,
  0xf0,0xe0,0xf1,0xed,0xee,0xe4,0xe0,0xf0,0xd,0xa,0xea,0xf0,0xee,0xe2,0xee,0xf2,
  0xee,0xea,0xd,0xa,0xea,0xf0,0xee,0xeb,0xfc,0xf7,0xe8,0xf5,0xe0,0xd,0xa,0xea,
  0xf1,0xe5,0xed,0xe4,0xe7,0xd,0xa,0xea,0xf3,0xe7,0xe5,0xed,0xd,0xa,0xea,0xf3,
  0xeb,0xe0,0xf7,0xea,0xe0,0xd,0xa,0xeb,0xee,0xe1,0xe0,0xed,0xd,0xa,0xeb,0xee,
  0xe2,0xd,0xa,0xeb,0xf3,0xea,0xe0,0xe2,0xf1,0xf2,0xe2,0xee,0xd,0xa,0xeb,0xf3,
  0xea,0xee,0xe9,0xeb,0xd,0xa,0xec,0xe0,0xe6,0xee,0xf0,0xd,0xa,0xec,0xe0,0xeb,
  0xfb,0xf8,0xee,0xea,0xd,0xa,0xec,0xe0,0xf2,0xf0,0xe5,0xf8,0xea,0xe0,0xd,0xa,
  0xec,0xe5,0xe6,0xe4,0xee,0xec,0xe5,0xf2,0xe8,0xe5,0xd,0xa,0xec,0xe5,0xeb,0xea,
  0xee,0xe2,0xee,0xe4,0xfc,0xe5,0xd,0xa,0xec,0xe5,0xeb,0xfc,0xf5,0xe8,0xee,0xf0,
  0xd,0xa,0xec,0xe8,0xed,0xee,0xec,0xe5,0xf2,0xf7,0xe8,0xea,0xd,0xa,0xec,0xee,
  0xeb,0xee,0xf2,0xee,0xf7,0xe5,0xea,0xd,0xa,0xec,0xee,0xf2,0xee,0xf0,0xea,0xe0,
  0xd,0xa,0xed,0xe0,0xf1,0xea,0xee,0xea,0xd,0xa,0xed,0xe5,0xe8,0xf1,0xf2,0xee,
  0xe2,0xf1,0xf2,0xe2,0xee,0xd,0xa,0xed,0xe5,0xea,0xf2,0xe0,0xf0,0xd,0xa,0xed,
  0xe5,0xeb,0xe5,0xe3,0xe0,0xeb,0xd,0xa,0xed,0xe5,0xef,0xf2,0xf3,0xed,0xd,0xa,
  0xed,0xe8,0xe7,0xee,0xea,0xd,0xa,0xed,0xee,0xe3,0xee,0xf2,0xee,0xea,0xd,0xa,
  0xed,0xee,0xf0,0xec,0xe0,0xeb,0xe8,0xe7,0xe0,0xf6,0xe8,0xff,0xd,0xa,0xed,0xfb,
  0xf0,0xee,0xea,0xd,0xa,0xee,0xe1,0xe5,0xe7,0xe2,0xee,0xe6,0xe8,0xe2,0xe0,0xed,
  0xe8,0xe5,0xd,0xa,0xee,0xe2,0xeb,0xe0,0xe4,0xe5,0xed,0xe8,0xe5,0xd,0xa,0xee,
  0xf0,0xe4,0xe5,0xed,0xee,0xed,0xee,0xf1,0xe5,0xf6,0xd,0xa,0xee,0xf2,0xe4,0xf3,
  0xf8,0xe8,0xed,0xe0,0xd,0xa,0xee,0xf2,0xf1,0xe8,0xe4,0xea,0xe0,0xd,0xa,0xee,
  0xf6,0xe5,0xef,0xeb,0xe5,0xed,0xe8,0xe5,0xd,0xa,0xef,0xe0,0xe3,0xee,0xe4,0xe0,
  0xd,0xa,0xef,0xe0,0xf0,0xe0,0xf8,0xfe,0xf2,0xe8,0xf1,0xf2,0xea,0xe0,0xd,0xa,
  0xef,0xe0,0xf0,0xeb,0xe0,0xec,0xe5,0xed,0xf2,0xe0,0xf0,0xe8,0xe9,0xd,0xa,0xef,
  0xe0,0xf0,0xf4,0xfe,0xec,0xe5,0xf0,0xe8,0xff,0xd,0xa,0xef,0xe0,0xf1,0xe5,0xea,
  0xe0,0xd,0xa,0xef,0xe5,0xed,0xf1,0xd,0xa,0xef,0xe5,0xf0,0xe2,0xee,0xee,0xf2,
  0xea,0xf0,0xfb,0xe2,0xe0,0xf2,0xe5,0xeb,0xfc,0xd,0xa,0xef,0xe5,0xf0,0xe5,0xea,
  0xf0,0xe5,0xf1,0xf2,0xe8,0xe5,0xd,0xa,0xef,0xe5,0xf0,0xe5,0xeb,0xe8,0xe2,0xd,
  0xa,0xef,0xe5,0xf0,0xf1,0xe8,0xff,0xd,0xa,0xef,0xe5,0xf1,0xf2,0xf0,0xee,0xf2,
  0xe0,0xd,0xa,0xef,0xe5,0xf7,0xf3,0xf0,0xea,0xe0,0xd,0xa,0xef,0xe8,0xed,0xf6,
  0xe5,0xf2,0xd,0xa,0xef,0xee,0xe2,0xe5,0xeb,0xe8,0xf2,0xe5,0xeb,0xfc,0xed,0xe8,
  0xf6,0xe0,0xd,0xa,0xef,0xee,0xe4,0xe2,0xe5,0xf1,0xee,0xea,0xd,0xa,0xef,0xee,
  0xe4,0xe6,0xee,0xe3,0xd,0xa,0xef,0xee,0xe4,0xee,0xf0,0xee,0xe6,0xed,0xe8,0xea,
  0xd,0xa,0xef,0xee,0xeb,0xf3,0xf1,0xee,0xf2,0xed,0xff,0xd,0xa,0xef,0xee,0xf0,
  0xf2,0xec,0xee,0xed,0xe5,0xd,0xa,0xef,0xee,0xf1,0xeb,0xe5,0xf1,0xeb,0xee,0xe2,
  0xe8,0xe5,0xd,0xa,0xef,0xee,0xff,0xf1,0xee,0xea,0xd,0xa,0xef,0xf0,0xe5,0xe7,
  0xe5,0xed,0xf2,0xd,0xa,0xef,0xf0,0xe5,0xe7,0xf3,0xec,0xef,0xf6,0xe8,0xff,0xd,
  0xa,0xef,0xf0,0xe8,0xe1,0xe0,0xe2,0xea,0xe0,0xd,0xa,0xef,0xf0,0xe8,0xec,0xe5,
  0xf0,0xea,0xe0,0xd,0xa,0xef,0xf0,0xe8,0xec,0xee,0xf0,0xfc,0xe5,0xd,0xa,0xef,
  0xf0,0xee,0xef,0xe5,0xeb,0xeb,0xe5,0xf0,0xd,0xa,0xef,0xf0,0xee,0xf1,0xeb,0xee,
  0xe5,0xea,0xd,0xa,0xef,0xf1,0xe8,0xf5,0xee,0xf2,0xe5,0xf0,0xe0,0xef,0xe5,0xe2,
  0xf2,0xd,0xa,0xef,0xf7,0xe5,0xeb,0xea,0xe0,0xd,0xa,0xf0,0xe0,0xe1,0xf4,0xe0,
  0xea,0xd,0xa,0xf0,0xe5,0xec,0xe8,0xf1,0xf1,0xe8,0xff,0xd,0xa,0xf0,0xe5,0xf4,
  0xf0,0xe8,0xe6,0xe5,0xf0,0xe0,0xf2,0xee,0xf0,0xd,0xa,0xf0,0xe8,0xea,0xee,0xf8,
  0xe5,0xf2,0xd,0xa,0xf0,0xee,0xec,0xe0,0xed,0xe8,0xf1,0xf2,0xd,0xa,0xf0,0xf3,
  0xea,0xee,0xef,0xf0,0xe8,0xea,0xeb,0xe0,0xe4,0xf1,0xf2,0xe2,0xee,0xd,0xa,0xf1,
  0xe0,0xe6,0xd,0xa,0xf1,0xe0,0xed,0xee,0xe2,0xed,0xe8,0xea,0xd,0xa,0xf1,0xe2,
  0xe5,0xf0,0xea,0xe0,0xed,0xe8,0xe5,0xd,0xa,0xf1,0xe5,0xe3,0xec,0xe5,0xed,0xf2,
  0xd,0xa,0xf1,0xe6,0xe8,0xe3,0xe0,0xed,0xe8,0xe5,0xd,0xa,0xf1,0xea,0xe0,0xd,
  0xa,0xf1,0xea,0xee,0xe2,0xe0,0xed,0xed,0xee,0xf1,0xf2,0xfc,0xd,0xa,0xf1,0xeb,
  0xe0,0xe9,0xe4,0xd,0xa,0xf1,0xee,0xe1,0xe8,0xf0,0xe0,0xf2,0xe5,0xeb,0xfc,0xf1,
  0xf2,0xe2,0xee,0xd,0xa,0xf1,0xee,0xef,0xf0,0xe0,0xed,0xee,0xd,0xa,0xf1,0xf2,
  0xe0,0xf0,0xe8,0xed,0xea,0xe0,0xd,0xa,0xf1,0xf2,0xe5,0xf0,0xe8,0xed,0xd,0xa,
  0xf1,0xf2,0xee,0xeb,0xff,0xf0,0xea,0xe0,0xd,0xa,0xf1,0xf5,0xee,0xe4,0xed,0xff,
  0xd,0xa,0xf2,0xe5,0xf1,0xe0,0xea,0xd,0xa,0xf2,0xee,0xeb,0xea,0xee,0xf2,0xed,
  0xff,0xd,0xa,0xf2,0xf0,0xe5,0xed,0xee,0xe3,0xe0,0xd,0xa,0xf2,0xf0,0xee,0xf1,
  0xf2,0xee,0xf7,0xea,0xe0,0xd,0xa,0xf2,0xf3,0xf0,0xe8,0xf1,0xf2,0xea,0xe0,0xd,
  0xa,0xf2,0xfe,0xf0,0xff,0xd,0xa,0xf3,0xf1,0xf2,0xf0,0xe8,0xf6,0xe0,0xd,0xa,
  0xf3,0xf5,0xe2,0xe0,0xf2,0xd,0xa,0xf3,0xf7,0xe0,0xf9,0xe5,0xed,0xe8,0xe5,0xd,
  0xa,0xf4,0xe0,0xed,0xe0,0xf2,0xe8,0xe7,0xec,0xd,0xa,0xf4,0xf0,0xe0,0xed,0xf2,
  0xd,0xa,0xf5,0xe5,0xea,0xd,0xa,0xf6,0xe0,0xf0,0xf1,0xf2,0xe2,0xee,0xe2,0xe0,
  0xed,0xe8,0xe5,0xd,0xa,0xf6,0xe8,0xeb,0xe8,0xed,0xe4,0xf0,0xe8,0xea,0xd,0xa,
  0xf7,0xe0,0xf0,0xea,0xe0,0xd,0xa,0xf7,0xe0,0xff,0xed,0xe8,0xe5,0xd,0xa,0xf8,
  0xe0,0xf0,0xf4,0xe8,0xea,0xd,0xa,0xf8,0xec,0xee,0xed,0xd,0xa,0xfd,0xeb,0xe0,
  0xf1,0xf2,0xe8,0xf7,0xed,0xee,0xf1,0xf2,0xfc,0xd,0xa,0xfd,0xef,0xe8,0xe4,0xe5,
  0xf0,0xec,0xe8,0xf1,0xd,0xa,0xfd,0xef,0xe8,0xeb,0xe5,0xef,0xf1,0xe8,0xff,0xd,
  0xa,0xfd,0xf1,0xf2,0xe0,0xea,0xe0,0xe4,0xe0,0xd,0xa,0xfd,0xf2,0xe0,0xeb,0xee,
  0xed,0xd,0xa,0xe0,0xe3,0xf0,0xe5,0xf1,0xf1,0xee,0xf0,0xd,0xa,0xe2,0xe0,0xe7,
  0xee,0xf7,0xea,0xe0,0xd,0xa,0xe2,0xe8,0xeb,0xeb,0xe8,0xf1,0xd,0xa,0xe2,0xfb,
  0xef,0xe8,0xe2,0xe0,0xeb,0xe0,0xd,0xa,0xe3,0xf0,0xee,0xec,0xe8,0xeb,0xe0,0xd,
  0xa,0xe4,0xee,0xe1,0xe0,0xe2,0xee,0xea,0xd,0xa,0xe6,0xe5,0xf2,0xee,0xed,0xd,
  0xa,0xe7,0xe0,0xe2,0xf5,0xee,0xe7,0xd,0xa,0xe8,0xe4,0xe5,0xee,0xeb,0xee,0xe3,
  0xd,0xa,0xea,0xeb,0xe0,0xe4,0xee,0xe2,0xe0,0xff,0xd,0xa,0xea,0xee,0xe2,0xe1,
  0xee,0xe9,0xea,0xe0,0xd,0xa,0xea,0xee,0xea,0xd,0xa,0xea,0xee,0xed,0xf1,0xef,
  0xe5,0xea,0xf2,0xd,0xa,0xec,0xe0,0xed,0xe8,0xf4,0xe5,0xf1,0xf2,0xd,0xa,0xec,
  0xe5,0xeb,0xfc,0xd,0xa,0xec,0xe8,0xe4,0xd,0xa,0xec,0xee,0xed,0xee,0xe3,0xf0,
  0xe0,0xf4,0xe8,0xff,0xd,0xa,0xec,0xee,0xf2,0xee,0xf6,0xe8,0xea,0xeb,0xe8,0xf1,
  0xf2,0xd,0xa,0xec,0xf3,0xf8,0xea,0xe5,0xf2,0xe5,0xf0,0xd,0xa,0xed,0xe0,0xf0,
  0xea,0xee,0xec,0xe0,0xf2,0xd,0xa,0xee,0xe3,0xeb,0xe0,0xe2,0xeb,0xe5,0xed,0xe8,
  0xe5,0xd,0xa,0xee,0xea,0xe0,0xe7,0xe0,0xed,0xe8,0xe5,0xd,0xa,0xee,0xf7,0xe0,
  0xf0,0xee,0xe2,0xe0,0xed,0xe8,0xe5,0xd,0xa,0xef,0xe5,0xf1,0xf7,0xe8,0xed,0xea,
  0xe0,0xd,0xa,0xef,0xee,0xe4,0xe2,0xee,0xf5,0xd,0xa,0xef,0xee,0xe4,0xee,0xe7,
  0xf0,0xe5,0xe2,0xe0,0xe5,0xec,0xfb,0xe9,0xd,0xa,0xef,0xee,0xe4,0xf1,0xee,0xeb,
  0xed,0xf3,0xf5,0xd,0xa,0xef,0xee,0xf0,0xf2,0xfc,0xe5,0xd,0xa,0xef,0xee,0xf2,
  0xe5,0xec,0xea,0xe8,0xd,0xa,0xef,0xf0,0xe0,0xe2,0xee,0xf1,0xeb,0xe0,0xe2,0xe8,
  0xe5,0xd,0xa,0xf0,0xe5,0xd,0xa,0xf0,0xee,0xe4,0xe6,0xe5,0xf0,0xd,0xa,0xf0,
  0xf3,0xeb,0xee,0xed,0xd,0xa,0xf1,0xec,0xe8,0xf0,0xe5,0xed,0xe8,0xe5,0xd,0xa,
  0xf1,0xef,0xe5,0xea,0xf3,0xeb,0xff,0xf6,0xe8,0xff,0xd,0xa,0xf2,0xe8,0xe1,0xe5,
  0xf2,0xd,0xa,0xf2,0xf3,0xf7,0xea,0xe0,0xd,0xa,0xf2,0xfe,0xe1,0xe8,0xea,0xd,
  0xa,0xf3,0xe1,0xe5,0xe4,0xe8,0xf2,0xe5,0xeb,0xfc,0xed,0xee,0xf1,0xf2,0xfc,0xd,
  0xa,0xf3,0xeb,0xe5,0xe9,0xd,0xa,0xf3,0xef,0xf0,0xff,0xe6,0xea,0xe0,0xd,0xa,
  0xf8,0xe8,0xef,0xd,0xa,0xfd,0xed,0xd,0xa,0xff,0xe7,0xfb,0xf7,0xee,0xea,0xd,
  0xa,0xff,0xf1,0xeb,0xe8,0xd,0xa,0xe0,0xe2,0xf2,0xee,0xec,0xe0,0xf2,0xf7,0xe8,
  0xea,0xd,0xa,0xe1,0xe5,0xe7,0xf0,0xe0,0xe7,0xeb,0xe8,0xf7,0xe8,0xe5,0xd,0xa,
  0xe1,0xf0,0xee,0xf1,0xee,0xea,0xd,0xa,0xe2,0xfb,0xf5,0xee,0xe4,0xe5,0xf6,0xd,
  0xa,0xe3,0xe0,0xf0,0xf0,0xe8,0xd,0xa,0xe3,0xf0,0xe0,0xed,0xe8,0xf2,0xd,0xa,
  0xe5,0xe3,0xe8,0xef,0xe5,0xf2,0xd,0xa,0xea,0xe0,0xf1,0xf1,0xe8,0xf0,0xf8,0xe0,
  0xd,0xa,0xea,0xee,0xed,0xf2,0xf0,0xf0,0xe0,0xe7,0xe2,0xe5,0xe4,0xea,0xe0,0xd,
  0xa,0xeb,0xe5,0xe3,0xe8,0xee,0xed,0xd,0xa,0xeb,0xee,0xec,0xee,0xf2,0xfc,0xd,
  0xa,0xef,0xe5,0xf8,0xe5,0xf5,0xee,0xe4,0xd,0xa,0xef,0xe8,0xf1,0xe0,0xed,0xe8,
  0xe5,0xd,0xa,0xef,0xee,0xe4,0xed,0xee,0xe6,0xea,0xe0,0xd,0xa,0xef,0xee,0xf9,
  0xe5,0xf7,0xe8,0xed,0xe0,0xd,0xa,0xef,0xf0,0xe8,0xe4,0xf3,0xf0,0xee,0xea,0xd,
  0xa,0xef,0xf0,0xe8,0xec,0xe5,0xf1,0xfc,0xd,0xa,0xef,0xf0,0xee,0xe3,0xf0,0xe0,
  0xec,0xec,0xe8,0xf1,0xf2,0xd,0xa,0xf0,0xe0,0xf1,0xf1,0xef,0xf0,0xee,0xf1,0xd,
  0xa,0xf0,0xe5,0xf8,0xe8,0xec,0xee,0xf1,0xf2,0xfc,0xd,0xa,0xf0,0xee,0xec,0xe0,
  0xed,0xf2,0xe8,0xea,0xd,0xa,0xf1,0xe0,0xf7,0xee,0xea,0xd,0xa,0xf1,0xe2,0xff,
  0xe7,0xe8,0xf1,0xf2,0xd,0xa,0xf2,0xe0,0xeb,0xee,0xed,0xd,0xa,0xf2,0xe5,0xec,
  0xe5,0xed,0xfc,0xd,0xa,0xfe,0xed,0xe5,0xf6,0xd,0xa,0xe1,0xf3,0xf2,0xfb,0xeb,
  0xee,0xf7,0xea,0xe0,0xd,0xa,0xe2,0xee,0xe7,0xed,0xff,0xd,0xa,0xe8,0xed,0xf2,
  0xf0,0xe8,0xe3,0xe0,0xd,0xa,0xed,0xe0,0xe2,0xe5,0xf1,0xd,0xa,0xef,0xee,0xf5,
  0xec,0xe5,0xeb,0xfc,0xe5,0xd,0xa,0xf1,0xe2,0xe5,0xf2,0xee,0xf4,0xee,0xf0,0xd,
  0xa,0xf1,0xe8,0xed,0xe5,0xe2,0xe0,0xd,0xa,0xf4,0xe8,0xed,0xe0,0xeb,0xd,0xa,
  0xf7,0xe5,0xf0,0xed,0xee,0xf2,0xe0,0xd,0xa,0xf8,0xe5,0xe4,0xe5,0xe2,0xf0,0xd,
  0xa,0xf9,0xe5,0xf2,0xe8,0xed,0xe0,0xd,0xa,0xe2,0xe0,0xe7,0xe0,0xd,0xa,0xe4,
  0xf3,0xeb,0xee,0xd,0xa,0xea,0xe0,0xed,0xe8,0xea,0xf3,0xeb,0xfb,0xd,0xa,0xea,
  0xee,0xeb,0xef,0xe0,0xea,0xd,0xa,0xeb,0xe8,0xec,0xee,0xed,0xd,0xa,0xee,0xf2,
  0xec,0xe5,0xf2,0xea,0xe0,0xd,0xa,0xef,0xe5,0xf0,0xe5,0xef,0xe8,0xf1,0xea,0xe0,
  0xd,0xa,0xef,0xee,0xea,0xeb,0xee,0xed,0xd,0xa,0xef,0xf0,0xe0,0xef,0xee,0xf0,
  0xf9,0xe8,0xea,0xd,0xa,0xf0,0xfb,0xeb,0xee,0xd,0xa,0xf1,0xe2,0xff,0xf2,0xee,
  0xe9,0xd,0xa,0xf1,0xf2,0xe0,0xea,0xe0,0xed,0xf7,0xe8,0xea,0xd,0xa,0xf2,0xe5,
  0xf0,0xf0,0xe0,0xf1,0xe0,0xd,0xa,0xe4,0xe8,0xf2,0xff,0xd,0xa,0xe6,0xe5,0xf1,
  0xf2,0xee,0xea,0xee,0xf1,0xf2,0xfc,0xd,0xa,0xe7,0xed,0xe0,0xf2,0xee,0xea,0xd,
  0xa,0xe8,0xe3,0xee,0xeb,0xea,0xe0,0xd,0xa,0xec,0xee,0xf1,0xf2,0xe8,0xea,0xd,
  0xa,0xed,0xe0,0xef,0xee,0xeb,0xe5,0xee,0xed,0xd,0xa,0xf0,0xe0,0xe2,0xed,0xe8,
  0xed,0xe0,0xd,0xa,0xf1,0xe0,0xed,0xe0,0xf2,0xee,0xf0,0xe8,0xe9,0xd,0xa,0xf1,
  0xf2,0xee,0xf0,0xee,0xed,0xed,0xe8,0xea,0xd,0xa,0xe2,0xe7,0xff,0xf2,0xee,0xea,
  0xd,0xa,0xe3,0xf3,0xf1,0xe5,0xed,0xe8,0xf6,0xe0,0xd,0xa,0xe8,0xe3,0xf0,0xee,
  0xea,0xd,0xa,0xed,0xee,0xe2,0xe8,0xf7,0xee,0xea,0xd,0xa,0xee,0xe1,0xfa,0xff,
  0xf2,0xe8,0xe5,0xd,0xa,0xee,0xf2,0xf1,0xf2,0xe0,0xe2,0xea,0xe0,0xd,0xa,0xf0,
  0xe5,0xeb,0xfc,0xf1,0xd,0xa,0xf0,0xfb,0xe1,0xea,0xe0,0xd,0xa,0xf8,0xee,0xf0,
  0xee,0xf5,0xd,0xa,0xea,0xf3,0xf0,0xe8,0xf6,0xe0,0xd,0xa,0xef,0xf0,0xee,0xe7,
  0xe2,0xe8,0xf9,0xe5,0xd,0xa,0xf2,0xe5,0xec,0xef,0xd,0xa,0xf3,0xec,0xe5,0xed,
  0xe8,0xe5,0xd,0xa,0xe1,0xee,0xeb,0xfc,0xf8,0xe5,0xe2,0xe8,0xea,0xd,0xa,0xec,
  0xe0,0xf8,0xe8,0xed,0xea,0xe0,0xd,0xa,0xf1,0xe8,0xe1,0xe8,0xf0,0xfc,0xd,0xa,
  0xf2,0xe5,0xf0,0xec,0xe8,0xed,0xd,0xa,0xe0,0xe2,0xf2,0xee,0xef,0xe8,0xeb,0xee,
  0xf2,0xd,0xa,0xe0,0xe2,0xf2,0xee,0xf1,0xeb,0xe5,0xf1,0xe0,0xf0,0xfc,0xd,0xa,
  0xe0,0xea,0xf0,0xd,0xa,0xe0,0xea,0xf1,0xe5,0xf1,0xf1,0xf3,0xe0,0xf0,0xd,0xa,
  0xe0,0xeb,0xe6,0xe8,0xf0,0xd,0xa,0xe0,0xec,0xec,0xee,0xed,0xe8,0xf2,0xd,0xa,
  0xe0,0xec,0xee,0xf0,0xf2,0xe8,0xe7,0xe0,0xf6,0xe8,0xff,0xd,0xa,0xe0,0xed,0xe3,
  0xe5,0xeb,0xee,0xf7,0xe5,0xea,0xd,0xa,0xe0,0xed,0xe3,0xee,0xeb,0xe0,0xd,0xa,
  0xe0,0xed,0xe4,0xf0,0xee,0xed,0xd,0xa,0xe0,0xed,0xee,0xed,0xe8,0xec,0xed,0xee,
  0xf1,0xf2,0xfc,0xd,0xa,0xe0,0xed,0xf2,0xe8,0xe4,0xe5,0xef,0xf0,0xe5,0xf1,0xf1,
  0xe0,0xed,0xf2,0xd,0xa,0xe0,0xed,0xf2,0xe8,0xea,0xee,0xec,0xec,0xf3,0xed,0xe8,
  0xf1,0xf2,0xd,0xa,0xe0,0xed,0xf5,0xe5,0xeb,0xfc,0xd,0xa,0xe0,0xef,0xef,0xe5,
  0xed,0xe4,0xe8,0xea,0xf1,0xd,0xa,0xe0,0xef,0xef,0xeb,0xe8,0xea,0xe0,0xf6,0xe8,
  0xff,0xd,0xa,0xe0,0xf1,0xf2,0xf0,0xee,0xed,0xe0,0xe2,0xf2,0xd,0xa,0xe0,0xf4,
  0xe8,0xf8,0xea,0xe0,0xd,0xa,0xe1,0xe0,0xf0,0xe0,0xe1,0xe0,0xed,0xf7,0xe8,0xea,
  0xd,0xa,0xe1,0xe0,0xf2,0xe0,0xf0,0xe5,0xe5,0xf6,0xd,0xa,0xe1,0xe0,0xf8,0xea,
  0xe8,0xf0,0xe8,0xff,0xd,0xa,0xe1,0xe5,0xe3,0xeb,0xff,0xed,0xea,0xe0,0xd,0xa,
  0xe1,0xe5,0xe7,0xee,0xf2,0xf6,0xee,0xe2,0xf9,0xe8,0xed,0xe0,0xd,0xa,0xe1,0xe5,
  0xeb,0xfc,0xec,0xe5,0xf1,0xd,0xa,0xe1,0xe5,0xf1,0xe5,0xed,0xee,0xea,0xd,0xa,
  0xe1,0xe5,0xf1,0xf2,0xee,0xeb,0xee,0xf7,0xfc,0xd,0xa,0xe1,0xe5,0xf2,0xee,0xed,
  0xee,0xec,0xe5,0xf8,0xe0,0xeb,0xea,0xe0,0xd,0xa,0xe1,0xe8,0xe3,0xd,0xa,0xe1,
  0xee,0xe1,0xee,0xea,0xd,0xa,0xe1,0xee,0xe9,0xea,0xee,0xf2,0xd,0xa,0xe1,0xee,
  0xf0,0xee,0xe4,0xe8,0xf9,0xe0,0xd,0xa,0xe1,0xee,0xf0,0xf2,0xec,0xe5,0xf5,0xe0,
  0xed,0xe8,0xea,0xd,0xa,0xe1,0xf0,0xe0,0xed,0xe4,0xf1,0xef,0xee,0xe9,0xf2,0xd,
  0xa,0xe1,0xf0,0xe5,0xed,0xed,0xee,0xf1,0xf2,0xfc,0xd,0xa,0xe1,0xf0,0xe5,0xf5,
  0xf3,0xed,0xd,0xa,0xe1,0xf0,0xe8,0xeb,0xfc,0xff,0xed,0xf2,0xd,0xa,0xe1,0xf3,
  0xe7,0xe0,0xd,0xa,0xe1,0xf3,0xeb,0xfc,0xe1,0xd,0xa,0xe1,0xf3,0xf2,0xe0,0xf4,
  0xee,0xf0,0xe8,0xff,0xd,0xa,0xe1,0xf3,0xf2,0xfb,0xf0,0xea,0xe8,0xd,0xa,0xe2,
  0xe4,0xee,0xe2,0xf3,0xf8,0xea,0xe0,0xd,0xa,0xe2,0xe5,0xe3,0xe0,0xd,0xa,0xe2,
  0xe5,0xf0,0xed,0xff,0xea,0xd,0xa,0xe2,0xe5,0xf0,0xf4,0xfc,0xd,0xa,0xe2,0xe5,
  0xf1,0xf2,0xe5,0xf0,0xed,0xd,0xa,0xe2,0xe5,0xf2,0xf5,0xee,0xf1,0xf2,0xfc,0xd,
  0xa,0xe2,0xe7,0xf0,0xfb,0xe2,0xed,0xee,0xe9,0xd,0xa,0xe2,0xeb,0xe0,0xe4,0xe8,
  0xea,0xe0,0xe2,0xea,0xe0,0xe7,0xd,0xa,0xe2,0xee,0xeb,0xe3,0xe0,0xf0,0xfc,0xd,
  0xa,0xe2,0xee,0xeb,0xe5,0xe8,0xe7,0xfa,0xff,0xe2,0xeb,0xe5,0xed,0xe8,0xe5,0xd,
  0xa,0xe2,0xee,0xeb,0xee,0xea,0xee,0xeb,0xe0,0xec,0xf1,0xea,0xd,0xa,0xe2,0xee,
  0xeb,0xee,0xea,0xf3,0xf8,0xe0,0xd,0xa,0xe2,0xee,0xeb,0xee,0xf1,0xf2,0xfc,0xd,
  0xa,0xe2,0xee,0xeb,0xee,0xf5,0xd,0xa,0xe2,0xee,0xf0,0xf1,0xe8,0xed,0xea,0xe0,
  0xd,0xa,0xe2,0xf0,0xd,0xa,0xe2,0xfb,0xe1,0xee,0xf0,0xea,0xe0,0xd,0xa,0xe2,
  0xfb,0xe2,0xe5,0xf0,0xf2,0xd,0xa,0xe2,0xfb,0xe4,0xe2,0xe8,0xe6,0xe5,0xed,0xe5,
  0xf6,0xd,0xa,0xe2,0xfb,0xea,0xf0,0xe5,0xf1,0xf2,0xd,0xa,0xe2,0xfb,0xf0,0xe0,
  0xe2,0xed,0xe8,0xe2,0xe0,0xed,0xe8,0xe5,0xd,0xa,0xe2,0xfb,0xf1,0xf3,0xf8,0xe8,
  0xe2,0xe0,0xed,0xe8,0xe5,0xd,0xa,0xe2,0xfe,0xf0,0xf2,0xe5,0xec,0xe1,0xe5,0xf0,
  0xe3,0xd,0xa,0xe3,0xe0,0xe5,0xf0,0xd,0xa,0xe3,0xe0,0xeb,0xf3,0xed,0xd,0xa,
  0xe3,0xe8,0xef,0xee,0xf2,0xf0,0xee,0xf4,0xe8,0xff,0xd,0xa,0xe3,0xe8,0xf2,0xeb,
  0xe5,0xf0,0xe8,0xe7,0xec,0xd,0xa,0xe3,0xeb,0xe0,0xe2,0xed,0xee,0xea,0xee,0xec,
  0xe0,0xed,0xe4,0xee,0xe2,0xe0,0xed,0xe8,0xe5,0xd,0xa,0xe3,0xeb,0xe0,0xed,0xe4,
  0xe0,0xd,0xa,0xe3,0xeb,0xe8,0xf1,0xf2,0xe0,0xd,0xa,0xe3,0xeb,0xee,0xf0,0xe8,
  0xff,0xd,0xa,0xe3,0xee,0xeb,0xee,0xeb,0xe5,0xe4,0xd,0xa,0xe3,0xee,0xeb,0xf3,
  0xe1,0xff,0xf2,0xed,0xff,0xd,0xa,0xe3,0xee,0xec,0xe5,0xf0,0xe0,0xd,0xa,0xe3,
  0xee,0xed,0xee,0xea,0xee,0xea,0xea,0xd,0xa,0xe3,0xee,0xf0,0xe4,0xe5,0xf6,0xd,
  0xa,0xe3,0xee,0xf0,0xee,0xe1,0xe5,0xf6,0xd,0xa,0xe3,0xee,0xf1,0xe7,0xe0,0xea,
  0xe0,0xe7,0xd,0xa,0xe3,0xf0,0xe0,0xed,0xf3,0xeb,0xff,0xf6,0xe8,0xff,0xd,0xa,
  0xe3,0xf0,0xe0,0xf4,0xf1,0xf2,0xe2,0xee,0xd,0xa,0xe3,0xf3,0xf0,0xf3,0xd,0xa,
  0xe4,0xe0,0xe3,0xe5,0xf1,0xf2,0xe0,0xed,0xe5,0xf6,0xd,0xa,0xe4,0xe0,0xed,0xf7,
  0xe5,0xed,0xea,0xee,0xd,0xa,0xe4,0xe2,0xee,0xe9,0xf1,0xf2,0xe2,0xe5,0xed,0xed,
  0xee,0xf1,0xf2,0xfc,0xd,0xa,0xe4,0xe5,0xeb,0xee,0xef,0xf0,0xee,0xe8,0xe7,0xe2,
  0xee,0xe4,0xf1,0xf2,0xe2,0xee,0xd,0xa,0xe4,0xe5,0xf0,0xe5,0xe2,0xe5,0xed,0xf9,
  0xe8,0xed,0xe0,0xd,0xa,0xe4,0xe5,0xf0,0xe6,0xe0,0xf2,0xe5,0xeb,0xfc,0xd,0xa,
  0xe4,0xe8,0xeb,0xe5,0xf0,0xd,0xa,0xe4,0xe8,0xf1,0xef,0xe5,0xef,0xf1,0xe8,0xff,
  0xd,0xa,0xe4,0xe8,0xf1,0xf2,0xf0,0xee,0xf4,0xe8,0xea,0xd,0xa,0xe4,0xee,0xeb,
  0xe3,0xee,0xe2,0xd,0xa,0xe4,0xee,0xec,0xee,0xe2,0xe8,0xed,0xe0,0xd,0xa,0xe4,
  0xee,0xed,0xe6,0xf3,0xe0,0xed,0xd,0xa,0xe4,0xf0,0xe0,0xef,0xd,0xa,0xe4,0xf0,
  0xe5,0xed,0xe0,0xe6,0xd,0xa,0xe5,0xec,0xe5,0xeb,0xfc,0xff,0xed,0xd,0xa,0xe6,
  0xe0,0xea,0xe5,0xf2,0xea,0xe0,0xd,0xa,0xe6,0xe5,0xed,0xea,0xe0,0xd,0xa,0xe6,
  0xe5,0xf0,0xec,0xe5,0xed,0xd,0xa,0xe6,0xe8,0xe2,0xf3,0xf7,0xe5,0xf1,0xf2,0xfc,
  0xd,0xa,0xe6,0xee,0xea,0xe5,0xe9,0xd,0xa,0xe7,0xe0,0xe3,0xf0,0xe0,0xed,0xef,
  0xe0,0xf1,0xef,0xee,0xf0,0xf2,0xd,0xa,0xe7,0xe0,0xe9,0xec,0xe8,0xf9,0xe5,0xd,
  0xa,0xe7,0xe0,0xec,0xee,0xf7,0xe5,0xea,0xd,0xa,0xe7,0xe0,0xf1,0xf2,0xf3,0xef,
  0xed,0xe8,0xf7,0xe5,0xf1,0xf2,0xe2,0xee,0xd,0xa,0xe7,0xe0,0xf1,0xfb,0xef,0xea,
  0xe0,0xd,0xa,0xe7,0xed,0xe0,0xec,0xe5,0xed,0xee,0xf1,0xe5,0xf6,0xd,0xa,0xe7,
  0xee,0xeb,0xee,0xf2,0xee,0xe8,0xf1,0xea,0xe0,0xf2,0xe5,0xeb,0xfc,0xd,0xa,0xe7,
  0xee,0xee,0xf1,0xe0,0xe4,0xd,0xa,0xe7,0xff,0xf2,0xe5,0xea,0xd,0xa,0xe8,0xe4,
  0xe5,0xe0,0xeb,0xe8,0xe7,0xe0,0xf6,0xe8,0xff,0xd,0xa,0xe8,0xe7,0xe1,0xf0,0xe0,
  0xed,0xed,0xee,0xf1,0xf2,0xfc,0xd,0xa,0xe8,0xe7,0xe1,0xfb,0xf2,0xee,0xf7,0xed,
  0xee,0xf1,0xf2,0xfc,0xd,0xa,0xe8,0xe7,0xec,0xfb,0xf8,0xeb,0xe5,0xed,0xe8,0xe5,
  0xd,0xa,0xe8,0xec,0xef,0xf0,0xee,0xe2,0xe8,0xe7,0xe0,0xf2,0xee,0xf0,0xd,0xa,
  0xe8,0xed,0xe4,0xe8,0xe3,0xee,0xd,0xa,0xe8,0xed,0xf2,0xe8,0xec,0xed,0xee,0xf1,
  0xf2,0xfc,0xd,0xa,0xe8,0xf1,0xf1,0xe5,0xf7,0xe5,0xed,0xe8,0xe5,0xd,0xa,0xe8,
  0xf1,0xf2,0xe5,0xf6,0xd,0xa,0xe8,0xf1,0xf2,0xff,0xe7,0xe0,0xed,0xe8,0xe5,0xd,
  0xa,0xea,0xe0,0xe4,0xe8,0xeb,0xee,0xd,0xa,0xea,0xe0,0xea,0xee,0xf4,0xee,0xed,
  0xe8,0xff,0xd,0xa,0xea,0xe0,0xeb,0xe3,0xe0,0xed,0xd,0xa,0xea,0xe0,0xf0,0xe0,
  0xe4,0xe0,0xe3,0xd,0xa,0xea,0xe0,0xf0,0xe3,0xe0,0xd,0xa,0xea,0xe0,0xf0,0xe5,
  0xf2,0xed,0xe8,0xea,0xd,0xa,0xea,0xe0,0xf1,0xf1,0xe8,0xf2,0xe5,0xf0,0xe8,0xf2,
  0xd,0xa,0xea,0xe8,0xed,0xee,0xe2,0xe0,0xf0,0xfc,0xd,0xa,0xea,0xe8,0xf0,0xe3,
  0xe8,0xe7,0xe8,0xff,0xd,0xa,0xea,0xe8,0xf1,0xf2,0xe5,0xed,0xfc,0xd,0xa,0xea,
  0xeb,0xe0,0xe4,0xee,0xe2,0xf9,0xe8,0xf6,0xe0,0xd,0xa,0xea,0xeb,0xfe,0xe2,0xe8,
  0xea,0xd,0xa,0xea,0xee,0xea,0xee,0xf8,0xed,0xe8,0xea,0xd,0xa,0xea,0xee,0xeb,
  0xee,0xea,0xd,0xa,0xea,0xee,0xec,0xef,0xeb,0xe5,0xea,0xf2,0xf3,0xfe,0xf9,0xe8,
  0xe9,0xd,0xa,0xea,0xee,0xed,0xe4,0xf0,0xe0,0xf2,0xfc,0xe5,0xe2,0xed,0xe0,0xd,
  0xa,0xea,0xee,0xed,0xf2,0xf0,0xe0,0xeb,0xfc,0xf2,0xee,0xd,0xa,0xea,0xee,0xf1,
  0xe8,0xf6,0xe0,0xd,0xa,0xea,0xee,0xf1,0xfb,0xed,0xee,0xf7,0xea,0xe0,0xd,0xa,
  0xea,0xee,0xf4,0xe5,0xe9,0xed,0xe8,0xea,0xd,0xa,0xea,0xf0,0xee,0xe2,0xee,0xf1,
  0xec,0xe5,0xf8,0xe5,0xed,0xe8,0xe5,0xd,0xa,0xea,0xf0,0xee,0xeb,0xfc,0xd,0xa,
  0xea,0xf3,0xe7,0xfc,0xec,0xe8,0xed,0xea,0xe8,0xd,0xa,0xea,0xf3,0xea,0xf3,0xf0,
  0xf3,0xe7,0xed,0xe8,0xea,0xd,0xa,0xea,0xf3,0xf2,0xf3,0xe7,0xea,0xe0,0xd,0xa,
  0xeb,0xe0,0xef,0xe8,0xf9,0xe0,0xd,0xa,0xeb,0xe5,0xef,0xf0,0xe0,0xd,0xa,0xeb,
  0xe5,0xf1,0xee,0xef,0xf3,0xed,0xea,0xf2,0xd,0xa,0xeb,0xe5,0xf2,0xee,0xf1,0xf7,
  0xe8,0xf1,0xeb,0xe5,0xed,0xe8,0xe5,0xd,0xa,0xeb,0xe8,0xea,0xe1,0xe5,0xe7,0xd,
  0xa,0xeb,0xee,0xe2,0xe5,0xeb,0xe0,0xf1,0xd,0xa,0xeb,0xee,0xec,0xe1,0xe0,0xf0,
  0xe4,0xd,0xa,0xeb,0xee,0xec,0xee,0xf2,0xe0,0xd,0xa,0xeb,0xee,0xf5,0xe0,0xed,
  0xea,0xe0,0xd,0xa,0xeb,0xfc,0xe3,0xee,0xf2,0xed,0xe8,0xea,0xd,0xa,0xeb,0xfe,
  0xe1,0xf3,0xf8,0xea,0xe0,0xd,0xa,0xeb,0xfe,0xf2,0xed,0xff,0xd,0xa,0xec,0xe0,
  0xea,0xe5,0xe4,0xee,0xed,0xe8,0xff,0xd,0xa,0xec,0xe0,0xea,0xeb,0xe5,0xf0,0xd,
  0xa,0xec,0xe0,0xeb,0xee,0xeb,0xe8,0xf2,0xf0,0xe0,0xe6,0xea,0xe0,0xd,0xa,0xec,
  0xe0,0xec,0xe0,0xed,0xff,0xd,0xa,0xec,0xe0,0xf0,0xfc,0xe8,0xed,0xd,0xa,0xec,
  0xe0,0xf1,0xeb,0xee,0xe7,0xe0,0xe2,0xee,0xe4,0xd,0xa,0xec,0xe0,0xf1,0xee,0xed,
  0xf1,0xf2,0xe2,0xee,0xd,0xa,0xec,0xe0,0xff,0xd,0xa,0xec,0xe5,0xea,0xea,0xe0,
  0xd,0xa,0xec,0xe5,0xeb,0xfc,0xe1,0xf3,0xf0,0xed,0xd,0xa,0xec,0xe5,0xeb,0xfe,
  0xe7,0xe3,0xe0,0xd,0xa,0xec,0xe5,0xed,0xee,0xef,0xe0,0xf3,0xe7,0xe0,0xd,0xa,
  0xec,0xe5,0xed,0xf3,0xfd,0xf2,0xd,0xa,0xec,0xe5,0xf2,0xe0,0xf4,0xe8,0xe7,0xe8,
  0xea,0xe0,0xd,0xa,0xec,0xe5,0xf2,0xf0,0xee,0xed,0xee,0xec,0xd,0xa,0xec,0xe8,
  0xe0,0xe7,0xec,0xfb,0xd,0xa,0xec,0xe8,0xe3,0xe0,0xed,0xe8,0xe5,0xd,0xa,0xec,
  0xe8,0xeb,0xeb,0xe8,0xee,0xed,0xe5,0xf0,0xf8,0xe0,0xd,0xa,0xec,0xe8,0xf1,0xf2,
  0xe5,0xf0,0xe8,0xff,0xd,0xa,0xec,0xee,0xe4,0xe5,0xeb,0xe8,0xf0,0xee,0xe2,0xe0,
  0xed,0xe8,0xe5,0xd,0xa,0xec,0xee,0xeb,0xee,0xe4,0xea,0xe0,0xd,0xa,0xec,0xee,
  0xed,0xe0,0xe4,0xe0,0xd,0xa,0xec,0xee,0xed,0xf0,0xe5,0xe0,0xeb,0xfc,0xd,0xa,
  0xec,0xee,0xed,0xf2,0xe5,0xe2,0xe8,0xe4,0xe5,0xee,0xd,0xa,0xec,0xf0,0xe0,0xf7,
  0xed,0xee,0xf1,0xf2,0xfc,0xd,0xa,0xed,0xe0,0xe2,0xe5,0xf0,0xf8,0xe8,0xe5,0xd,
  0xa,0xed,0xe0,0xe2,0xe5,0xf2,0xd,0xa,0xed,0xe0,0xf1,0xe5,0xeb,0xfc,0xed,0xe8,
  0xea,0xd,0xa,0xed,0xe0,0xf2,0xff,0xe6,0xe5,0xed,0xe8,0xe5,0xd,0xa,0xed,0xe0,
  0xf5,0xeb,0xe5,0xe1,0xed,0xe8,0xea,0xd,0xa,0xed,0xe5,0xe2,0xf0,0xe0,0xf1,0xf2,
  0xe5,0xed,0xe8,0xff,0xd,0xa,0xed,0xe5,0xe4,0xee,0xeb,0xe3,0xe0,0xd,0xa,0xed,
  0xe5,0xe4,0xee,0xef,0xf3,0xf1,0xf2,0xe8,0xec,0xee,0xf1,0xf2,0xfc,0xd,0xa,0xed,
  0xe5,0xe7,0xe4,0xee,0xf0,0xee,0xe2,0xfc,0xe5,0xd,0xa,0xed,0xe5,0xef,0xee,0xe4,
  0xea,0xf3,0xef,0xed,0xee,0xf1,0xf2,0xfc,0xd,0xa,0xed,0xe5,0xef,0xf0,0xe8,0xf1,
  0xf2,0xee,0xe9,0xed,0xee,0xf1,0xf2,0xfc,0xd,0xa,0xed,0xe5,0xf1,0xe5,0xed,0xe8,
  0xe5,0xd,0xa,0xed,0xee,0xec,0xe8,0xed,0xe0,0xeb,0xd,0xa,0xed,0xee,0xf0,0xe8,
  0xeb,0xfc,0xf1,0xea,0xd,0xa,0xee,0xe1,0xeb,0xd,0xa,0xee,0xe1,0xec,0xfb,0xe2,
  0xe0,0xed,0xe8,0xe5,0xd,0xa,0xee,0xe1,0xec,0xfb,0xeb,0xee,0xea,0xd,0xa,0xee,
  0xe1,0xed,0xe8,0xf9,0xe0,0xed,0xe8,0xe5,0xd,0xa,0xee,0xe2,0xe0,0xed,0xe5,0xf1,
  0xee,0xe2,0xd,0xa,0xee,0xe3,0xed,0xe5,0xe2,0xe8,0xea,0xd,0xa,0xee,0xe4,0xe0,
  0xf0,0xe5,0xed,0xed,0xee,0xf1,0xf2,0xfc,0xd,0xa,0xee,0xe4,0xf0,0xd,0xa,0xee,
  0xea,0xe0,0xd,0xa,0xee,0xea,0xf3,0xeb,0xe8,0xf1,0xf2,0xd,0xa,0xee,0xef,0xe0,
  0xeb,0xd,0xa,0xee,0xef,0xf0,0xe5,0xeb,0xee,0xf1,0xf2,0xfc,0xd,0xa,0xee,0xf1,
  0xec,0xee,0xf2,0xf0,0xe8,0xf2,0xe5,0xeb,0xfc,0xed,0xee,0xf1,0xf2,0xfc,0xd,0xa,
  0xee,0xf2,0xee,0xe6,0xe4,0xe5,0xf1,0xf2,0xe2,0xeb,0xe5,0xed,0xe8,0xe5,0xd,0xa,
  0xee,0xf2,0xf1,0xf2,0xe0,0xe8,0xe2,0xe0,0xed,0xe8,0xe5,0xd,0xa,0xee,0xf2,0xf1,
  0xf2,0xf0,0xe0,0xed,0xe5,0xed,0xed,0xee,0xf1,0xf2,0xfc,0xd,0xa,0xee,0xf4,0xe8,
  0xf6,0xe5,0xf0,0xf1,0xf2,0xe2,0xee,0xd,0xa,0xee,0xf8,0xe8,0xe1,0xee,0xf7,0xed,
  0xee,0xf1,0xf2,0xfc,0xd,0xa,0xef,0xe0,0xe2,0xeb,0xee,0xe2,0xf1,0xea,0xd,0xa,
  0xef,0xe0,0xe4,0xf7,0xe5,0xf0,0xe8,0xf6,0xe0,0xd,0xa,0xef,0xe0,0xeb,0xe0,0xf8,
  0xd,0xa,0xef,0xe0,0xf0,0xe0,0xf2,0xe8,0xf4,0xd,0xa,0xef,0xe0,0xf0,0xee,0xea,
  0xf1,0xe8,0xe7,0xec,0xd,0xa,0xef,0xe0,0xf1,0xf1,0xe8,0xff,0xd,0xa,0xef,0xe0,
  0xf2,0xf0,0xe8,0xe0,0xf0,0xf5,0xe8,0xff,0xd,0xa,0xef,0xe0,0xf2,0xf0,0xe8,0xf6,
  0xe8,0xe9,0xd,0xa,0xef,0xe5,0xf0,0xe5,0xe2,0xe0,0xf0,0xe8,0xe2,0xe0,0xed,0xe8,
  0xe5,0xd,0xa,0xef,0xe5,0xf0,0xe5,0xe4,0xed,0xe8,0xf7,0xe5,0xea,0xd,0xa,0xef,
  0xe5,0xf0,0xe5,0xec,0xfb,0xf7,0xea,0xe0,0xd,0xa,0xef,0xe5,0xf0,0xe5,0xef,0xee,
  0xe9,0xd,0xa,0xef,0xe5,0xf0,0xe5,0xf1,0xf2,0xf0,0xe0,0xf5,0xee,0xe2,0xf9,0xe8,
  0xea,0xd,0xa,0xef,0xe5,0xf0,0xe8,0xea,0xe0,0xf0,0xe4,0xd,0xa,0xef,0xe5,0xf0,
  0xe8,0xee,0xe4,0xe8,0xf7,0xed,0xee,0xf1,0xf2,0xfc,0xd,0xa,0xef,0xe5,0xf0,0xf4,
  0xee,0xf0,0xe0,0xf6,0xe8,0xff,0xd,0xa,0xef,0xe5,0xf7,0xe0,0xf2,0xe0,0xed,0xe8,
  0xe5,0xd,0xa,0xef,0xe8,0xeb,0xee,0xf0,0xe0,0xec,0xe0,0xd,0xa,0xef,0xe8,0xf0,
  0xf3,0xfd,0xf2,0xd,0xa,0xef,0xeb,0xe0,0xf5,0xee,0xe2,0xd,0xa,0xef,0xeb,0xe0,
  0xf9,0xe8,0xea,0xd,0xa,0xef,0xee,0xe2,0xe5,0xf2,0xf0,0xe8,0xe5,0xd,0xa,0xef,
  0xee,0xe3,0xeb,0xe0,0xe6,0xe8,0xe2,0xe0,0xed,0xe8,0xe5,0xd,0xa,0xef,0xee,0xe4,
  0xe2,0xe5,0xe4,0xe5,0xed,0xe8,0xe5,0xd,0xa,0xef,0xee,0xe4,0xe4,0xe5,0xe2,0xea,
  0xe0,0xd,0xa,0xef,0xee,0xe4,0xed,0xe0,0xf7,0xea,0xe0,0xd,0xa,0xef,0xee,0xe4,
  0xf4,0xe0,0xf0,0xed,0xe8,0xea,0xd,0xa,0xef,0xee,0xea,0xee,0xe9,0xed,0xe8,0xf7,
  0xe5,0xea,0xd,0xa,0xef,0xee,0xea,0xf0,0xee,0xe2,0xf1,0xea,0xd,0xa,0xef,0xee,
  0xeb,0xee,0xe2,0xed,0xe8,0xea,0xd,0xa,0xef,0xee,0xed,0xf7,0xe8,0xea,0xd,0xa,
  0xef,0xee,0xef,0xee,0xed,0xe0,0xd,0xa,0xef,0xee,0xef,0xf3,0xe3,0xe0,0xe9,0xf7,
  0xe8,0xea,0xd,0xa,0xef,0xee,0xf0,0xf2,0xe8,0xea,0xd,0xa,0xef,0xee,0xf0,0xf2,
  0xf3,0xe3,0xe0,0xeb,0xe5,0xf6,0xd,0xa,0xef,0xee,0xf0,0xf2,0xf4,0xe5,0xeb,0xfc,
  0xf7,0xe8,0xea,0xd,0xa,0xef,0xee,0xf1,0xe2,0xe8,0xf1,0xf2,0xd,0xa,0xef,0xf0,
  0xe0,0xe2,0xe5,0xe4,0xed,0xee,0xf1,0xf2,0xfc,0xd,0xa,0xef,0xf0,0xe5,0xe4,0xe7,
  0xed,0xe0,0xec,0xe5,0xed,0xee,0xe2,0xe0,0xed,0xe8,0xe5,0xd,0xa,0xef,0xf0,0xe5,
  0xe4,0xef,0xf0,0xe8,0xe8,0xec,0xf7,0xe8,0xe2,0xee,0xf1,0xf2,0xfc,0xd,0xa,0xef,
  0xf0,0xe5,0xe7,0xe8,0xe4,0xe5,0xed,0xf2,0xf1,0xf2,0xe2,0xee,0xd,0xa,0xef,0xf0,
  0xe5,0xf1,0xf2,0xf3,0xef,0xed,0xe8,0xf6,0xe0,0xd,0xa,0xef,0xf0,0xe5,0xf2,0xea,
  0xed,0xee,0xe2,0xe5,0xed,0xe8,0xff,0xd,0xa,0xef,0xf0,0xe8,0xe2,0xfb,0xea,0xe0,
  0xed,0xe8,0xe5,0xd,0xa,0xef,0xf0,0xe8,0xe3,0xee,0xe4,0xed,0xee,0xf1,0xf2,0xfc,
  0xd,0xa,0xef,0xf0,0xe8,0xf0,0xe0,0xe1,0xee,0xf2,0xee,0xea,0xd,0xa,0xef,0xf0,
  0xe8,0xf1,0xef,0xe5,0xf8,0xed,0xe8,0xea,0xd,0xa,0xef,0xf0,0xee,0xe2,0xee,0xe4,
  0xe8,0xec,0xee,0xf1,0xf2,0xfc,0xd,0xa,0xef,0xf0,0xee,0xe5,0xea,0xf2,0xe8,0xf0,
  0xee,0xe2,0xf9,0xe8,0xea,0xd,0xa,0xef,0xf0,0xee,0xea,0xee,0xed,0xf1,0xf3,0xeb,
  0xd,0xa,0xef,0xf0,0xee,0xec,0xfb,0xe2,0xea,0xe0,0xd,0xa,0xef,0xf0,0xee,0xef,
  0xee,0xeb,0xea,0xe0,0xd,0xa,0xef,0xf0,0xee,0xf4,0xe0,0xed,0xe0,0xf6,0xe8,0xff,
  0xd,0xa,0xef,0xf0,0xee,0xf4,0xe0,0xf8,0xe8,0xf1,0xf2,0xd,0xa,0xef,0xf0,0xff,
  0xe4,0xea,0xe0,0xd,0xa,0xef,0xf3,0xeb,0xfc,0xef,0xe0,0xd,0xa,0xf0,0xe0,0xe4,
  0xe8,0xee,0xef,0xe5,0xf0,0xe5,0xf5,0xe2,0xe0,0xf2,0xd,0xa,0xf0,0xe0,0xe7,0xec,
  0xe0,0xe7,0xed,0xff,0xd,0xa,0xf0,0xe0,0xf1,0xef,0xfb,0xeb,0xe5,0xed,0xe8,0xe5,
  0xd,0xa,0xf0,0xe0,0xf1,0xf1,0xec,0xe0,0xf2,0xf0,0xe8,0xe2,0xe0,0xed,0xe8,0xe5,
  0xd,0xa,0xf0,0xe5,0xe2,0xe5,0xed,0xfc,0xd,0xa,0xf0,0xe5,0xe3,0xe8,0xf1,0xf2,
  0xf0,0xe0,0xf2,0xf3,0xf0,0xe0,0xd,0xa,0xf0,0xee,0xf2,0xe0,0xf6,0xe8,0xff,0xd,
  0xa,0xf0,0xf3,0xed,0xe4,0xf3,0xea,0xd,0xa,0xf1,0xe0,0xe2,0xf0,0xe0,0xf1,0xd,
  0xa,0xf1,0xe0,0xe6,0xe5,0xed,0xea,0xe0,0xd,0xa,0xf1,0xe0,0xeb,0xfc,0xed,0xe8,
  0xea,0xd,0xa,0xf1,0xe0,0xeb,0xfc,0xf6,0xe5,0xd,0xa,0xf1,0xe0,0xec,0xee,0xe1,
  0xf0,0xe0,0xed,0xea,0xe0,0xd,0xa,0xf1,0xe0,0xec,0xee,0xe2,0xed,0xf3,0xf8,0xe5,
  0xed,0xe8,0xe5,0xd,0xa,0xf1,0xe0,0xec,0xee,0xee,0xef,0xf0,0xe5,0xe4,0xe5,0xeb,
  0xe5,0xed,0xe8,0xe5,0xd,0xa,0xf1,0xe0,0xec,0xee,0xf3,0xf7,0xe8,0xf2,0xe5,0xeb,
  0xfc,0xd,0xa,0xf1,0xe0,0xec,0xee,0xf6,0xe2,0xe5,0xf2,0xd,0xa,0xf1,0xe0,0xf0,
  0xe3,0xe0,0xf1,0xf1,0xe0,0xd,0xa,0xf1,0xe1,0xf0,0xee,0xf1,0xd,0xa,0xf1,0xe2,
  0xff,0xe7,0xfc,0xe8,0xed,0xe2,0xe5,0xf1,0xf2,0xd,0xa,0xf1,0xe3,0xe8,0xe1,0xe0,
  0xed,0xe8,0xe5,0xd,0xa,0xf1,0xe5,0xea,0xf3,0xed,0xe4,0xee,0xec,0xe5,0xf0,0xd,
  0xa,0xf1,0xe5,0xeb,0xe5,0xea,0xf6,0xe8,0xee,0xed,0xe5,0xf0,0xd,0xa,0xf1,0xe5,
  0xec,0xe0,0xf8,0xea,0xee,0xd,0xa,0xf1,0xe5,0xf0,0xf2,0xe8,0xf4,0xe8,0xea,0xe0,
  0xf6,0xe8,0xff,0xd,0xa,0xf1,0xe8,0xec,0xf3,0xeb,0xff,0xf6,0xe8,0xff,0xd,0xa,
  0xf1,0xe8,0xed,0xf2,0xe5,0xe7,0xe0,0xf2,0xee,0xf0,0xd,0xa,0xf1,0xe8,0xed,0xf5,
  0xf0,0xee,0xed,0xe8,0xe7,0xe0,0xf6,0xe8,0xff,0xd,0xa,0xf1,0xe8,0xf1,0xe0,0xe4,
  0xec,0xe8,0xed,0xd,0xa,0xf1,0xe8,0xf2,0xe5,0xf6,0xd,0xa,0xf1,0xea,0xe0,0xeb,
  0xea,0xe0,0xd,0xa,0xf1,0xea,0xe0,0xed,0xe4,0xe0,0xeb,0xfc,0xf7,0xe8,0xea,0xd,
  0xa,0xf1,0xea,0xe8,0xf4,0xd,0xa,0xf1,0xea,0xee,0xea,0xd,0xa,0xf1,0xea,0xf3,
  0xef,0xf9,0xe8,0xea,0xd,0xa,0xf1,0xeb,0xe5,0xef,0xee,0xea,0xd,0xa,0xf1,0xeb,
  0xee,0xe2,0xe0,0xea,0xe8,0xff,0xd,0xa,0xf1,0xee,0xe1,0xe5,0xf1,0xd,0xa,0xf1,
  0xee,0xe2,0xec,0xe8,0xed,0xd,0xa,0xf1,0xee,0xeb,0xe8,0xe4,0xee,0xeb,0xd,0xa,
  0xf1,0xee,0xf2,0xf0,0xe0,0xef,0xe5,0xe7,0xed,0xe8,0xea,0xd,0xa,0xf1,0xee,0xf4,
  0xe8,0xf2,0xd,0xa,0xf1,0xee,0xf8,0xed,0xe8,0xea,0xd,0xa,0xf1,0xef,0xe0,0xe7,
  0xec,0xee,0xeb,0xe8,0xf2,0xe8,0xea,0xd,0xa,0xf1,0xef,0xe0,0xf0,0xf2,0xe0,0xed,
  0xe5,0xf6,0xd,0xa,0xf1,0xef,0xe0,0xf1,0xd,0xa,0xf1,0xef,0xe5,0xf5,0xd,0xa,
  0xf1,0xef,0xeb,0xe5,0xf2,0xed,0xe8,0xf6,0xe0,0xd,0xa,0xf1,0xef,0xee,0xf0,0xf2,
  0xef,0xeb,0xee,0xf9,0xe0,0xe4,0xea,0xe0,0xd,0xa,0xf1,0xf0,0xee,0xf7,0xed,0xee,
  0xf1,0xf2,0xfc,0xd,0xa,0xf1,0xf2,0xee,0xf0,0xf3,0xe1,0xeb,0xe5,0xe2,0xea,0xe0,
  0xd,0xa,0xf1,0xf3,0xe4,0xee,0xec,0xee,0xe9,0xea,0xe0,0xd,0xa,0xf1,0xf3,0xe4,
  0xee,0xef,0xf0,0xee,0xe8,0xe7,0xe2,0xee,0xe4,0xf1,0xf2,0xe2,0xee,0xd,0xa,0xf1,
  0xf3,0xea,0xf0,0xee,0xe2,0xe8,0xf6,0xe0,0xd,0xa,0xf1,0xf3,0xef,0xf0,0xf3,0xe6,
  0xe5,0xf1,0xf2,0xe2,0xee,0xd,0xa,0xf1,0xf3,0xf2,0xe5,0xed,0xe5,0xf0,0xd,0xa,
  0xf2,0xe0,0xeb,0xe5,0xf1,0xd,0xa,0xf2,0xe0,0xf2,0xe0,0xf0,0xed,0xe8,0xea,0xd,
  0xa,0xf2,0xe5,0xeb,0xe5,0xea,0xd,0xa,0xf2,0xe5,0xf0,0xe5,0xea,0xd,0xa,0xf2,
  0xe5,0xf0,0xec,0xee,0xe4,0xe8,0xed,0xe0,0xec,0xe8,0xea,0xe0,0xd,0xa,0xf2,0xe5,
  0xf0,0xec,0xee,0xf1,0xf2,0xe0,0xf2,0xd,0xa,0xf2,0xe5,0xf2,0xf0,0xe0,0xe4,0xee,
  0xf7,0xea,0xe0,0xd,0xa,0xf2,0xe8,0xe3,0xf0,0xe5,0xed,0xee,0xea,0xd,0xa,0xf2,
  0xee,0xeb,0xec,0xe0,0xf7,0xd,0xa,0xf2,0xee,0xeb,0xf1,0xf2,0xf3,0xf8,0xea,0xe0,
  0xd,0xa,0xf2,0xf0,0xe0,0xe2,0xec,0xe0,0xf2,0xe8,0xe7,0xec,0xd,0xa,0xf2,0xf0,
  0xe0,0xec,0xe2,0xe0,0xe9,0xf7,0xe8,0xea,0xd,0xa,0xf2,0xf0,0xee,0xf2,0xe8,0xeb,
  0xd,0xa,0xf2,0xf0,0xf3,0xe6,0xe5,0xed,0xe8,0xf6,0xe0,0xd,0xa,0xf2,0xf0,0xf3,
  0xf1,0xe8,0xf5,0xe0,0xd,0xa,0xf2,0xf3,0xf0,0xe1,0xee,0xfd,0xeb,0xe5,0xea,0xf2,
  0xf0,0xee,0xf5,0xee,0xe4,0xd,0xa,0xf2,0xfe,0xf2,0xe5,0xeb,0xfc,0xea,0xe0,0xd,
  0xa,0xf2,0xff,0xe6,0xe5,0xeb,0xee,0xe2,0xe5,0xf1,0xd,0xa,0xf3,0xe1,0xee,0xe3,
  0xe8,0xe9,0xd,0xa,0xf3,0xe1,0xee,0xf0,0xf9,0xe8,0xea,0xd,0xa,0xf3,0xea,0xeb,
  0xee,0xed,0xe8,0xf1,0xf2,0xd,0xa,0xf3,0xea,0xf0,0xee,0xf2,0xe8,0xf2,0xe5,0xeb,
  0xfc,0xd,0xa,0xf3,0xed,0xe8,0xea,0xf3,0xec,0xd,0xa,0xf3,0xf0,0xfe,0xef,0xe8,
  0xed,0xf1,0xea,0xd,0xa,0xf3,0xf1,0xf2,0xf0,0xe0,0xf8,0xe5,0xed,0xe8,0xe5,0xd,
  0xa,0xf3,0xf2,0xee,0xf7,0xea,0xe0,0xd,0xa,0xf3,0xf7,0xf2,0xe8,0xe2,0xee,0xf1,
  0xf2,0xfc,0xd,0xa,0xf4,0xe0,0xd,0xa,0xf4,0xe0,0xe2,0xee,0xf0,0xe8,0xf2,0xea,
  0xe0,0xd,0xa,0xf4,0xe8,0xe0,0xf2,0xd,0xa,0xf4,0xe8,0xeb,0xe5,0xf0,0xd,0xa,
  0xf4,0xe8,0xeb,0xfc,0xf2,0xf0,0xe0,0xf6,0xe8,0xff,0xd,0xa,0xf4,0xeb,0xfe,0xea,
  0xf2,0xf3,0xe0,0xf6,0xe8,0xff,0xd,0xa,0xf4,0xee,0xf0,0xf1,0xe8,0xf0,0xee,0xe2,
  0xe0,0xed,0xe8,0xe5,0xd,0xa,0xf4,0xf0,0xe0,0xe7,0xe5,0xee,0xeb,0xee,0xe3,0xe8,
  0xff,0xd,0xa,0xf4,0xf3,0xea,0xd,0xa,0xf5,0xe0,0xea,0xe5,0xf0,0xd,0xa,0xf5,
  0xe0,0xf1,0xe0,0xe2,0xfe,0xf0,0xf2,0xd,0xa,0xf5,0xe0,0xf2,0xfb,0xed,0xfc,0xd,
  0xa,0xf5,0xe2,0xee,0xe8,0xed,0xea,0xe0,0xd,0xa,0xf5,0xeb,0xee,0xf0,0xee,0xf4,
  0xee,0xf0,0xec,0xd,0xa,0xf5,0xeb,0xff,0xe1,0xfc,0xd,0xa,0xf5,0xee,0xf0,0xe2,
  0xe0,0xf2,0xe8,0xff,0xd,0xa,0xf5,0xee,0xf2,0xe5,0xed,0xe8,0xe5,0xd,0xa,0xf5,
  0xf0,0xee,0xec,0xee,0xf2,0xe0,0xd,0xa,0xf5,0xf0,0xee,0xed,0xee,0xeb,0xee,0xe3,
  0xe8,0xff,0xd,0xa,0xf5,0xf0,0xee,0xed,0xee,0xec,0xe5,0xf2,0xf0,0xd,0xa,0xf5,
  0xf0,0xfb,0xf7,0xd,0xa,0xf5,0xf3,0xf2,0xee,0xf0,0xee,0xea,0xd,0xa,0xf6,0xe8,
  0xf1,0xf2,0xe8,0xf2,0xd,0xa,0xf7,0xe5,0xea,0xe0,0xed,0xea,0xe0,0xd,0xa,0xf7,
  0xe5,0xf0,0xed,0xee,0xf1,0xee,0xf2,0xe5,0xed,0xe5,0xf6,0xd,0xa,0xf7,0xe5,0xf0,
  0xed,0xf3,0xf8,0xea,0xe0,0xd,0xa,0xf7,0xe8,0xf1,0xf2,0xee,0xef,0xeb,0xfe,0xe9,
  0xd,0xa,0xf8,0xe0,0xeb,0xe0,0xe2,0xe0,0xd,0xa,0xf8,0xe0,0xf0,0xeb,0xe0,0xf2,
  0xe0,0xed,0xf1,0xf2,0xe2,0xee,0xd,0xa,0xf8,0xe8,0xec,0xef,0xe0,0xed,0xe7,0xe5,
  0xd,0xa,0xf8,0xee,0xed,0xd,0xa,0xf9,0xe5,0xeb,0xee,0xea,0xd,0xa,0xfd,0xef,
  0xee,0xf1,0xd,0xa,0xfd,0xf4,0xf4,0xe5,0xea,0xf2,0xee,0xf0,0xd,0xa,0xfe,0xe3,
  0xee,0xf1,0xeb,0xe0,0xe2,0xd,0xa,0xe0,0xe1,0xe5,0xf0,0xe4,0xe8,0xed,0xd,0xa,
  0xe0,0xe7,0xee,0xf2,0xd,0xa,0xe0,0xed,0xe0,0xed,0xe0,0xf1,0xd,0xa,0xe1,0xee,
  0xe5,0xea,0xd,0xa,0xe1,0xee,0xec,0xe1,0xe0,0xf0,0xe4,0xe8,0xf0,0xee,0xe2,0xea,
  0xe0,0xd,0xa,0xe1,0xf0,0xfe,0xf8,0xea,0xee,0xd,0xa,0xe2,0xee,0xe8,0xed,0xf1,
  0xf2,0xe2,0xee,0xd,0xa,0xe2,0xfc,0xe5,0xf2,0xed,0xe0,0xec,0xe5,0xf6,0xd,0xa,
  0xe2,0xfc,0xfe,0xe3,0xe0,0xd,0xa,0xe3,0xeb,0xf3,0xf8,0xe8,0xf2,0xe5,0xeb,0xfc,
  0xd,0xa,0xe3,0xf0,0xe0,0xe2,0xe8,0xe9,0xd,0xa,0xe3,0xf3,0xf2,0xe0,0xeb,0xe8,
  0xed,0xd,0xa,0xe4,0xe5,0xf2,0xee,0xed,0xe0,0xf2,0xee,0xf0,0xd,0xa,0xe4,0xf3,
  0xf8,0xee,0xea,0xd,0xa,0xe7,0xeb,0xee,0xf3,0xec,0xfb,0xf8,0xeb,0xe5,0xed,0xed,
  0xe8,0xea,0xd,0xa,0xe8,0xe7,0xfa,0xff,0xed,0xd,0xa,0xea,0xe8,0xef,0xe0,0xd,
  0xa,0xea,0xee,0xed,0xed,0xe8,0xf6,0xe0,0xd,0xa,0xea,0xee,0xed,0xf2,0xf3,0xe7,
  0xe8,0xff,0xd,0xa,0xea,0xee,0xf0,0xec,0xe8,0xeb,0xe5,0xf6,0xd,0xa,0xec,0xe0,
  0xeb,0xe5,0xf6,0xd,0xa,0xec,0xe5,0xf2,0xe5,0xee,0xf0,0xe8,0xf2,0xd,0xa,0xec,
  0xe8,0xf2,0xf0,0xee,0xef,0xee,0xeb,0xe8,0xf2,0xd,0xa,0xec,0xee,0xf7,0xe5,0xe8,
  0xf1,0xef,0xf3,0xf1,0xea,0xe0,0xed,0xe8,0xe5,0xd,0xa,0xec,0xf0,0xe0,0xe7,0xfc,
  0xd,0xa,0xec,0xf3,0xf1,0xee,0xf0,0xee,0xef,0xf0,0xee,0xe2,0xee,0xe4,0xd,0xa,
  0xed,0xe0,0xed,0xe5,0xf1,0xe5,0xed,0xe8,0xe5,0xd,0xa,0xed,0xf3,0xe6,0xed,0xe8,
  0xea,0xd,0xa,0xee,0xe1,0xe8,0xf2,0xe5,0xeb,0xfc,0xd,0xa,0xee,0xe2,0xe0,0xf6,
  0xe8,0xff,0xd,0xa,0xee,0xf1,0xfc,0xec,0xe8,0xed,0xee,0xe3,0xd,0xa,0xee,0xf2,
  0xf7,0xe8,0xec,0xd,0xa,0xef,0xe0,0xed,0xe8,0xd,0xa,0xef,0xe0,0xed,0xf1,0xe8,
  0xee,0xed,0xe0,0xf2,0xd,0xa,0xef,0xe0,0xf0,0xe0,0xe3,0xf0,0xe0,0xf4,0xd,0xa,
  0xef,0xe5,0xf0,0xe5,0xe2,0xee,0xe4,0xf7,0xe8,0xf6,0xe0,0xd,0xa,0xef,0xe8,0xf2,
  0xee,0xec,0xe5,0xf6,0xd,0xa,0xef,0xee,0xe4,0xea,0xeb,0xe0,0xe4,0xea,0xe0,0xd,
  0xa,0xef,0xee,0xe4,0xf1,0xe2,0xe5,0xf7,0xed,0xe8,0xea,0xd,0xa,0xef,0xee,0xea,
  0xf0,0xee,0xe2,0xe8,0xf2,0xe5,0xeb,0xfc,0xf1,0xf2,0xe2,0xee,0xd,0xa,0xef,0xee,
  0xeb,0xe7,0xee,0xea,0xd,0xa,0xef,0xee,0xeb,0xfc,0xe7,0xee,0xe2,0xe0,0xf2,0xe5,
  0xeb,0xfc,0xd,0xa,0xf0,0xe0,0xe7,0xf3,0xec,0xe5,0xed,0xe8,0xe5,0xd,0xa,0xf0,
  0xe0,0xe9,0xf6,0xe5,0xed,0xf2,0xf0,0xd,0xa,0xf0,0xe0,0xed,0xe5,0xf6,0xd,0xa,
  0xf0,0xe0,0xf1,0xea,0xee,0xeb,0xd,0xa,0xf0,0xe0,0xf1,0xea,0xee,0xef,0xea,0xe0,
  0xd,0xa,0xf0,0xe0,0xf1,0xf2,0xff,0xe6,0xea,0xe0,0xd,0xa,0xf0,0xee,0xe1,0xe0,
  0xd,0xa,0xf1,0xe0,0xf2,0xe8,0xf0,0xe0,0xd,0xa,0xf1,0xe2,0xe5,0xf0,0xf8,0xe5,
  0xed,0xe8,0xe5,0xd,0xa,0xf1,0xe2,0xe8,0xf9,0xd,0xa,0xf1,0xe5,0xe2,0xe0,0xf1,
  0xf2,0xee,0xef,0xee,0xeb,0xfc,0xd,0xa,0xf1,0xe5,0xf1,0xf2,0xf0,0xe8,0xf6,0xe0,
  0xd,0xa,0xf1,0xe8,0xf2,0xee,0xd,0xa,0xf1,0xeb,0xee,0xe2,0xf6,0xee,0xd,0xa,
  0xf1,0xee,0xf1,0xf2,0xff,0xe7,0xe0,0xed,0xe8,0xe5,0xd,0xa,0xf1,0xef,0xe5,0xf6,
  0xe8,0xe0,0xeb,0xe8,0xe7,0xe0,0xf6,0xe8,0xff,0xd,0xa,0xf1,0xf2,0xe5,0xed,0xe3,
  0xe0,0xe7,0xe5,0xf2,0xe0,0xd,0xa,0xf1,0xf6,0xe5,0xef,0xeb,0xe5,0xed,0xe8,0xe5,
  0xd,0xa,0xf2,0xe5,0xed,0xf2,0xd,0xa,0xf2,0xe8,0xea,0xd,0xa,0xf2,0xe8,0xf1,
  0xea,0xe8,0xd,0xa,0xf2,0xee,0xeb,0xf7,0xe5,0xff,0xd,0xa,0xf2,0xee,0xf0,0xe3,
  0xee,0xe2,0xea,0xe0,0xd,0xa,0xf2,0xf0,0xe0,0xed,0xf1,0xef,0xee,0xf0,0xf2,0xe5,
  0xf0,0xd,0xa,0xf2,0xf0,0xe5,0xed,0xe8,0xe5,0xd,0xa,0xf2,0xf0,0xe5,0xf8,0xea,
  0xe0,0xd,0xa,0xf2,0xf0,0xf3,0xf5,0xe0,0xd,0xa,0xf3,0xe3,0xf0,0xfb,0xe7,0xe5,
  0xed,0xe8,0xe5,0xd,0xa,0xf3,0xe5,0xe7,0xe4,0xd,0xa,0xf4,0xe5,0xf0,0xec,0xe5,
  0xed,0xf2,0xd,0xa,0xf4,0xeb,0xe0,0xe3,0xec,0xe0,0xed,0xd,0xa,0xf8,0xe0,0xed,
  0xf2,0xe0,0xe6,0xd,0xa,0xf8,0xe2,0xe0,0xe1,0xf0,0xe0,0xd,0xa,0xf8,0xea,0xe8,
  0xef,0xe5,0xf0,0xd,0xa,0xfd,0xea,0xee,0xeb,0xee,0xe3,0xe8,0xff,0xd,0xa,0xfd,
  0xf0,0xe8,0xf2,0xf0,0xee,0xf6,0xe8,0xf2,0xd,0xa,0xfd,0xf1,0xea,0xe0,0xeb,0xe0,
  0xf2,0xee,0xf0,0xd,0xa,0xe0,0xe3,0xf0,0xe5,0xf1,0xf1,0xe8,0xff,0xd,0xa,0xe0,
  0xeb,0xec,0xe0,0xe7,0xd,0xa,0xe1,0xe0,0xe9,0xd,0xa,0xe1,0xf3,0xeb,0xe0,0xe2,
  0xea,0xe0,0xd,0xa,0xe1,0xf3,0xeb,0xfc,0xee,0xed,0xd,0xa,0xe1,0xf3,0xf0,0xe0,
  0xed,0xd,0xa,0xe1,0xfe,0xf1,0xf2,0xd,0xa,0xe2,0xee,0xf1,0xef,0xe8,0xf2,0xe0,
  0xf2,0xe5,0xeb,0xfc,0xed,0xe8,0xf6,0xe0,0xd,0xa,0xe3,0xf0,0xee,0xec,0xe0,0xe4,
  0xe0,0xd,0xa,0xe6,0xe5,0xec,0xf7,0xf3,0xe3,0xd,0xa,0xea,0xe0,0xec,0xf3,0xf8,
  0xe5,0xea,0xd,0xa,0xea,0xe0,0xec,0xf7,0xe0,0xf2,0xea,0xe0,0xd,0xa,0xeb,0xee,
  0xf8,0xe0,0xe4,0xea,0xe0,0xd,0xa,0xeb,0xf3,0xe6,0xee,0xea,0xd,0xa,0xeb,0xfc,
  0xe4,0xe8,0xed,0xe0,0xd,0xa,0xee,0xe1,0xe2,0xe0,0xeb,0xd,0xa,0xee,0xe6,0xe8,
  0xe2,0xeb,0xe5,0xed,0xe8,0xe5,0xd,0xa,0xef,0xe0,0xef,0xe8,0xf0,0xee,0xf1,0xea,
  0xe0,0xd,0xa,0xef,0xe8,0xff,0xe2,0xea,0xe0,0xd,0xa,0xef,0xee,0xe2,0xf2,0xee,
  0xf0,0xe5,0xed,0xe8,0xe5,0xd,0xa,0xef,0xf0,0xee,0xeb,0xe5,0xf2,0xd,0xa,0xef,
  0xf0,0xee,0xf5,0xee,0xe6,0xe4,0xe5,0xed,0xe8,0xe5,0xd,0xa,0xef,0xf0,0xff,0xec,
  0xe8,0xea,0xd,0xa,0xf1,0xe8,0xec,0xd,0xa,0xf1,0xea,0xee,0xe1,0xea,0xe0,0xd,
  0xa,0xf1,0xed,0xff,0xf2,0xe8,0xe5,0xd,0xa,0xf1,0xf2,0xe5,0xeb,0xeb,0xe0,0xe6,
  0xd,0xa,0xf1,0xf2,0xe5,0xf0,0xe5,0xee,0xf2,0xe8,0xef,0xd,0xa,0xf1,0xfb,0xed,
  0xee,0xf7,0xe5,0xea,0xd,0xa,0xf2,0xe8,0xf2,0xd,0xa,0xf2,0xf0,0xf3,0xe1,0xe0,
  0xf7,0xd,0xa,0xf3,0xe9,0xec,0xe0,0xd,0xa,0xf3,0xec,0xfb,0xe2,0xe0,0xeb,0xfc,
  0xed,0xe8,0xea,0xd,0xa,0xf5,0xee,0xe6,0xe4,0xe5,0xed,0xe8,0xe5,0xd,0xa,0xe1,
  0xf3,0xe4,0xe8,0xeb,0xfc,0xed,0xe8,0xea,0xd,0xa,0xe2,0xe7,0xeb,0xe5,0xf2,0xd,
  0xa,0xe3,0xf0,0xe0,0xf4,0xe8,0xed,0xff,0xd,0xa,0xe7,0xe0,0xf2,0xf0,0xf3,0xe4,
  0xed,0xe5,0xed,0xe8,0xe5,0xd,0xa,0xea,0xee,0xf0,0xee,0xf7,0xea,0xe0,0xd,0xa,
  0xec,0xf3,0xf7,0xe5,0xed,0xe8,0xe5,0xd,0xa,0xec,0xfb,0xf1,0xd,0xa,0xee,0xe1,
  0xee,0xe9,0xec,0xe0,0xd,0xa,0xee,0xf2,0xee,0xef,0xeb,0xe5,0xed,0xe8,0xe5,0xd,
  0xa,0xee,0xf2,0xf0,0xfb,0xe2,0xee,0xea,0xd,0xa,0xf0,0xe0,0xe2,0xe5,0xed,0xf1,
  0xf2,0xe2,0xee,0xd,0xa,0xf0,0xe0,0xf1,0xf1,0xf3,0xe4,0xee,0xea,0xd,0xa,0xf4,
  0xeb,0xff,0xe3,0xe0,0xd,0xa,0xf7,0xe0,0xf9,0xe0,0xd,0xa,0xe1,0xe5,0xf1,0xef,
  0xee,0xf0,0xff,0xe4,0xee,0xea,0xd,0xa,0xe1,0xe5,0xf8,0xe5,0xed,0xf1,0xf2,0xe2,
  0xee,0xd,0xa,0xe2,0xf0,0xe0,0xed,0xfc,0xe5,0xd,0xa,0xea,0xee,0xf1,0xf2,0xee,
  0xf7,0xea,0xe0,0xd,0xa,0xeb,0xe0,0xe2,0xee,0xf7,0xea,0xe0,0xd,0xa,0xec,0xe8,
  0xeb,0xee,0xf0,0xe4,0xd,0xa,0xee,0xe1,0xee,0xe8,0xd,0xa,0xef,0xe8,0xeb,0xee,
  0xf2,0xea,0xe0,0xd,0xa,0xf1,0xe8,0xf0,0xee,0xf2,0xe0,0xd,0xa,0xf1,0xee,0xe7,
  0xe4,0xe0,0xf2,0xe5,0xeb,0xfc,0xd,0xa,0xfd,0xed,0xf2,0xf3,0xe7,0xe8,0xe0,0xe7,
  0xec,0xd,0xa,0xe1,0xf0,0xe5,0xe7,0xe5,0xed,0xf2,0xd,0xa,0xe3,0xeb,0xf3,0xe1,
  0xfc,0xd,0xa,0xe6,0xe0,0xf0,0xe0,0xd,0xa,0xeb,0xe8,0xf2,0xe5,0xf0,0xe0,0xf2,
  0xee,0xf0,0xd,0xa,0xee,0xf0,0xe3,0xe0,0xed,0xe8,0xe7,0xe0,0xf2,0xee,0xf0,0xd,
  0xa,0xef,0xee,0xe4,0xf2,0xe2,0xe5,0xf0,0xe6,0xe4,0xe5,0xed,0xe8,0xe5,0xd,0xa,
  0xf1,0xe8,0xee,0xed,0xe8,0xf1,0xf2,0xd,0xa,0xf1,0xee,0xe2,0xf0,0xe5,0xec,0xe5,
  0xed,0xed,0xe8,0xea,0xd,0xa,0xea,0xee,0xeb,0xeb,0xe5,0xea,0xf6,0xe8,0xff,0xd,
  0xa,0xea,0xee,0xed,0xe5,0xf7,0xed,0xee,0xf1,0xf2,0xfc,0xd,0xa,0xea,0xee,0xf8,
  0xec,0xe0,0xf0,0xd,0xa,0xee,0xe1,0xe5,0xf1,0xef,0xe5,0xf7,0xe5,0xed,0xe8,0xe5,
  0xd,0xa,0xef,0xe5,0xf0,0xf1,0xee,0xed,0xe0,0xe6,0xd,0xa,0xf3,0xe4,0xee,0xf1,
  0xf2,0xee,0xe2,0xe5,0xf0,0xe5,0xed,0xe8,0xe5,0xd,0xa,0xf5,0xeb,0xee,0xef,0xee,
  0xf2,0xfb,0xd,0xa,0xf5,0xee,0xeb,0xeb,0xd,0xa,0xe4,0xe8,0xef,0xeb,0xee,0xec,
  0xd,0xa,0xea,0xf3,0xf1,0xf2,0xe0,0xf0,0xed,0xe8,0xea,0xd,0xa,0xef,0xe5,0xed,
  0xe0,0xd,0xa,0xe2,0xfb,0xef,0xee,0xeb,0xed,0xe5,0xed,0xe8,0xe5,0xd,0xa,0xe4,
  0xe5,0xf1,0xff,0xf2,0xe8,0xeb,0xe5,0xf2,0xe8,0xe5,0xd,0xa,0xea,0xe0,0xe1,0xeb,
  0xf3,0xea,0xd,0xa,0xee,0xe1,0xfa,0xff,0xe2,0xeb,0xe5,0xed,0xe8,0xe5,0xd,0xa,
  0xe7,0xe0,0xea,0xe0,0xe7,0xd,0xa,0xf1,0xe2,0xe8,0xe4,0xe5,0xf2,0xe5,0xeb,0xfc,
  0xf1,0xf2,0xe2,0xee,0xd,0xa,0xe0,0xe2,0xf2,0xee,0xf1,0xf2,0xf0,0xe0,0xe4,0xe0,
  0xd,0xa,0xe0,0xe6,0xe8,0xee,0xf2,0xe0,0xe6,0xd,0xa,0xe0,0xec,0xec,0xe8,0xe0,
  0xea,0xd,0xa,0xe0,0xed,0xe3,0xeb,0xe8,0xf7,0xe0,0xed,0xea,0xe0,0xd,0xa,0xe0,
  0xf0,0xe1,0xe0,0xeb,0xe5,0xf2,0xd,0xa,0xe1,0xe0,0xe7,0xe5,0xeb,0xfc,0xd,0xa,
  0xe1,0xe5,0xe9,0xf2,0xd,0xa,0xe1,0xe5,0xeb,0xee,0xf0,0xf3,0xf1,0xd,0xa,0xe1,
  0xee,0xe3,0xee,0xf1,0xeb,0xee,0xe2,0xd,0xa,0xe1,0xf0,0xe8,0xf2,0xe0,0xed,0xe5,
  0xf6,0xd,0xa,0xe1,0xf3,0xea,0xe0,0xf8,0xea,0xe0,0xd,0xa,0xe1,0xff,0xf8,0xea,
  0xe0,0xd,0xa,0xe2,0xe5,0xe4,0xf3,0xed,0xd,0xa,0xe2,0xe7,0xeb,0xee,0xec,0xd,
  0xa,0xe2,0xfb,0xf0,0xee,0xe6,0xe4,0xe5,0xed,0xe5,0xf6,0xd,0xa,0xe3,0xeb,0xf3,
  0xf5,0xee,0xf2,0xe0,0xd,0xa,0xe4,0xee,0xe3,0xec,0xe0,0xd,0xa,0xe4,0xf3,0xf5,
  0xee,0xe2,0xea,0xe0,0xd,0xa,0xe4,0xff,0xe4,0xe5,0xf7,0xea,0xe0,0xd,0xa,0xe7,
  0xe0,0xef,0xf0,0xe5,0xf9,0xe5,0xed,0xe8,0xe5,0xd,0xa,0xe8,0xed,0xe3,0xe0,0xeb,
  0xff,0xf6,0xe8,0xff,0xd,0xa,0xea,0xe0,0xed,0xe4,0xe0,0xeb,0xfb,0xd,0xa,0xea,
  0xe8,0xed,0xee,0xea,0xe0,0xec,0xe5,0xf0,0xe0,0xd,0xa,0xea,0xee,0xed,0xed,0xe8,
  0xea,0xd,0xa,0xea,0xf3,0xe1,0xee,0xec,0xe5,0xf2,0xf0,0xd,0xa,0xea,0xf3,0xf0,
  0xe8,0xeb,0xea,0xe0,0xd,0xa,0xeb,0xe0,0xe7,0xd,0xa,0xeb,0xe8,0xe0,0xed,0xe0,
  0xd,0xa,0xeb,0xfe,0xe1,0xee,0xe7,0xed,0xe0,0xf2,0xe5,0xeb,0xfc,0xed,0xee,0xf1,
  0xf2,0xfc,0xd,0xa,0xec,0xe0,0xeb,0xee,0xeb,0xe5,0xf2,0xf1,0xf2,0xe2,0xee,0xd,
  0xa,0xec,0xe5,0xe4,0xe2,0xe5,0xe4,0xe8,0xf6,0xe0,0xd,0xa,0xec,0xe8,0xe3,0xe0,
  0xeb,0xea,0xe0,0xd,0xa,0xec,0xe8,0xf9,0xe5,0xed,0xea,0xee,0xd,0xa,0xec,0xf3,
  0xf0,0xe7,0xe0,0xd,0xa,0xed,0xe0,0xea,0xeb,0xe0,0xe4,0xea,0xe0,0xd,0xa,0xed,
  0xe0,0xf5,0xee,0xe4,0xf7,0xe8,0xe2,0xee,0xf1,0xf2,0xfc,0xd,0xa,0xed,0xe5,0xe1,
  0xf0,0xe5,0xe6,0xed,0xee,0xf1,0xf2,0xfc,0xd,0xa,0xed,0xe5,0xe8,0xf1,0xef,0xf0,
  0xe0,0xe2,0xed,0xee,0xf1,0xf2,0xfc,0xd,0xa,0xee,0xe1,0xe8,0xe2,0xea,0xe0,0xd,
  0xa,0xee,0xe3,0xf0,0xe0,0xed,0xe8,0xf7,0xe8,0xf2,0xe5,0xeb,0xfc,0xd,0xa,0xee,
  0xea,0xe0,0xe7,0xe8,0xff,0xd,0xa,0xee,0xeb,0xe5,0xed,0xe5,0xea,0xd,0xa,0xee,
  0xf1,0xf2,0xee,0xe2,0xd,0xa,0xef,0xe0,0xf8,0xf2,0xe5,0xf2,0xd,0xa,0xef,0xe8,
  0xea,0xe5,0xd,0xa,0xef,0xe8,0xf1,0xe5,0xf6,0xd,0xa,0xef,0xee,0xea,0xeb,0xee,
  0xed,0xed,0xe8,0xf6,0xe0,0xd,0xa,0xef,0xee,0xf0,0xee,0xe6,0xe4,0xe5,0xed,0xe8,
  0xe5,0xd,0xa,0xef,0xee,0xf7,0xe8,0xf2,0xe0,0xf2,0xe5,0xeb,0xfc,0xd,0xa,0xef,
  0xf0,0xe5,0xe4,0xe4,0xe2,0xe5,0xf0,0xe8,0xe5,0xd,0xa,0xef,0xf0,0xe5,0xee,0xe1,
  0xeb,0xe0,0xe4,0xe0,0xed,0xe8,0xe5,0xd,0xa,0xef,0xf0,0xe8,0xe2,0xee,0xe4,0xd,
  0xa,0xef,0xf3,0xed,0xea,0xf2,0xe8,0xf0,0xd,0xa,0xf0,0xe0,0xe7,0xe3,0xf3,0xeb,
  0xd,0xa,0xf0,0xe0,0xf1,0xf8,0xe8,0xf4,0xf0,0xee,0xe2,0xea,0xe0,0xd,0xa,0xf0,
  0xe5,0xe4,0xfc,0xea,0xe0,0xd,0xa,0xf0,0xe5,0xeb,0xe8,0xea,0xe2,0xe8,0xff,0xd,
  0xa,0xf0,0xe6,0xe0,0xd,0xa,0xf1,0xe0,0xec,0xee,0xee,0xe1,0xee,0xf0,0xee,0xed,
  0xe0,0xd,0xa,0xf1,0xe0,0xf2,0xe8,0xf0,0xd,0xa,0xf1,0xe1,0xe5,0xf0,0xe1,0xe0,
  0xed,0xea,0xd,0xa,0xf1,0xe5,0xf1,0xf2,0xf0,0xe8,0xf7,0xea,0xe0,0xd,0xa,0xf1,
  0xe8,0xed,0xe8,0xf6,0xe0,0xd,0xa,0xf1,0xee,0xee,0xe1,0xf0,0xe0,0xe7,0xe8,0xf2,
  0xe5,0xeb,0xfc,0xed,0xee,0xf1,0xf2,0xfc,0xd,0xa,0xf1,0xee,0xf1,0xf0,0xe5,0xe4,
  0xee,0xf2,0xee,0xf7,0xe5,0xed,0xed,0xee,0xf1,0xf2,0xfc,0xd,0xa,0xf1,0xef,0xee,
  0xeb,0xee,0xf5,0xd,0xa,0xf1,0xf2,0xe0,0xf2,0xe5,0xe9,0xea,0xe0,0xd,0xa,0xf1,
  0xf2,0xee,0xea,0xd,0xa,0xf2,0xe5,0xeb,0xe5,0xea,0xe0,0xec,0xe5,0xf0,0xe0,0xd,
  0xa,0xf2,0xe8,0xf2,0xe0,0xed,0xe8,0xea,0xd,0xa,0xf2,0xee,0xeb,0xf9,0xe0,0xd,
  0xa,0xf2,0xfe,0xf4,0xff,0xea,0xd,0xa,0xf3,0xef,0xf0,0xe0,0xe2,0xeb,0xff,0xfe,
  0xf9,0xe8,0xe9,0xd,0xa,0xf4,0xf0,0xe0,0xed,0xf6,0xe8,0xf1,0xea,0xee,0xd,0xa,
  0xf5,0xeb,0xe5,0xe2,0xd,0xa,0xf5,0xeb,0xfb,0xf1,0xf2,0xd,0xa,0xf5,0xee,0xe7,
  0xff,0xe9,0xf1,0xf2,0xe2,0xe5,0xed,0xed,0xe8,0xea,0xd,0xa,0xf5,0xf3,0xe4,0xee,
  0xe6,0xe5,0xf1,0xf2,0xe2,0xee,0xd,0xa,0xf8,0xf3,0xea,0xf8,0xe8,0xed,0xe0,0xd,
  0xa,0xf9,0xe5,0xea,0xee,0xeb,0xe4,0xe0,0xd,0xa,0xfd,0xe3,0xee,0xd,0xa,0xfd,
  0xea,0xf1,0xea,0xf3,0xf0,0xf1,0xe0,0xed,0xf2,0xd,0xa,0xff,0xf1,0xf2,0xf0,0xe5,
  0xe1,0xd,0xa,0xe0,0xf1,0xd,0xa,0xe1,0xe0,0xf7,0xee,0xea,0xd,0xa,0xe1,0xe5,
  0xf0,0xeb,0xee,0xe3,0xe0,0xd,0xa,0xe1,0xee,0xf7,0xee,0xed,0xee,0xea,0xd,0xa,
  0xe1,0xf3,0xec,0xd,0xa,0xe2,0xe5,0xf0,0xe7,0xe8,0xeb,0xe0,0xd,0xa,0xe2,0xe5,
  0xf7,0xe5,0xf0,0xee,0xea,0xd,0xa,0xe2,0xe5,0xf7,0xe5,0xf0,0xff,0xd,0xa,0xe2,
  0xfb,0xf1,0xee,0xf7,0xe5,0xf1,0xf2,0xe2,0xee,0xd,0xa,0xe3,0xe5,0xf2,0xf2,0xee,
  0xd,0xa,0xe4,0xe6,0xe8,0xed,0xed,0xd,0xa,0xea,0xee,0xeb,0xee,0xe4,0xea,0xe0,
  0xd,0xa,0xeb,0xfe,0xeb,0xfc,0xea,0xe0,0xd,0xa,0xed,0xe0,0xf0,0xea,0xee,0xe7,
  0xd,0xa,0xef,0xe8,0xe6,0xee,0xed,0xd,0xa,0xef,0xf0,0xe5,0xe4,0xf1,0xea,0xe0,
  0xe7,0xe0,0xed,0xe8,0xe5,0xd,0xa,0xf0,0xe0,0xe7,0xfa,0xe5,0xe7,0xe4,0xd,0xa,
  0xf0,0xee,0xec,0xe0,0xed,0xf1,0xd,0xa,0xf0,0xff,0xf1,0xe0,0xd,0xa,0xf1,0xe5,
  0xeb,0xe5,0xe7,0xe5,0xed,0xea,0xe0,0xd,0xa,0xf1,0xe8,0xe3,0xe0,0xf0,0xe5,0xf2,
  0xea,0xe0,0xd,0xa,0xf1,0xf2,0xe5,0xf0,0xe6,0xe5,0xed,0xfc,0xd,0xa,0xf1,0xf3,
  0xe4,0xe0,0xea,0xd,0xa,0xf3,0xe3,0xeb,0xf3,0xe1,0xeb,0xe5,0xed,0xe8,0xe5,0xd,
  0xa,0xf3,0xec,0xe5,0xeb,0xe5,0xf6,0xd,0xa,0xf3,0xef,0xe0,0xe4,0xee,0xea,0xd,
  0xa,0xf4,0xe8,0xeb,0xe0,0xf2,0xee,0xe2,0xe0,0xd,0xa,0xf4,0xeb,0xff,0xe6,0xea,
  0xe0,0xd,0xa,0xf7,0xf3,0xeb,0xe0,0xed,0xd,0xa,0xf7,0xf3,0xf0,0xea,0xe0,0xd,
  0xa,0xf9,0xe5,0xf7,0xea,0xe0,0xd,0xa,0xe7,0xe0,0xeb,0xee,0xe3,0xd,0xa,0xea,
  0xe0,0xe7,0xe0,0xf5,0xd,0xa,0xea,0xe0,0xef,0xe8,0xf2,0xe0,0xeb,0xe8,0xf1,0xf2,
  0xd,0xa,0xea,0xe8,0xe2,0xee,0xea,0xd,0xa,0xea,0xee,0xeb,0xeb,0xe5,0xea,0xf2,
  0xe8,0xe2,0xe8,0xe7,0xe0,0xf6,0xe8,0xff,0xd,0xa,0xea,0xee,0xec,0xef,0xee,0xf2,
  0xd,0xa,0xea,0xf3,0xeb,0xe8,0xf1,0xe0,0xd,0xa,0xec,0xe8,0xf0,0xe0,0xe6,0xd,
  0xa,0xed,0xee,0xf1,0xe8,0xea,0xd,0xa,0xee,0xf2,0xea,0xf0,0xee,0xe2,0xe5,0xed,
  0xed,0xee,0xf1,0xf2,0xfc,0xd,0xa,0xef,0xe8,0xed,0xee,0xea,0xd,0xa,0xef,0xee,
  0xf0,0xf3,0xf7,0xe8,0xea,0xd,0xa,0xef,0xf0,0xee,0xf4,0xf1,0xee,0xfe,0xe7,0xd,
  0xa,0xf0,0xe5,0xe7,0xee,0xeb,0xfe,0xf6,0xe8,0xff,0xd,0xa,0xf9,0xf3,0xea,0xe0,
  0xd,0xa,0xe0,0xf0,0xea,0xe0,0xd,0xa,0xe2,0xee,0xeb,0xf8,0xe5,0xe1,0xed,0xe8,
  0xf6,0xe0,0xd,0xa,0xe4,0xe8,0xf1,0xf2,0xe0,0xed,0xf6,0xe8,0xff,0xd,0xa,0xea,
  0xf0,0xf3,0xf2,0xe8,0xeb,0xee,0xd,0xa,0xeb,0xee,0xe6,0xe5,0xd,0xa,0xef,0xe5,
  0xf0,0xf1,0xee,0xed,0xe0,0xeb,0xd,0xa,0xef,0xee,0xea,0xee,0xe9,0xed,0xfb,0xe9,
  0xd,0xa,0xef,0xee,0xf1,0xfb,0xeb,0xea,0xe0,0xd,0xa,0xef,0xf0,0xee,0xf1,0xe2,
  0xe5,0xf2,0xd,0xa,0xf0,0xe5,0xef,0xe5,0xf2,0xe8,0xf6,0xe8,0xff,0xd,0xa,0xf2,
  0xee,0xed,0xed,0xe5,0xeb,0xfc,0xd,0xa,0xf3,0xf1,0xe8,0xeb,0xe5,0xed,0xe8,0xe5,
  0xd,0xa,0xf5,0xe8,0xec,0xe8,0xea,0xd,0xa,0xf7,0xe5,0xec,0xee,0xe4,0xe0,0xed,
  0xf7,0xe8,0xea,0xd,0xa,0xf9,0xe8,0xd,0xa,0xe1,0xf3,0xe3,0xee,0xf0,0xd,0xa,
  0xe4,0xe5,0xe6,0xf3,0xf0,0xed,0xfb,0xe9,0xd,0xa,0xea,0xf3,0xe2,0xf8,0xe8,0xed,
  0xd,0xa,0xef,0xf0,0xe5,0xe7,0xe8,0xe4,0xe8,0xf3,0xec,0xd,0xa,0xf0,0xe0,0xea,
  0xee,0xe2,0xe8,0xed,0xe0,0xd,0xa,0xf1,0xf2,0xe8,0xf5,0xe8,0xff,0xd,0xa,0xf8,
  0xed,0xf3,0xf0,0xd,0xa,0xe2,0xe5,0xf1,0xe5,0xeb,0xfc,0xe5,0xd,0xa,0xea,0xee,
  0xf0,0xef,0xee,0xf0,0xe0,0xf6,0xe8,0xff,0xd,0xa,0xea,0xf0,0xe8,0xf2,0xe8,0xea,
  0xd,0xa,0xec,0xf3,0xe6,0xe5,0xf1,0xf2,0xe2,0xee,0xd,0xa,0xef,0xee,0xea,0xf0,
  0xee,0xe2,0xd,0xa,0xf1,0xe8,0xec,0xef,0xe0,0xf2,0xe8,0xff,0xd,0xa,0xf2,0xe0,
  0xe1,0xeb,0xe8,0xf7,0xea,0xe0,0xd,0xa,0xf8,0xf0,0xe0,0xec,0xd,0xa,0xe7,0xe0,
  0xec,0xe5,0xf2,0xea,0xe0,0xd,0xa,0xec,0xe8,0xf4,0xd,0xa,0xed,0xe5,0xe6,0xed,
  0xee,0xf1,0xf2,0xfc,0xd,0xa,0xef,0xf0,0xe0,0xe2,0xeb,0xe5,0xed,0xe8,0xe5,0xd,
  0xa,0xef,0xf0,0xe8,0xed,0xf6,0xe5,0xf1,0xf1,0xe0,0xd,0xa,0xf1,0xe0,0xec,0xee,
  0xf3,0xe1,0xe8,0xe9,0xf1,0xf2,0xe2,0xee,0xd,0xa,0xf1,0xe5,0xe9,0xf4,0xd,0xa,
  0xe8,0xe7,0xe2,0xe5,0xf1,0xf2,0xe8,0xe5,0xd,0xa,0xea,0xe0,0xf1,0xf2,0xf0,0xfe,
  0xeb,0xff,0xd,0xa,0xea,0xee,0xec,0xe0,0xf0,0xd,0xa,0xf4,0xeb,0xe0,0xe3,0xd,
  0xa,0xeb,0xf3,0xe3,0xd,0xa,0xf1,0xed,0xe8,0xe6,0xe5,0xed,0xe8,0xe5,0xd,0xa,
  0xe0,0xed,0xf2,0xe8,0xea,0xe2,0xe0,0xf0,0xe8,0xe0,0xf2,0xd,0xa,0xe0,0xed,0xf2,
  0xe8,0xf1,0xee,0xe2,0xe5,0xf2,0xf7,0xe8,0xea,0xd,0xa,0xe0,0xf0,0xe8,0xf1,0xf2,
  0xee,0xea,0xf0,0xe0,0xf2,0xe8,0xff,0xd,0xa,0xe0,0xf0,0xf2,0xe5,0xeb,0xfc,0xf9,
  0xe8,0xea,0xd,0xa,0xe0,0xf0,0xf5,0xe5,0xee,0xeb,0xee,0xe3,0xe8,0xff,0xd,0xa,
  0xe1,0xe5,0xeb,0xe3,0xf0,0xe0,0xe4,0xd,0xa,0xe1,0xeb,0xe5,0xf1,0xed,0xe0,0xd,
  0xa,0xe1,0xee,0xf0,0xe6,0xee,0xec,0xd,0xa,0xe1,0xf0,0xe0,0xea,0xee,0xf1,0xee,
  0xf7,0xe5,0xf2,0xe0,0xed,0xe8,0xe5,0xd,0xa,0xe1,0xf3,0xe4,0xee,0xf7,0xea,0xe0,
  0xd,0xa,0xe2,0xe0,0xe3,0xee,0xed,0xe5,0xf2,0xea,0xe0,0xd,0xa,0xe2,0xe0,0xeb,
  0xe5,0xf0,0xe8,0xe0,0xed,0xe0,0xd,0xa,0xe2,0xeb,0xe0,0xf1,0xfb,0xd,0xa,0xe2,
  0xee,0xe6,0xe0,0xf2,0xe0,0xff,0xd,0xa,0xe2,0xfb,0xef,0xf3,0xea,0xeb,0xee,0xf1,
  0xf2,0xfc,0xd,0xa,0xe3,0xe5,0xec,0xe0,0xf2,0xee,0xec,0xe0,0xd,0xa,0xe3,0xe8,
  0xeb,0xfc,0xe4,0xe8,0xff,0xd,0xa,0xe3,0xeb,0xe0,0xe2,0xea,0xee,0xec,0xd,0xa,
  0xe3,0xee,0xf0,0xe1,0xe0,0xf2,0xfb,0xe9,0xd,0xa,0xe3,0xf0,0xe5,0xf7,0xe0,0xd,
  0xa,0xe3,0xf0,0xf3,0xe7,0xe8,0xeb,0xee,0xd,0xa,0xe4,0xe5,0xe2,0xe8,0xe7,0xd,
  0xa,0xe4,0xe5,0xed,0xfc,0xe3,0xe0,0xd,0xa,0xe4,0xe6,0xe8,0xe3,0xe8,0xf2,0xd,
  0xa,0xe4,0xe8,0xe7,0xe0,0xe9,0xed,0xe5,0xf0,0xd,0xa,0xe4,0xee,0xe6,0xe4,0xe5,
  0xe2,0xe8,0xea,0xd,0xa,0xe4,0xee,0xeb,0xe3,0xf3,0xf8,0xe8,0xed,0xd,0xa,0xe4,
  0xee,0xec,0xe8,0xed,0xe0,0xed,0xf2,0xe0,0xd,0xa,0xe4,0xf3,0xf0,0xe5,0xf5,0xe0,
  0xd,0xa,0xe5,0xe6,0xe5,0xe2,0xe8,0xea,0xe0,0xd,0xa,0xe5,0xf1,0xe0,0xf3,0xeb,
  0xd,0xa,0xe6,0xe8,0xf0,0xe0,0xf4,0xd,0xa,0xe7,0xe0,0xec,0xe4,0xe8,0xf0,0xe5,
  0xea,0xf2,0xee,0xf0,0xe0,0xd,0xa,0xe7,0xe2,0xe5,0xf0,0xee,0xe1,0xee,0xe9,0xd,
  0xa,0xe7,0xe5,0xec,0xeb,0xff,0xf7,0xee,0xea,0xd,0xa,0xe7,0xe8,0xec,0xee,0xe2,
  0xfc,0xe5,0xd,0xa,0xe7,0xeb,0xee,0xe2,0xee,0xed,0xe8,0xe5,0xd,0xa,0xe8,0xe5,
  0xed,0xe0,0xd,0xa,0xea,0xe0,0xe2,0xe0,0xf1,0xe0,0xea,0xe8,0xd,0xa,0xea,0xe0,
  0xec,0xe5,0xf0,0xe4,0xe8,0xed,0xe5,0xf0,0xd,0xa,0xea,0xe0,0xed,0xe0,0xf2,0xee,
  0xf5,0xee,0xe4,0xe5,0xf6,0xd,0xa,0xea,0xe0,0xef,0xe5,0xeb,0xfc,0xed,0xe8,0xf6,
  0xe0,0xd,0xa,0xea,0xe0,0xf7,0xe0,0xeb,0xea,0xe0,0xd,0xa,0xea,0xe8,0xe1,0xe5,
  0xf0,0xed,0xe5,0xf2,0xe8,0xea,0xe0,0xd,0xa,0xea,0xee,0xed,0xee,0xef,0xeb,0xff,
  0xd,0xa,0xea,0xee,0xed,0xf1,0xe8,0xf1,0xf2,0xee,0xf0,0xe8,0xff,0xd,0xa,0xea,
  0xee,0xed,0xf2,0xf0,0xe0,0xf2,0xe0,0xea,0xe0,0xd,0xa,0xea,0xf0,0xe5,0xf1,0xf2,
  0xee,0xed,0xee,0xf1,0xe5,0xf6,0xd,0xa,0xea,0xf0,0xfb,0xeb,0xe0,0xf2,0xea,0xe0,
  0xd,0xa,0xea,0xf1,0xe5,0xf0,0xee,0xea,0xf1,0xd,0xa,0xea,0xf3,0xeb,0xe8,0xed,
  0xe0,0xf0,0xe8,0xff,0xd,0xa,0xea,0xf3,0xed,0xe3,0xd,0xa,0xeb,0xe5,0xed,0xf4,
  0xe8,0xeb,0xfc,0xec,0xd,0xa,0xeb,0xee,0xe1,0xee,0xf2,0xf0,0xff,0xf1,0xd,0xa,
  0xec,0xe0,0xe9,0xee,0xed,0xe5,0xe7,0xd,0xa,0xec,0xe5,0xe4,0xff,0xea,0xd,0xa,
  0xec,0xe5,0xf2,0xe0,0xeb,0xeb,0xee,0xeb,0xee,0xec,0xd,0xa,0xec,0xe8,0xeb,0xe0,
  0xed,0xd,0xa,0xec,0xe8,0xee,0xea,0xe0,0xf0,0xe4,0xe8,0xf2,0xd,0xa,0xec,0xee,
  0xeb,0xee,0xe4,0xf7,0xe8,0xed,0xe0,0xd,0xa,0xec,0xf3,0xeb,0xeb,0xe0,0xd,0xa,
  0xed,0xe0,0xe2,0xe8,0xe3,0xe0,0xf6,0xe8,0xff,0xd,0xa,0xed,0xe5,0xe4,0xee,0xf1,
  0xf3,0xe3,0xd,0xa,0xed,0xe5,0xf0,0xe2,0xed,0xee,0xf1,0xf2,0xfc,0xd,0xa,0xed,
  0xe5,0xf0,0xe5,0xe7,0xe8,0xe4,0xe5,0xed,0xf2,0xd,0xa,0xed,0xe5,0xf3,0xf0,0xff,
  0xe4,0xe8,0xf6,0xe0,0xd,0xa,0xed,0xe5,0xff,0xf1,0xed,0xee,0xf1,0xf2,0xfc,0xd,
  0xa,0xed,0xe8,0xe7,0xee,0xf1,0xf2,0xfc,0xd,0xa,0xee,0xe1,0xf3,0xf1,0xf2,0xf0,
  0xee,0xe9,0xf1,0xf2,0xe2,0xee,0xd,0xa,0xee,0xe3,0xf0,0xe0,0xe4,0xea,0xe0,0xd,
  0xa,0xee,0xea,0xf0,0xee,0xf8,0xea,0xe0,0xd,0xa,0xee,0xef,0xf2,0xe8,0xea,0xe0,
  0xd,0xa,0xee,0xf7,0xe5,0xf0,0xe5,0xe4,0xed,0xee,0xf1,0xf2,0xfc,0xd,0xa,0xef,
  0xe0,0xeb,0xe0,0xf1,0xd,0xa,0xef,0xe0,0xed,0xe8,0xea,0xe5,0xf0,0xd,0xa,0xef,
  0xe0,0xef,0xe5,0xf0,0xf2,0xfc,0xd,0xa,0xef,0xe5,0xf0,0xe5,0xee,0xf6,0xe5,0xed,
  0xea,0xe0,0xd,0xa,0xef,0xee,0xe2,0xf1,0xe5,0xe4,0xed,0xe5,0xe2,0xed,0xee,0xf1,
  0xf2,0xfc,0xd,0xa,0xef,0xee,0xe2,0xf2,0xee,0xf0,0xd,0xa,0xef,0xee,0xe3,0xeb,
  0xee,0xf9,0xe5,0xed,0xe8,0xe5,0xd,0xa,0xef,0xee,0xe4,0xea,0xee,0xef,0xd,0xa,
  0xef,0xee,0xe4,0xf0,0xfb,0xe2,0xd,0xa,0xef,0xee,0xe6,0xe0,0xf2,0xe8,0xe5,0xd,
  0xa,0xef,0xee,0xe6,0xe5,0xf0,0xf2,0xe2,0xee,0xe2,0xe0,0xed,0xe8,0xe5,0xd,0xa,
  0xef,0xee,0xeb,0xed,0xee,0xeb,0xf3,0xed,0xe8,0xe5,0xd,0xa,0xef,0xee,0xeb,0xf2,
  0xe8,0xed,0xe0,0xd,0xa,0xef,0xee,0xec,0xf3,0xf2,0xed,0xe5,0xed,0xe8,0xe5,0xd,
  0xa,0xef,0xee,0xf0,0xee,0xe6,0xe5,0xea,0xd,0xa,0xef,0xee,0xf2,0xe5,0xed,0xf6,
  0xe8,0xff,0xd,0xa,0xef,0xf0,0xe5,0xee,0xf1,0xe2,0xff,0xf9,0xe5,0xed,0xf1,0xf2,
  0xe2,0xee,0xd,0xa,0xef,0xf0,0xe8,0xe7,0xe5,0xec,0xeb,0xe5,0xed,0xe8,0xe5,0xd,
  0xa,0xef,0xf0,0xee,0xe1,0xe5,0xe3,0xd,0xa,0xef,0xf0,0xee,0xec,0xee,0xea,0xe0,
  0xf8,0xea,0xe0,0xd,0xa,0xef,0xf0,0xee,0xf1,0xf2,0xee,0xea,0xe2,0xe0,0xf8,0xe0,
  0xd,0xa,0xf0,0xe0,0xe7,0xe4,0xee,0xeb,0xfc,0xe5,0xd,0xa,0xf0,0xe0,0xf1,0xf2,
  0xf0,0xe0,0xf2,0xe0,0xd,0xa,0xf0,0xe5,0xe3,0xeb,0xe0,0xec,0xe5,0xed,0xf2,0xd,
  0xa,0xf0,0xe5,0xe4,0xea,0xee,0xeb,0xeb,0xe5,0xe3,0xe8,0xff,0xd,0xa,0xf0,0xe5,
  0xe7,0xe5,0xf0,0xe2,0xf3,0xe0,0xf0,0xd,0xa,0xf0,0xe5,0xf4,0xeb,0xe5,0xea,0xf1,
  0xe8,0xff,0xd,0xa,0xf0,0xee,0xe4,0xee,0xe4,0xe5,0xed,0xe4,0xf0,0xee,0xed,0xd,
  0xa,0xf0,0xf3,0xec,0xfb,0xed,0xd,0xa,0xf1,0xe5,0xea,0xf3,0xed,0xe4,0xee,0xf7,
  0xea,0xe0,0xd,0xa,0xf1,0xe5,0xeb,0xfc,0xe4,0xfc,0xd,0xa,0xf1,0xe5,0xec,0xe5,
  0xf1,0xf2,0xf0,0xd,0xa,0xf1,0xea,0xe0,0xea,0xd,0xa,0xf1,0xea,0xe0,0xf2,0xea,
  0xe0,0xd,0xa,0xf1,0xea,0xf3,0xef,0xd,0xa,0xf1,0xeb,0xe0,0xe1,0xe0,0xea,0xd,
  0xa,0xf1,0xee,0xf2,0xee,0xe2,0xe0,0xf0,0xe8,0xf9,0xd,0xa,0xf1,0xef,0xe8,0xe4,
  0xee,0xec,0xe5,0xf2,0xf0,0xd,0xa,0xf1,0xef,0xe8,0xed,0xed,0xe8,0xed,0xe3,0xd,
  0xa,0xf1,0xf2,0xee,0xf0,0xee,0xe6,0xe8,0xf5,0xe0,0xd,0xa,0xf1,0xf2,0xf0,0xe5,
  0xea,0xee,0xf2,0xe0,0xed,0xe8,0xe5,0xd,0xa,0xf1,0xf2,0xf0,0xe5,0xeb,0xee,0xf7,
  0xed,0xe8,0xea,0xd,0xa,0xf1,0xf2,0xf0,0xee,0xe9,0xe1,0xe0,0xf2,0xd,0xa,0xf1,
  0xf7,0xe8,0xf2,0xfb,0xe2,0xe0,0xf2,0xe5,0xeb,0xfc,0xd,0xa,0xf2,0xe0,0xec,0xe1,
  0xee,0xe2,0xd,0xa,0xf2,0xe2,0xe5,0xf0,0xe4,0xfb,0xed,0xff,0xd,0xa,0xf2,0xe5,
  0xf7,0xfc,0xd,0xa,0xf2,0xf0,0xe0,0xe3,0xe8,0xe7,0xec,0xd,0xa,0xf2,0xf0,0xe5,
  0xef,0xeb,0xee,0xd,0xa,0xf2,0xf0,0xe5,0xf2,0xfc,0xff,0xea,0xee,0xe2,0xea,0xe0,
  0xd,0xa,0xf2,0xf0,0xee,0xec,0xe1,0xd,0xa,0xf2,0xf3,0xec,0xe0,0xed,0xed,0xee,
  0xf1,0xf2,0xfc,0xd,0xa,0xf3,0xe1,0xee,0xe9,0xd,0xa,0xf3,0xef,0xf0,0xee,0xf9,
  0xe5,0xed,0xe8,0xe5,0xd,0xa,0xf5,0xe0,0xec,0xe5,0xeb,0xe5,0xee,0xed,0xd,0xa,
  0xf5,0xe0,0xed,0xe6,0xe5,0xf1,0xf2,0xe2,0xee,0xd,0xa,0xf5,0xe8,0xf0,0xee,0xf1,
  0xe8,0xec,0xe0,0xd,0xa,0xf5,0xeb,0xee,0xef,0xf3,0xf8,0xea,0xe0,0xd,0xa,0xf5,
  0xf0,0xff,0xf9,0xd,0xa,0xf7,0xe5,0xf0,0xed,0xee,0xe1,0xfb,0xeb,0xfc,0xd,0xa,
  0xf8,0xe8,0xe7,0xee,0xf4,0xf0,0xe5,0xed,0xe8,0xea,0xd,0xa,0xf8,0xeb,0xe5,0xec,
  0xee,0xf4,0xee,0xed,0xd,0xa,0xf9,0xf3,0xf0,0xd,0xa,0xfd,0xea,0xe2,0xe8,0xe2,
  0xe0,0xeb,0xe5,0xed,0xf2,0xd,0xa,0xfd,0xea,0xf1,0xef,0xf0,0xee,0xec,0xf2,0xd,
  0xa,0xfd,0xec,0xd,0xa,0xfd,0xec,0xe8,0xf1,0xf1,0xe0,0xf0,0xd,0xa,0xfd,0xf4,
  0xe5,0xe4,0xf0,0xe8,0xed,0xd,0xa,0xfe,0xec,0xee,0xf0,0xe8,0xf1,0xf2,0xd,0xa,
  0xe1,0xe0,0xf0,0xe0,0xe1,0xe0,0xed,0xf9,0xe8,0xea,0xd,0xa,0xe1,0xe5,0xf1,0xef,
  0xee,0xec,0xee,0xf9,0xed,0xee,0xf1,0xf2,0xfc,0xd,0xa,0xe2,0xe5,0xed,0xf2,0xe8,
  0xeb,0xff,0xf6,0xe8,0xff,0xd,0xa,0xe2,0xee,0xe4,0xe8,0xf7,0xea,0xe0,0xd,0xa,
  0xe2,0xee,0xeb,0xf7,0xe8,0xf6,0xe0,0xd,0xa,0xe3,0xe0,0xe7,0xef,0xf0,0xee,0xec,
  0xd,0xa,0xe3,0xe0,0xf3,0xef,0xf2,0xe2,0xe0,0xf5,0xf2,0xe0,0xd,0xa,0xe3,0xf0,
  0xf3,0xe4,0xea,0xe0,0xd,0xa,0xe4,0xe2,0xee,0xf0,0xff,0xed,0xf1,0xf2,0xe2,0xee,
  0xd,0xa,0xe4,0xe5,0xf8,0xe5,0xe2,0xea,0xe0,0xd,0xa,0xe4,0xe8,0xe2,0xe5,0xf0,
  0xf1,0xe8,0xff,0xd,0xa,0xe4,0xe8,0xea,0xee,0xf1,0xf2,0xfc,0xd,0xa,0xe6,0xe5,
  0xeb,0xf2,0xf3,0xf5,0xe0,0xd,0xa,0xe7,0xe0,0xe1,0xe5,0xe3,0xe0,0xeb,0xee,0xe2,
  0xea,0xe0,0xd,0xa,0xe8,0xe7,0xe1,0xe5,0xe6,0xe0,0xed,0xe8,0xe5,0xd,0xa,0xe8,
  0xe7,0xe2,0xe5,0xf9,0xe5,0xed,0xe8,0xe5,0xd,0xa,0xe8,0xed,0xf2,0xe5,0xf0,0xed,
  0xe0,0xf6,0xe8,0xee,0xed,0xe0,0xeb,0xd,0xa,0xe8,0xf0,0xea,0xf3,0xf2,0xf1,0xea,
  0xd,0xa,0xea,0xeb,0xfe,0xf7,0xe8,0xf6,0xe0,0xd,0xa,0xea,0xee,0xf0,0xf2,0xe8,
  0xea,0xd,0xa,0xea,0xf3,0xef,0xe0,0xeb,0xfc,0xed,0xe8,0xea,0xd,0xa,0xeb,0xe0,
  0xef,0xee,0xf2,0xfc,0xd,0xa,0xec,0xe0,0xe4,0xe5,0xec,0xf3,0xe0,0xe7,0xe5,0xeb,
  0xfc,0xd,0xa,0xec,0xe0,0xeb,0xe5,0xea,0xd,0xa,0xec,0xe8,0xf0,0xee,0xe7,0xe4,
  0xe0,0xed,0xe8,0xe5,0xd,0xa,0xee,0xe1,0xed,0xee,0xe2,0xeb,0xe5,0xed,0xe8,0xe5,
  0xd,0xa,0xee,0xe1,0xf0,0xf3,0xe1,0xee,0xea,0xd,0xa,0xef,0xe0,0xf0,0xf2,0xe1,
  0xe8,0xeb,0xe5,0xf2,0xd,0xa,0xef,0xee,0xe4,0xe2,0xe8,0xe6,0xed,0xee,0xf1,0xf2,
  0xfc,0xd,0xa,0xef,0xee,0xe4,0xeb,0xee,0xea,0xee,0xf2,0xed,0xe8,0xea,0xd,0xa,
  0xef,0xee,0xf1,0xf2,0xee,0xff,0xeb,0xe5,0xf6,0xd,0xa,0xef,0xf0,0xe0,0xe4,0xe5,
  0xe4,0xd,0xa,0xef,0xf0,0xe8,0xef,0xe0,0xf1,0xd,0xa,0xf0,0xe0,0xe7,0xed,0xee,
  0xe3,0xeb,0xe0,0xf1,0xe8,0xe5,0xd,0xa,0xf0,0xe0,0xf1,0xef,0xe0,0xe4,0xee,0xea,
  0xd,0xa,0xf0,0xe5,0xec,0xe5,0xf1,0xeb,0xe5,0xed,0xed,0xe8,0xea,0xd,0xa,0xf0,
  0xe8,0xec,0xeb,0xff,0xed,0xe8,0xed,0xd,0xa,0xf0,0xf3,0xea,0xee,0xef,0xee,0xe6,
  0xe0,0xf2,0xe8,0xe5,0xd,0xa,0xf1,0xe0,0xed,0xea,0xf6,0xe8,0xff,0xd,0xa,0xf1,
  0xea,0xf0,0xe8,0xef,0xe0,0xf7,0xd,0xa,0xf1,0xf2,0xfb,0xf7,0xea,0xe0,0xd,0xa,
  0xf6,0xe0,0xf0,0xe5,0xe2,0xed,0xe0,0xd,0xa,0xf6,0xe5,0xed,0xf2,0xf0,0xee,0xe1,
  0xe0,0xed,0xea,0xd,0xa,0xf7,0xe8,0xeb,0xe8,0xd,0xa,0xf7,0xf3,0xe1,0xd,0xa,
  0xfd,0xea,0xf1,0xf2,0xe0,0xe7,0xd,0xa,0xe2,0xe5,0xf9,0xec,0xe5,0xf8,0xee,0xea,
  0xd,0xa,0xe2,0xee,0xff,0xea,0xe0,0xd,0xa,0xe4,0xe5,0xf0,0xe5,0xe2,0xf6,0xee,
  0xd,0xa,0xe4,0xe8,0xf0,0xe5,0xea,0xf2,0xe8,0xe2,0xe0,0xd,0xa,0xe6,0xe8,0xe4,
  0xd,0xa,0xe7,0xe0,0xea,0xf0,0xfb,0xf2,0xe8,0xe5,0xd,0xa,0xe7,0xe0,0xf0,0xe0,
  0xe6,0xe5,0xed,0xe8,0xe5,0xd,0xa,0xe7,0xe0,0xf5,0xee,0xe4,0xd,0xa,0xe8,0xf1,
  0xef,0xee,0xe2,0xe5,0xe4,0xfc,0xd,0xa,0xea,0xe0,0xeb,0xe5,0xea,0xe0,0xd,0xa,
  0xea,0xe0,0xf0,0xf0,0xe0,0xd,0xa,0xea,0xeb,0xe5,0xe5,0xed,0xea,0xe0,0xd,0xa,
  0xea,0xf0,0xe0,0xef,0xe8,0xe2,0xe0,0xd,0xa,0xea,0xf0,0xf3,0xef,0xe8,0xf6,0xe0,
  0xd,0xa,0xec,0xf3,0xf2,0xfc,0xd,0xa,0xed,0xe0,0xe2,0xe0,0xeb,0xd,0xa,0xed,
  0xe0,0xf1,0xf2,0xee,0xe9,0xea,0xe0,0xd,0xa,0xef,0xe0,0xea,0xf2,0xd,0xa,0xef,
  0xeb,0xe0,0xf6,0xe4,0xe0,0xf0,0xec,0xd,0xa,0xef,0xed,0xe5,0xe2,0xec,0xee,0xed,
  0xe8,0xff,0xd,0xa,0xef,0xee,0xeb,0xe8,0xf6,0xe5,0xe9,0xf1,0xea,0xe8,0xe9,0xd,
  0xa,0xef,0xf2,0xe8,0xf6,0xfb,0xed,0xd,0xa,0xf1,0xed,0xe0,0xe1,0xe6,0xe5,0xed,
  0xe8,0xe5,0xd,0xa,0xf1,0xef,0xee,0xed,0xf1,0xee,0xf0,0xd,0xa,0xf1,0xf2,0xe5,
  0xf0,0xe2,0xe0,0xd,0xa,0xf2,0xf0,0xee,0xf4,0xe5,0xe9,0xd,0xa,0xf3,0xe7,0xe1,
  0xe5,0xea,0xd,0xa,0xf3,0xf1,0xf2,0xf0,0xe0,0xed,0xe5,0xed,0xe8,0xe5,0xd,0xa,
  0xf8,0xea,0xe0,0xf2,0xf3,0xeb,0xea,0xe0,0xd,0xa,0xf8,0xf2,0xee,0xf0,0xec,0xd,
  0xa,0xe2,0xee,0xe4,0xee,0xf0,0xee,0xf1,0xeb,0xfc,0xd,0xa,0xe3,0xee,0xeb,0xee,
  0xe2,0xee,0xea,0xf0,0xf3,0xe6,0xe5,0xed,0xe8,0xe5,0xd,0xa,0xe4,0xf3,0xe1,0xe8,
  0xed,0xe0,0xd,0xa,0xe6,0xe5,0xed,0xe8,0xf2,0xfc,0xe1,0xe0,0xd,0xa,0xe7,0xe5,
  0xec,0xeb,0xe5,0xf2,0xf0,0xff,0xf1,0xe5,0xed,0xe8,0xe5,0xd,0xa,0xe7,0xeb,0xee,
  0xe4,0xe5,0xe9,0xd,0xa,0xea,0xee,0xeb,0xe5,0xf7,0xea,0xee,0xd,0xa,0xea,0xee,
  0xeb,0xee,0xea,0xee,0xeb,0xfc,0xf7,0xe8,0xea,0xd,0xa,0xeb,0xe0,0xea,0xe5,0xe9,
  0xd,0xa,0xeb,0xe0,0xf1,0xf2,0xee,0xf7,0xea,0xe0,0xd,0xa,0xeb,0xee,0xea,0xee,
  0xf2,0xee,0xea,0xd,0xa,0xec,0xe0,0xf0,0xe8,0xed,0xea,0xe0,0xd,0xa,0xee,0xf2,
  0xea,0xee,0xf1,0xd,0xa,0xef,0xeb,0xe5,0xed,0xed,0xe8,0xea,0xd,0xa,0xf1,0xe2,
  0xe5,0xf0,0xf1,0xf2,0xed,0xe8,0xea,0xd,0xa,0xf2,0xe8,0xf2,0xf3,0xeb,0xd,0xa,
  0xf4,0xee,0xf2,0xee,0xe3,0xf0,0xe0,0xf4,0xd,0xa,0xf7,0xe0,0xf8,0xe5,0xf7,0xea,
  0xe0,0xd,0xa,0xfd,0xea,0xee,0xed,0xee,0xec,0xe8,0xff,0xd,0xa,0xe7,0xe0,0xeb,
  0xef,0xd,0xa,0xef,0xe0,0xf0,0xee,0xec,0xd,0xa,0xef,0xee,0xeb,0xed,0xee,0xf2,
  0xe0,0xd,0xa,0xf3,0xf7,0xe0,0xf1,0xf2,0xfc,0xd,0xa,0xf4,0xe8,0xeb,0xe8,0xed,
  0xd,0xa,0xe2,0xfb,0xe4,0xe5,0xeb,0xe5,0xed,0xe8,0xe5,0xd,0xa,0xec,0xeb,0xf0,
  0xe4,0xd,0xa,0xec,0xee,0xf9,0xfc,0xd,0xa,0xef,0xe5,0xed,0xfc,0xd,0xa,0xef,
  0xee,0xf1,0xee,0xeb,0xd,0xa,0xf8,0xe2,0xe5,0xe9,0xf6,0xe0,0xf0,0xe8,0xff,0xd,
  0xa,0xe2,0xe5,0xf0,0xf1,0xf2,0xe0,0xd,0xa,0xe2,0xe5,0xf0,0xf5,0xf3,0xf8,0xea,
  0xe0,0xd,0xa,0xeb,0xe5,0xe3,0xea,0xee,0xf1,0xf2,0xfc,0xd,0xa,0xec,0xee,0xeb,
  0xee,0xf2,0xd,0xa,0xed,0xe0,0xf6,0xe8,0xee,0xed,0xe0,0xeb,0xfc,0xed,0xee,0xf1,
  0xf2,0xfc,0xd,0xa,0xee,0xea,0xee,0xd,0xa,0xef,0xeb,0xe0,0xf2,0xf4,0xee,0xf0,
  0xec,0xe0,0xd,0xa,0xef,0xee,0xe4,0xf0,0xf3,0xe6,0xea,0xe0,0xd,0xa,0xef,0xf0,
  0xe0,0xea,0xf2,0xe8,0xea,0xd,0xa,0xe3,0xee,0xf0,0xf8,0xee,0xea,0xd,0xa,0xe3,
  0xf0,0xe0,0xed,0xfc,0xd,0xa,0xea,0xe0,0xed,0xe0,0xe4,0xe0,0xd,0xa,0xe1,0xe0,
  0xf0,0xe0,0xed,0xd,0xa,0xee,0xf1,0xe5,0xeb,0xd,0xa,0xef,0xee,0xea,0xf3,0xef,
  0xea,0xe0,0xd,0xa,0xef,0xee,0xf5,0xee,0xe4,0xea,0xe0,0xd,0xa,0xf1,0xef,0xe5,
  0xf6,0xe8,0xe0,0xeb,0xfc,0xed,0xee,0xf1,0xf2,0xfc,0xd,0xa,0xff,0xef,0xee,0xed,
  0xe8,0xff,0xd,0xa,0xed,0xe0,0xe1,0xe5,0xf0,0xe5,0xe6,0xed,0xe0,0xff,0xd,0xa,
  0xef,0xf0,0xee,0xe4,0xf3,0xea,0xf6,0xe8,0xff,0xd,0xa,0xf2,0xe5,0xeb,0xe5,0xe2,
  0xe8,0xe4,0xe5,0xed,0xe8,0xe5,0xd,0xa,0xf2,0xf0,0xe0,0xec,0xe2,0xe0,0xe9,0xd,
  0xa,0xe0,0xe1,0xee,0xed,0xe5,0xec,0xe5,0xed,0xf2,0xd,0xa,0xe0,0xe2,0xe8,0xe0,
  0xea,0xee,0xed,0xf1,0xf2,0xf0,0xf3,0xea,0xf2,0xee,0xf0,0xd,0xa,0xe0,0xe7,0xe8,
  0xec,0xf3,0xf2,0xd,0xa,0xe0,0xea,0xf2,0xe8,0xe2,0xe8,0xe7,0xe0,0xf6,0xe8,0xff,
  0xd,0xa,0xe0,0xea,0xf2,0xe8,0xe2,0xe8,0xf1,0xf2,0xea,0xe0,0xd,0xa,0xe0,0xea,
  0xf3,0xf8,0xe5,0xf0,0xea,0xe0,0xd,0xa,0xe0,0xeb,0xe5,0xed,0xe8,0xf7,0xe5,0xe2,
  0xd,0xa,0xe0,0xeb,0xf2,0xf3,0xf5,0xee,0xe2,0xd,0xa,0xe0,0xeb,0xfc,0xe1,0xf3,
  0xec,0xe8,0xed,0xd,0xa,0xe0,0xed,0xe0,0xe1,0xe8,0xee,0xe7,0xd,0xa,0xe0,0xed,
  0xe8,0xeb,0xe8,0xed,0xd,0xa,0xe0,0xed,0xf2,0xe0,0xe3,0xee,0xed,0xe8,0xf1,0xf2,
  0xd,0xa,0xe0,0xed,0xf2,0xe8,0xe3,0xe5,0xed,0xd,0xa,0xe0,0xef,0xef,0xe0,0xf0,
  0xe0,0xf2,0xf7,0xe8,0xea,0xd,0xa,0xe0,0xf0,0xe5,0xe0,0xeb,0xd,0xa,0xe1,0xe0,
  0xe4,0xe5,0xed,0xd,0xa,0xe1,0xe0,0xeb,0xe0,0xe1,0xee,0xeb,0xea,0xe0,0xd,0xa,
  0xe1,0xe0,0xf0,0xf1,0xd,0xa,0xe1,0xe0,0xf1,0xf2,0xe5,0xf0,0xd,0xa,0xe1,0xe5,
  0xe7,0xe3,0xf0,0xe0,0xec,0xee,0xf2,0xed,0xee,0xf1,0xf2,0xfc,0xd,0xa,0xe1,0xe5,
  0xeb,0xea,0xe0,0xd,0xa,0xe1,0xe5,0xeb,0xf3,0xe3,0xe0,0xd,0xa,0xe1,0xeb,0xe0,
  0xe3,0xee,0xf3,0xf1,0xf2,0xf0,0xee,0xe9,0xf1,0xf2,0xe2,0xee,0xd,0xa,0xe1,0xeb,
  0xf3,0xe4,0xd,0xa,0xe1,0xee,0xe1,0xf0,0xe8,0xea,0xd,0xa,0xe1,0xee,0xe6,0xe5,
  0xed,0xfc,0xea,0xe0,0xd,0xa,0xe1,0xee,0xec,0xee,0xed,0xe4,0xd,0xa,0xe1,0xee,
  0xf0,0xee,0xe2,0xd,0xa,0xe1,0xee,0xf0,0xee,0xed,0xe0,0xd,0xa,0xe1,0xee,0xf2,
  0xe0,0xed,0xe8,0xea,0xd,0xa,0xe1,0xee,0xff,0xf0,0xfb,0xed,0xff,0xd,0xa,0xe1,
  0xf3,0xf0,0xee,0xe2,0xe0,0xd,0xa,0xe1,0xf3,0xf0,0xf3,0xed,0xe4,0xf3,0xea,0xd,
  0xa,0xe1,0xf3,0xf4,0xe5,0xf2,0xf7,0xe8,0xea,0xd,0xa,0xe2,0xe0,0xe3,0xe8,0xed,
  0xd,0xa,0xe2,0xe0,0xed,0xed,0xee,0xf7,0xea,0xe0,0xd,0xa,0xe2,0xe2,0xee,0xe7,
  0xd,0xa,0xe2,0xe5,0xed,0xf2,0xe8,0xeb,0xfc,0xd,0xa,0xe2,0xe5,0xef,0xf0,0xfc,
  0xd,0xa,0xe2,0xe5,0xf0,0xe5,0xf2,0xe5,0xed,0xee,0xd,0xa,0xe2,0xe7,0xe1,0xf3,
  0xf7,0xea,0xe0,0xd,0xa,0xe2,0xe7,0xe2,0xe5,0xf1,0xfc,0xd,0xa,0xe2,0xe8,0xe7,
  0xf3,0xe0,0xeb,0xe8,0xe7,0xe0,0xf6,0xe8,0xff,0xd,0xa,0xe2,0xe8,0xed,0xee,0xe2,
  0xe0,0xf2,0xee,0xf1,0xf2,0xfc,0xd,0xa,0xe2,0xe8,0xed,0xee,0xe2,0xed,0xe8,0xf6,
  0xe0,0xd,0xa,0xe2,0xe8,0xf1,0xfe,0xeb,0xfc,0xea,0xe0,0xd,0xa,0xe2,0xee,0xe7,
  0xe4,0xf3,0xf5,0xee,0xe2,0xee,0xe4,0xd,0xa,0xe2,0xee,0xe9,0xeb,0xee,0xea,0xd,
  0xa,0xe2,0xee,0xf1,0xef,0xe8,0xf2,0xe0,0xed,0xed,0xee,0xf1,0xf2,0xfc,0xd,0xa,
  0xe2,0xf1,0xe5,0xe4,0xee,0xe7,0xe2,0xee,0xeb,0xe5,0xed,0xed,0xee,0xf1,0xf2,0xfc,
  0xd,0xa,0xe2,0xf1,0xf2,0xf0,0xff,0xf1,0xea,0xe0,0xd,0xa,0xe2,0xf2,0xee,0xf0,
  0xee,0xe3,0xee,0xe4,0xed,0xe8,0xea,0xd,0xa,0xe2,0xfb,0xe3,0xf0,0xe5,0xe1,0xd,
  0xa,0xe2,0xfb,0xea,0xf0,0xf3,0xf2,0xe0,0xf1,0xfb,0xd,0xa,0xe3,0xe0,0xe7,0xe5,
  0xeb,0xfc,0xd,0xa,0xe3,0xe0,0xeb,0xe8,0xe5,0xe2,0xd,0xa,0xe3,0xe0,0xf0,0xe4,
  0xe0,0xd,0xa,0xe3,0xe0,0xf2,0xf7,0xe8,0xed,0xe0,0xd,0xa,0xe3,0xe5,0xe3,0xe5,
  0xec,0xee,0xed,0xd,0xa,0xe3,0xe5,0xe9,0xe7,0xe5,0xf0,0xd,0xa,0xe3,0xe5,0xea,
  0xea,0xee,0xed,0xd,0xa,0xe3,0xe5,0xed,0xe5,0xe0,0xeb,0xee,0xe3,0xe8,0xff,0xd,
  0xa,0xe3,0xe5,0xed,0xee,0xf4,0xee,0xed,0xe4,0xd,0xa,0xe3,0xe8,0xef,0xee,0xf2,
  0xe0,0xeb,0xe0,0xec,0xf3,0xf1,0xd,0xa,0xe3,0xe8,0xef,0xef,0xee,0xef,0xee,0xf2,
  0xe0,0xec,0xd,0xa,0xe3,0xe8,0xf0,0xfc,0xea,0xe0,0xd,0xa,0xe3,0xed,0xe8,0xeb,
  0xf3,0xf8,0xea,0xe0,0xd,0xa,0xe3,0xee,0xeb,0xf3,0xe1,0xf6,0xee,0xe2,0xd,0xa,
  0xe3,0xee,0xed,0xe4,0xee,0xeb,0xe0,0xd,0xa,0xe3,0xee,0xf0,0xe1,0xf3,0xf8,0xe0,
  0xd,0xa,0xe3,0xee,0xf0,0xe8,0xed,0xd,0xa,0xe3,0xee,0xf0,0xeb,0xee,0xef,0xe0,
  0xed,0xd,0xa,0xe3,0xee,0xf1,0xe1,0xe0,0xed,0xea,0xd,0xa,0xe3,0xf0,0xe5,0xf7,
  0xea,0xe0,0xd,0xa,0xe3,0xf0,0xe8,0xe1,0xe0,0xed,0xee,0xe2,0xd,0xa,0xe3,0xf0,
  0xee,0xe1,0xe8,0xea,0xd,0xa,0xe3,0xf0,0xf3,0xf8,0xe8,0xed,0xd,0xa,0xe3,0xf3,
  0xf0,0xed,0xee,0xe2,0xd,0xa,0xe3,0xf3,0xf1,0xe8,0xed,0xf1,0xea,0xe8,0xe9,0xd,
  0xa,0xe4,0xe5,0xe6,0xea,0xe8,0xed,0xd,0xa,0xe4,0xe5,0xeb,0xff,0xe3,0xe0,0xd,
  0xa,0xe4,0xe5,0xf0,0xe3,0xe0,0xf3,0xf1,0xee,0xe2,0xd,0xa,0xe4,0xe5,0xf8,0xe8,
  0xf4,0xf0,0xee,0xe2,0xea,0xe0,0xd,0xa,0xe4,0xe8,0xea,0xf2,0xe0,0xed,0xf2,0xd,
  0xa,0xe4,0xe8,0xea,0xf2,0xee,0xe2,0xea,0xe0,0xd,0xa,0xe4,0xee,0xe1,0xe0,0xe2,
  0xea,0xe0,0xd,0xa,0xe4,0xee,0xf0,0xe0,0xd,0xa,0xe4,0xf0,0xff,0xe7,0xe3,0xd,
  0xa,0xe4,0xf3,0xf8,0xee,0xed,0xea,0xe0,0xd,0xa,0xe5,0xef,0xe0,0xf0,0xf5,0xe8,
  0xff,0xd,0xa,0xe6,0xe5,0xed,0xe8,0xf8,0xee,0xea,0xd,0xa,0xe6,0xe5,0xed,0xf3,
  0xf8,0xea,0xe0,0xd,0xa,0xe6,0xe8,0xe2,0xee,0xe3,0xeb,0xee,0xf2,0xd,0xa,0xe6,
  0xf3,0xea,0xee,0xe2,0xe0,0xd,0xa,0xe7,0xe0,0xe1,0xe8,0xff,0xea,0xe0,0xd,0xa,
  0xe7,0xe0,0xe1,0xee,0xf2,0xeb,0xe8,0xe2,0xee,0xf1,0xf2,0xfc,0xd,0xa,0xe7,0xe0,
  0xe3,0xee,0xe3,0xf3,0xeb,0xe8,0xed,0xe0,0xd,0xa,0xe7,0xe0,0xe4,0xe0,0xf7,0xed,
  0xe8,0xea,0xd,0xa,0xe7,0xe0,0xe4,0xee,0xf0,0xe8,0xed,0xea,0xe0,0xd,0xa,0xe7,
  0xe0,0xe7,0xe5,0xec,0xeb,0xe5,0xed,0xe8,0xe5,0xd,0xa,0xe7,0xe0,0xec,0xf8,0xe0,
  0xd,0xa,0xe7,0xe0,0xee,0xf7,0xed,0xe8,0xea,0xd,0xa,0xe7,0xe0,0xee,0xf7,0xed,
  0xe8,0xf6,0xe0,0xd,0xa,0xe7,0xe0,0xef,0xe0,0xf1,0xed,0xee,0xe9,0xd,0xa,0xe7,
  0xe0,0xf1,0xf2,0xe0,0xe2,0xea,0xe0,0xd,0xa,0xe7,0xe0,0xf3,0xeb,0xee,0xea,0xd,
  0xa,0xe7,0xeb,0xee,0xe4,0xe5,0xe9,0xea,0xe0,0xd,0xa,0xe7,0xee,0xe4,0xe8,0xe0,
  0xea,0xd,0xa,0xe7,0xee,0xee,0xf2,0xe5,0xf5,0xed,0xe8,0xea,0xe0,0xd,0xa,0xe8,
  0xe3,0xed,0xee,0xf0,0xe8,0xf0,0xee,0xe2,0xe0,0xed,0xe8,0xe5,0xd,0xa,0xe8,0xe3,
  0xf0,0xe8,0xf9,0xe5,0xd,0xa,0xe8,0xe7,0xf0,0xe0,0xe7,0xe5,0xf6,0xd,0xa,0xe8,
  0xec,0xe0,0xed,0xd,0xa,0xe8,0xec,0xef,0xe5,0xf0,0xe0,0xf2,0xe8,0xe2,0xd,0xa,
  0xea,0xe0,0xe2,0xe0,0xf0,0xe4,0xe0,0xea,0xd,0xa,0xea,0xe0,0xed,0xe5,0xe2,0xf1,
  0xea,0xe8,0xe9,0xd,0xa,0xea,0xe0,0xef,0xe5,0xeb,0xfc,0xec,0xe5,0xe9,0xf1,0xf2,
  0xe5,0xf0,0xd,0xa,0xea,0xe0,0xf0,0xe0,0xe2,0xe5,0xeb,0xeb,0xe0,0xd,0xa,0xea,
  0xe0,0xf0,0xe0,0xea,0xf3,0xeb,0xfc,0xd,0xa,0xea,0xe0,0xf0,0xe0,0xec,0xe5,0xeb,
  0xfc,0xea,0xe0,0xd,0xa,0xea,0xe0,0xf1,0xf2,0xee,0xf0,0xea,0xe0,0xd,0xa,0xea,
  0xe2,0xe8,0xed,0xf2,0xfd,0xf1,0xf1,0xe5,0xed,0xf6,0xe8,0xff,0xd,0xa,0xea,0xe8,
  0xe7,0xeb,0xff,0xf0,0xd,0xa,0xea,0xeb,0xe8,0xf8,0xe5,0xd,0xa,0xea,0xeb,0xee,
  0xed,0xd,0xa,0xea,0xee,0xe0,0xeb,0xe0,0xd,0xa,0xea,0xee,0xe2,0xfb,0xeb,0xfc,
  0xd,0xa,0xea,0xee,0xe4,0xe8,0xf0,0xee,0xe2,0xe0,0xed,0xe8,0xe5,0xd,0xa,0xea,
  0xee,0xe5,0xf7,0xea,0xe0,0xd,0xa,0xea,0xee,0xeb,0xe5,0xed,0xf6,0xe5,0xd,0xa,
  0xea,0xee,0xeb,0xee,0xed,0xe8,0xe7,0xe0,0xf6,0xe8,0xff,0xd,0xa,0xea,0xee,0xec,
  0xe2,0xe7,0xe2,0xee,0xe4,0xd,0xa,0xea,0xee,0xec,0xef,0xf0,0xe5,0xf1,0xf1,0xee,
  0xf0,0xd,0xa,0xea,0xee,0xec,0xef,0xfc,0xfe,0xf2,0xe5,0xf0,0xe8,0xe7,0xe0,0xf6,
  0xe8,0xff,0xd,0xa,0xea,0xee,0xed,0xe2,0xe5,0xf0,0xf1,0xe8,0xff,0xd,0xa,0xea,
  0xee,0xed,0xf1,0xe5,0xf0,0xe2,0xe0,0xf2,0xe8,0xe7,0xec,0xd,0xa,0xea,0xee,0xed,
  0xf1,0xf2,0xe0,0xf2,0xe0,0xf6,0xe8,0xff,0xd,0xa,0xea,0xee,0xed,0xf6,0xe5,0xf1,
  0xf1,0xe8,0xff,0xd,0xa,0xea,0xee,0xef,0xf7,0xe5,0xed,0xe8,0xe5,0xd,0xa,0xea,
  0xee,0xf0,0xe5,0xed,0xed,0xee,0xe9,0xd,0xa,0xea,0xee,0xf0,0xf7,0xe0,0xd,0xa,
  0xea,0xee,0xf8,0xe0,0xf0,0xe0,0xd,0xa,0xea,0xf0,0xe0,0xf1,0xed,0xee,0xe1,0xe0,
  0xe9,0xd,0xa,0xea,0xf0,0xe5,0xf1,0xe0,0xeb,0xee,0xd,0xa,0xea,0xf0,0xee,0xe2,
  0xee,0xef,0xe8,0xe9,0xf6,0xe0,0xd,0xa,0xea,0xf0,0xfb,0xed,0xea,0xe0,0xd,0xa,
  0xea,0xf3,0xed,0xe0,0xd,0xa,0xeb,0xe0,0xe6,0xd,0xa,0xeb,0xe5,0xe9,0xf2,0xec,
  0xee,0xf2,0xe8,0xe2,0xd,0xa,0xeb,0xe6,0xe8,0xe2,0xee,0xf1,0xf2,0xfc,0xd,0xa,
  0xeb,0xe8,0xf1,0xea,0xe0,0xd,0xa,0xeb,0xe8,0xf2,0xee,0xe1,0xfa,0xe5,0xe4,0xe8,
  0xed,0xe5,0xed,0xe8,0xe5,0xd,0xa,0xeb,0xe8,0xf5,0xee,0xe4,0xe5,0xe9,0xd,0xa,
  0xeb,0xee,0xe3,0xee,0xe2,0xe0,0xe7,0xd,0xa,0xec,0xe0,0xeb,0xfc,0xf2,0xe0,0xd,
  0xa,0xec,0xe0,0xeb,0xff,0xe2,0xea,0xe0,0xd,0xa,0xec,0xe0,0xf0,0xe0,0xf4,0xe5,
  0xf2,0xd,0xa,0xec,0xe0,0xf0,0xe3,0xe0,0xed,0xe5,0xf6,0xd,0xa,0xec,0xe0,0xf1,
  0xea,0xe8,0xf0,0xee,0xe2,0xf9,0xe8,0xea,0xd,0xa,0xec,0xe0,0xf1,0xf1,0xe0,0xe6,
  0xe8,0xf1,0xf2,0xd,0xa,0xec,0xe0,0xf2,0xf0,0xee,0xf1,0xea,0xe0,0xd,0xa,0xec,
  0xe5,0xe9,0xf1,0xf2,0xe5,0xf0,0xe7,0xe8,0xed,0xe3,0xe5,0xf0,0xd,0xa,0xec,0xe5,
  0xf2,0xe5,0xee,0xf1,0xf2,0xe0,0xed,0xf6,0xe8,0xff,0xd,0xa,0xec,0xe5,0xf2,0xe8,
  0xeb,0xd,0xa,0xec,0xe5,0xf2,0xf0,0xe8,0xea,0xe0,0xd,0xa,0xec,0xe5,0xf9,0xe0,
  0xed,0xea,0xe0,0xd,0xa,0xec,0xe8,0xed,0xee,0xf2,0xe0,0xe2,0xf0,0xd,0xa,0xec,
  0xe8,0xf5,0xe0,0xeb,0xea,0xee,0xe2,0xe0,0xd,0xa,0xec,0xee,0xe9,0xe2,0xe0,0xd,
  0xa,0xec,0xee,0xea,0xf0,0xe8,0xf6,0xe0,0xd,0xa,0xec,0xee,0xeb,0xee,0xf7,0xed,
  0xe8,0xf6,0xe0,0xd,0xa,0xec,0xee,0xeb,0xf7,0xe0,0xeb,0xe8,0xe2,0xee,0xf1,0xf2,
  0xfc,0xd,0xa,0xec,0xee,0xf1,0xea,0xee,0xe2,0xe8,0xf2,0xd,0xa,0xec,0xf3,0xe6,
  0xeb,0xe0,0xed,0xd,0xa,0xec,0xf3,0xeb,0xfc,0xf2,0xe8,0xea,0xd,0xa,0xec,0xf3,
  0xf1,0xf2,0xe0,0xed,0xe3,0xd,0xa,0xed,0xe0,0xe3,0xe0,0xe9,0xea,0xe0,0xd,0xa,
  0xed,0xe0,0xe4,0xec,0xe5,0xed,0xed,0xee,0xf1,0xf2,0xfc,0xd,0xa,0xed,0xe0,0xe7,
  0xe0,0xf0,0xe5,0xf2,0xd,0xa,0xed,0xe0,0xea,0xee,0xef,0xe8,0xf2,0xe5,0xeb,0xfc,
  0xd,0xa,0xed,0xe0,0xf1,0xe0,0xe4,0xea,0xe0,0xd,0xa,0xed,0xe0,0xf1,0xec,0xe5,
  0xf8,0xeb,0xe8,0xe2,0xee,0xf1,0xf2,0xfc,0xd,0xa,0xed,0xe0,0xf6,0xe5,0xed,0xea,
  0xe0,0xd,0xa,0xed,0xe5,0xe2,0xe5,0xe6,0xe0,0xd,0xa,0xed,0xe5,0xe6,0xe8,0xed,
  0xd,0xa,0xed,0xe5,0xeb,0xe0,0xe4,0xfb,0xd,0xa,0xed,0xe5,0xeb,0xe5,0xef,0xe8,
  0xf6,0xe0,0xd,0xa,0xed,0xe5,0xec,0xee,0xf9,0xfc,0xd,0xa,0xed,0xe5,0xee,0xf4,
  0xe8,0xf2,0xd,0xa,0xed,0xe5,0xef,0xee,0xe3,0xf0,0xe5,0xf8,0xe8,0xec,0xee,0xf1,
  0xf2,0xfc,0xd,0xa,0xed,0xe5,0xf1,0xea,0xf0,0xee,0xec,0xed,0xee,0xf1,0xf2,0xfc,
  0xd,0xa,0xed,0xe5,0xf1,0xee,0xe1,0xeb,0xfe,0xe4,0xe5,0xed,0xe8,0xe5,0xd,0xa,
  0xed,0xe5,0xf1,0xee,0xee,0xe1,0xf0,0xe0,0xe7,0xed,0xee,0xf1,0xf2,0xfc,0xd,0xa,
  0xed,0xe5,0xf7,0xe8,0xf1,0xf2,0xee,0xf2,0xe0,0xd,0xa,0xed,0xe8,0xea,0xf7,0xe5,
  0xec,0xed,0xee,0xf1,0xf2,0xfc,0xd,0xa,0xed,0xee,0xf0,0xe2,0xe5,0xe6,0xe5,0xf6,
  0xd,0xa,0xee,0xe1,0xe5,0xe4,0xed,0xff,0xd,0xa,0xee,0xe1,0xeb,0xe5,0xf2,0xd,
  0xa,0xee,0xe1,0xf0,0xee,0xea,0xd,0xa,0xee,0xe2,0xee,0xe4,0xd,0xa,0xee,0xea,
  0xf3,0xed,0xe5,0xea,0xd,0xa,0xee,0xeb,0xe8,0xe2,0xfc,0xe5,0xd,0xa,0xee,0xec,
  0xee,0xe2,0xe5,0xed,0xe8,0xe5,0xd,0xa,0xee,0xf0,0xe3,0xe0,0xed,0xe8,0xe7,0xee,
  0xe2,0xe0,0xed,0xed,0xee,0xf1,0xf2,0xfc,0xd,0xa,0xee,0xf0,0xe3,0xf2,0xe5,0xf5,
  0xed,0xe8,0xea,0xe0,0xd,0xa,0xee,0xf0,0xeb,0xe5,0xed,0xee,0xea,0xd,0xa,0xee,
  0xf1,0xed,0xee,0xe2,0xe0,0xf2,0xe5,0xeb,0xfc,0xed,0xee,0xf1,0xf2,0xfc,0xd,0xa,
  0xee,0xf2,0xe4,0xee,0xf5,0xed,0xee,0xe2,0xe5,0xed,0xe8,0xe5,0xd,0xa,0xee,0xf2,
  0xea,0xe0,0xe7,0xed,0xe8,0xea,0xd,0xa,0xee,0xf2,0xeb,0xf3,0xf7,0xe5,0xed,0xe8,
  0xe5,0xd,0xa,0xee,0xf2,0xf1,0xf2,0xe0,0xe2,0xed,0xe8,0xea,0xd,0xa,0xee,0xf2,
  0xf1,0xf2,0xee,0xe9,0xed,0xe8,0xea,0xd,0xa,0xee,0xf5,0xe2,0xe0,0xf2,0xd,0xa,
  0xee,0xf7,0xe5,0xf0,0xe5,0xe4,0xed,0xe8,0xea,0xd,0xa,0xef,0xe0,0xe9,0xf9,0xe8,
  0xea,0xd,0xa,0xef,0xe0,0xed,0xee,0xe2,0xd,0xa,0xef,0xe0,0xf0,0xee,0xe2,0xee,
  0xe7,0xe8,0xea,0xd,0xa,0xef,0xe0,0xf2,0xee,0xe3,0xe5,0xed,0xe5,0xe7,0xd,0xa,
  0xef,0xe5,0xf0,0xe5,0xeb,0xfc,0xec,0xe0,0xed,0xd,0xa,0xef,0xe5,0xf0,0xe5,0xec,
  0xe5,0xed,0xea,0xe0,0xd,0xa,0xef,0xe5,0xf0,0xe5,0xf1,0xf7,0xe5,0xf2,0xd,0xa,
  0xef,0xe5,0xf0,0xe8,0xee,0xe4,0xe8,0xea,0xe0,0xd,0xa,0xef,0xe5,0xf1,0xf7,0xe0,
  0xed,0xe8,0xea,0xd,0xa,0xef,0xe5,0xf2,0xe0,0xf0,0xe4,0xe0,0xd,0xa,0xef,0xe5,
  0xf2,0xe8,0xed,0xd,0xa,0xef,0xe8,0xf2,0xf2,0xe0,0xd,0xa,0xef,0xeb,0xe5,0xec,
  0xff,0xf8,0xd,0xa,0xef,0xeb,0xe5,0xed,0xed,0xe8,0xf6,0xe0,0xd,0xa,0xef,0xeb,
  0xee,0xec,0xe1,0xe8,0xf0,0xd,0xa,0xef,0xeb,0xee,0xf1,0xea,0xee,0xe3,0xf3,0xe1,
  0xf6,0xfb,0xd,0xa,0xef,0xeb,0xee,0xf1,0xea,0xee,0xf1,0xf2,0xee,0xef,0xe8,0xe5,
  0xd,0xa,0xef,0xeb,0xff,0xf1,0xf3,0xed,0xd,0xa,0xef,0xee,0xe4,0xe1,0xee,0xf0,
  0xea,0xe0,0xd,0xa,0xef,0xee,0xe4,0xe4,0xe0,0xed,0xed,0xe0,0xff,0xd,0xa,0xef,
  0xee,0xe4,0xe7,0xe0,0xf9,0xe8,0xf2,0xed,0xfb,0xe9,0xd,0xa,0xef,0xee,0xe7,0xe2,
  0xff,0xea,0xe8,0xe2,0xe0,0xed,0xe8,0xe5,0xd,0xa,0xef,0xee,0xe7,0xee,0xf0,0xe8,
  0xf9,0xe5,0xd,0xa,0xef,0xee,0xeb,0xe8,0xe2,0xe8,0xf2,0xe0,0xec,0xe8,0xed,0xd,
  0xa,0xef,0xee,0xeb,0xe8,0xf2,0xf3,0xef,0xf0,0xe0,0xe2,0xeb,0xe5,0xed,0xe8,0xe5,
  0xd,0xa,0xef,0xee,0xeb,0xf3,0xe1,0xee,0xe3,0xd,0xa,0xef,0xee,0xec,0xe0,0xe7,
  0xee,0xea,0xd,0xa,0xef,0xee,0xec,0xe8,0xe4,0xee,0xf0,0xf7,0xe8,0xea,0xd,0xa,
  0xef,0xee,0xf2,0xe0,0xf8,0xed,0xe8,0xea,0xd,0xa,0xef,0xee,0xf7,0xe8,0xf2,0xe0,
  0xed,0xe8,0xe5,0xd,0xa,0xef,0xf0,0xe5,0xe4,0xeb,0xe5,0xe6,0xe0,0xed,0xe8,0xe5,
  0xd,0xa,0xef,0xf0,0xe8,0xe5,0xec,0xf9,0xe8,0xf6,0xe0,0xd,0xa,0xef,0xf0,0xe8,
  0xea,0xee,0xf0,0xec,0xd,0xa,0xef,0xf0,0xe8,0xec,0xe0,0xf2,0xd,0xa,0xef,0xf0,
  0xe8,0xf1,0xe5,0xe4,0xe0,0xed,0xe8,0xe5,0xd,0xa,0xef,0xf0,0xe8,0xff,0xf2,0xe8,
  0xe5,0xd,0xa,0xef,0xf0,0xee,0xe2,0xe8,0xe7,0xee,0xf0,0xd,0xa,0xef,0xf0,0xee,
  0xe6,0xe5,0xea,0xf2,0xd,0xa,0xef,0xf0,0xee,0xe7,0xe2,0xe0,0xed,0xe8,0xe5,0xd,
  0xa,0xef,0xf0,0xee,0xe8,0xe7,0xed,0xe5,0xf1,0xe5,0xed,0xe8,0xe5,0xd,0xa,0xef,
  0xf0,0xee,0xf1,0xf2,0xee,0xe9,0xd,0xa,0xef,0xf0,0xee,0xf2,0xe5,0xea,0xe0,0xed,
  0xe8,0xe5,0xd,0xa,0xef,0xf0,0xfb,0xf9,0xe8,0xea,0xd,0xa,0xef,0xf2,0xe0,0xf8,
  0xea,0xe0,0xd,0xa,0xef,0xf3,0xf2,0xe5,0xe5,0xf6,0xd,0xa,0xef,0xfb,0xeb,0xe8,
  0xf9,0xe0,0xd,0xa,0xef,0xfb,0xf0,0xe5,0xe9,0xd,0xa,0xf0,0xe0,0xe3,0xf3,0xd,
  0xa,0xf0,0xe0,0xe4,0xe8,0xee,0xf3,0xe7,0xe5,0xeb,0xd,0xa,0xf0,0xe0,0xe7,0xe3,
  0xeb,0xe0,0xf8,0xe5,0xed,0xe8,0xe5,0xd,0xa,0xf0,0xe0,0xe7,0xec,0xe5,0xed,0xd,
  0xa,0xf0,0xe0,0xe7,0xed,0xee,0xf1,0xf7,0xe8,0xea,0xd,0xa,0xf0,0xe0,0xe7,0xee,
  0xe3,0xf0,0xe5,0xe2,0xd,0xa,0xf0,0xe0,0xef,0xe8,0xf0,0xe0,0xd,0xa,0xf0,0xe0,
  0xf1,0xf5,0xe8,0xf2,0xe8,0xf2,0xe5,0xeb,0xfc,0xd,0xa,0xf0,0xe0,0xf1,0xf7,0xeb,
  0xe5,0xed,0xe5,0xed,0xe8,0xe5,0xd,0xa,0xf0,0xe0,0xf2,0xed,0xe8,0xea,0xd,0xa,
  0xf0,0xe0,0xf6,0xe8,0xee,0xed,0xe0,0xeb,0xe8,0xe7,0xec,0xd,0xa,0xf0,0xe5,0xe7,
  0xe5,0xe4,0xe0,0xd,0xa,0xf0,0xe5,0xe7,0xe5,0xf0,0xe2,0xe0,0xf6,0xe8,0xff,0xd,
  0xa,0xf0,0xe5,0xe7,0xe5,0xf0,0xe2,0xe8,0xf1,0xf2,0xd,0xa,0xf0,0xe5,0xe9,0xf2,
  0xf3,0xe7,0xfb,0xd,0xa,0xf0,0xe5,0xeb,0xff,0xf6,0xe8,0xff,0xd,0xa,0xf0,0xe5,
  0xf1,0xf2,0xee,0xf0,0xe0,0xf6,0xe8,0xff,0xd,0xa,0xf0,0xe5,0xf4,0xeb,0xe5,0xea,
  0xf2,0xee,0xf0,0xd,0xa,0xf0,0xee,0xe7,0xed,0xe8,0xf6,0xe0,0xd,0xa,0xf0,0xf3,
  0xec,0xff,0xed,0xe0,0xd,0xa,0xf0,0xf3,0xf7,0xe5,0xed,0xfc,0xea,0xe0,0xd,0xa,
  0xf0,0xfb,0xf2,0xfc,0xe5,0xd,0xa,0xf1,0xe0,0xe4,0xe4,0xf3,0xea,0xe5,0xe9,0xd,
  0xa,0xf1,0xe0,0xe4,0xee,0xe2,0xee,0xe4,0xf1,0xf2,0xe2,0xee,0xd,0xa,0xf1,0xe0,
  0xec,0xee,0xe4,0xf3,0xf0,0xd,0xa,0xf1,0xe2,0xe5,0xf0,0xeb,0xe8,0xeb,0xee,0xd,
  0xa,0xf1,0xe2,0xe5,0xf0,0xf2,0xfb,0xe2,0xe0,0xe5,0xec,0xee,0xf1,0xf2,0xfc,0xd,
  0xa,0xf1,0xe2,0xe5,0xf0,0xf5,0xf7,0xe5,0xeb,0xee,0xe2,0xe5,0xea,0xd,0xa,0xf1,
  0xe2,0xe8,0xe4,0xe0,0xed,0xfc,0xe8,0xf6,0xe5,0xd,0xa,0xf1,0xe2,0xe8,0xf1,0xf2,
  0xf3,0xeb,0xfc,0xea,0xe0,0xd,0xa,0xf1,0xe5,0xec,0xe0,0xf4,0xee,0xf0,0xd,0xa,
  0xf1,0xe5,0xf0,0xe5,0xe4,0xed,0xff,0xea,0xd,0xa,0xf1,0xe5,0xff,0xeb,0xea,0xe0,
  0xd,0xa,0xf1,0xe8,0xe2,0xf3,0xf7,0xd,0xa,0xf1,0xe8,0xed,0xe8,0xf7,0xea,0xe0,
  0xd,0xa,0xf1,0xea,0xe0,0xe7,0xee,0xf7,0xed,0xe8,0xea,0xd,0xa,0xf1,0xea,0xe0,
  0xeb,0xfc,0xef,0xd,0xa,0xf1,0xea,0xee,0xf0,0xee,0xf1,0xf8,0xe8,0xe2,0xe0,0xf2,
  0xe5,0xeb,0xfc,0xd,0xa,0xf1,0xed,0xee,0xf1,0xea,0xe0,0xd,0xa,0xf1,0xee,0xec,
  0xe1,0xf0,0xe5,0xf0,0xee,0xd,0xa,0xf1,0xee,0xef,0xf0,0xee,0xec,0xe0,0xf2,0xd,
  0xa,0xf1,0xee,0xf1,0xe5,0xe4,0xf3,0xf8,0xea,0xe0,0xd,0xa,0xf1,0xee,0xf2,0xfb,
  0xd,0xa,0xf1,0xee,0xff,0xd,0xa,0xf1,0xef,0xe0,0xf0,0xf2,0xe0,0xd,0xa,0xf1,
  0xef,0xe5,0xf6,0xee,0xe4,0xe5,0xe6,0xe4,0xe0,0xd,0xa,0xf1,0xef,0xe5,0xf6,0xef,
  0xf0,0xee,0xe5,0xea,0xf2,0xd,0xa,0xf1,0xf2,0xe0,0xf0,0xe0,0xf2,0xe5,0xeb,0xfc,
  0xed,0xee,0xf1,0xf2,0xfc,0xd,0xa,0xf1,0xf2,0xf0,0xe0,0xe4,0xe0,0xed,0xfc,0xe5,
  0xd,0xa,0xf1,0xf3,0xef,0xe5,0xf0,0xe7,0xe2,0xe5,0xe7,0xe4,0xe0,0xd,0xa,0xf1,
  0xfb,0xea,0xf2,0xfb,0xe2,0xea,0xe0,0xf0,0xd,0xa,0xf2,0xe5,0xeb,0xe5,0xf2,0xe0,
  0xe9,0xef,0xd,0xa,0xf2,0xe5,0xeb,0xe5,0xf4,0xee,0xed,0xee,0xe3,0xf0,0xe0,0xec,
  0xec,0xe0,0xd,0xa,0xf2,0xe5,0xec,0xfc,0xd,0xa,0xf2,0xe5,0xf2,0xe0,0xd,0xa,
  0xf2,0xe5,0xf2,0xe5,0xf0,0xe5,0xe2,0xd,0xa,0xf2,0xee,0xec,0xec,0xe8,0xd,0xa,
  0xf2,0xee,0xed,0xe8,0xea,0xe0,0xd,0xa,0xf2,0xee,0xf7,0xe8,0xeb,0xfc,0xf9,0xe8,
  0xea,0xd,0xa,0xf2,0xf0,0xe8,0xe5,0xf1,0xf2,0xd,0xa,0xf2,0xf3,0xed,0xe3,0xf3,
  0xf1,0xea,0xe0,0xd,0xa,0xf2,0xf3,0xed,0xe5,0xff,0xe4,0xf1,0xf2,0xe2,0xee,0xd,
  0xa,0xf2,0xff,0xef,0xea,0xe0,0xd,0xa,0xf3,0xed,0xe8,0xea,0xe0,0xeb,0xfc,0xed,
  0xee,0xf1,0xf2,0xfc,0xd,0xa,0xf3,0xf5,0xe0,0xf0,0xfc,0xd,0xa,0xf4,0xe0,0xeb,
  0xfc,0xf8,0xe8,0xe2,0xee,0xec,0xee,0xed,0xe5,0xf2,0xf7,0xe8,0xea,0xd,0xa,0xf4,
  0xe0,0xf0,0xe2,0xe0,0xf2,0xe5,0xf0,0xd,0xa,0xf4,0xe5,0xea,0xe0,0xeb,0xe8,0xff,
  0xd,0xa,0xf4,0xe8,0xe7,0xf4,0xe0,0xea,0xd,0xa,0xf4,0xe8,0xea,0xf1,0xd,0xa,
  0xf4,0xe8,0xeb,0xe0,0xe4,0xe5,0xeb,0xfc,0xf4,0xe8,0xff,0xd,0xa,0xf4,0xee,0xed,
  0xe5,0xed,0xe4,0xee,0xf1,0xea,0xee,0xef,0xd,0xa,0xf4,0xee,0xf0,0xef,0xee,0xf1,
  0xf2,0xd,0xa,0xf4,0xee,0xf2,0xee,0xe3,0xf0,0xe0,0xf4,0xe8,0xf0,0xee,0xe2,0xe0,
  0xed,0xe8,0xe5,0xd,0xa,0xf4,0xee,0xf2,0xee,0xea,0xee,0xef,0xe8,0xff,0xd,0xa,
  0xf4,0xee,0xf2,0xee,0xf0,0xee,0xe1,0xee,0xf2,0xd,0xa,0xf4,0xf0,0xe0,0xec,0xf3,
  0xe3,0xe0,0xd,0xa,0xf4,0xf3,0xf0,0xee,0xf0,0xd,0xa,0xf5,0xe0,0xeb,0xe0,0xd,
  0xa,0xf5,0xee,0xe7,0xff,0xfe,0xf8,0xea,0xe0,0xd,0xa,0xf5,0xee,0xf0,0xe0,0xeb,
  0xd,0xa,0xf5,0xf0,0xff,0xf9,0xe8,0xea,0xd,0xa,0xf6,0xe8,0xea,0xeb,0xe8,0xf7,
  0xed,0xee,0xf1,0xf2,0xfc,0xd,0xa,0xf7,0xe0,0xf0,0xee,0xe4,0xe5,0xe9,0xea,0xe0,
  0xd,0xa,0xf7,0xe0,0xf1,0xee,0xe2,0xe5,0xed,0xea,0xe0,0xd,0xa,0xf7,0xe5,0xeb,
  0xed,0xd,0xa,0xf7,0xe5,0xf0,0xea,0xe5,0xf1,0xea,0xe0,0xd,0xa,0xf7,0xe5,0xf0,
  0xf1,0xf2,0xe2,0xee,0xf1,0xf2,0xfc,0xd,0xa,0xf7,0xe8,0xe9,0xd,0xa,0xf7,0xe8,
  0xf2,0xe0,0xf2,0xe5,0xeb,0xfc,0xed,0xe8,0xf6,0xe0,0xd,0xa,0xf7,0xf0,0xe5,0xf1,
  0xeb,0xe0,0xd,0xa,0xf7,0xf2,0xe8,0xe2,0xee,0xd,0xa,0xf8,0xe0,0xed,0xf2,0xf0,
  0xe0,0xef,0xe0,0xd,0xa,0xf8,0xe5,0xf1,0xf2,0xe5,0xf0,0xed,0xff,0xd,0xa,0xf8,
  0xea,0xee,0xeb,0xff,0xf0,0xd,0xa,0xf8,0xee,0xf5,0xe8,0xed,0xe0,0xd,0xa,0xf8,
  0xef,0xe0,0xeb,0xe5,0xf0,0xe0,0xd,0xa,0xf8,0xf2,0xe0,0xe1,0xe8,0xf1,0xf2,0xd,
  0xa,0xf9,0xee,0xf0,0xf1,0xd,0xa,0xfd,0xe2,0xf4,0xe5,0xec,0xe8,0xe7,0xec,0xd,
  0xa,0xfd,0xeb,0xe5,0xea,0xf2,0xf0,0xee,0xeb,0xe8,0xe7,0xd,0xa,0xfd,0xeb,0xe5,
  0xea,0xf2,0xf0,0xee,0xf1,0xf2,0xe8,0xec,0xf3,0xeb,0xff,0xf6,0xe8,0xff,0xd,0xa,
  0xfd,0xeb,0xe5,0xea,0xf2,0xf0,0xee,0xf4,0xe8,0xeb,0xfc,0xf2,0xf0,0xd,0xa,0xfd,
  0xed,0xe5,0xf0,0xe3,0xee,0xf1,0xed,0xe0,0xe1,0xe6,0xe5,0xed,0xe8,0xe5,0xd,0xa,
  0xfd,0xf4,0xe8,0xee,0xef,0xd,0xa,0xff,0xe1,0xeb,0xee,0xed,0xfc,0xea,0xe0,0xd,
  0xa,0xff,0xea,0xf3,0xf2,0xd,0xa,0xff,0xf8,0xec,0xe0,0xd,0xa,0xe0,0xeb,0xfc,
  0xef,0xfb,0xd,0xa,0xe0,0xec,0xe5,0xf0,0xe8,0xea,0xe0,0xed,0xea,0xe0,0xd,0xa,
  0xe0,0xef,0xee,0xeb,0xeb,0xee,0xed,0xd,0xa,0xe0,0xf0,0xea,0xf2,0xe8,0xea,0xe0,
  0xd,0xa,0xe0,0xf4,0xe5,0xf0,0xe0,0xd,0xa,0xe1,0xe0,0xeb,0xe0,0xed,0xe4,0xe0,
  0xd,0xa,0xe1,0xee,0xf2,0xe2,0xe0,0xd,0xa,0xe1,0xf0,0xee,0xed,0xf5,0xe8,0xf2,
  0xd,0xa,0xe1,0xf3,0xf0,0xd,0xa,0xe2,0xeb,0xfe,0xe1,0xeb,0xe5,0xed,0xed,0xee,
  0xf1,0xf2,0xfc,0xd,0xa,0xe2,0xfb,0xea,0xf3,0xef,0xd,0xa,0xe3,0xe0,0xe4,0xfe,
  0xea,0xe0,0xd,0xa,0xe3,0xe0,0xf0,0xec,0xee,0xed,0xfc,0xd,0xa,0xe3,0xed,0xe5,
  0xf2,0xd,0xa,0xe3,0xee,0xec,0xee,0xed,0xd,0xa,0xe3,0xee,0xf0,0xe5,0xf6,0xd,
  0xa,0xe3,0xf0,0xe5,0xeb,0xea,0xe0,0xd,0xa,0xe4,0xe0,0xf7,0xed,0xe8,0xea,0xd,
  0xa,0xe6,0xe5,0xeb,0xee,0xe1,0xd,0xa,0xe7,0xe0,0xe4,0xee,0xeb,0xe6,0xe5,0xed,
  0xed,0xee,0xf1,0xf2,0xfc,0xd,0xa,0xe7,0xec,0xe5,0xe9,0xea,0xe0,0xd,0xa,0xe8,
  0xe7,0xed,0xe0,0xf1,0xe8,0xeb,0xee,0xe2,0xe0,0xed,0xe8,0xe5,0xd,0xa,0xe8,0xed,
  0xf2,0xe5,0xeb,0xeb,0xe8,0xe3,0xe5,0xed,0xf2,0xed,0xee,0xf1,0xf2,0xfc,0xd,0xa,
  0xea,0xe0,0xf2,0xe0,0xea,0xeb,0xe8,0xe7,0xec,0xd,0xa,0xea,0xe0,0xf4,0xe5,0xeb,
  0xfc,0xd,0xa,0xea,0xe8,0xed,0xe0,0xd,0xa,0xea,0xe8,0xed,0xee,0xf1,0xf2,0xf3,
  0xe4,0xe8,0xff,0xd,0xa,0xea,0xee,0xec,0xf1,0xee,0xec,0xee,0xeb,0xea,0xe0,0xd,
  0xa,0xea,0xee,0xed,0xfa,0xfe,0xed,0xea,0xf2,0xe8,0xe2,0xd,0xa,0xeb,0xee,0xea,
  0xee,0xec,0xee,0xf2,0xe8,0xe2,0xd,0xa,0xeb,0xfe,0xf2,0xe8,0xea,0xd,0xa,0xec,
  0xe5,0xed,0xe0,0xd,0xa,0xed,0xe0,0xe1,0xe5,0xe3,0xd,0xa,0xed,0xe0,0xf7,0xe8,
  0xed,0xe0,0xed,0xe8,0xe5,0xd,0xa,0xed,0xe5,0xe4,0xf0,0xf3,0xe3,0xd,0xa,0xed,
  0xe5,0xf1,0xee,0xe2,0xe5,0xf0,0xf8,0xe5,0xed,0xf1,0xf2,0xe2,0xee,0xd,0xa,0xee,
  0xe1,0xf8,0xe8,0xe2,0xea,0xe0,0xd,0xa,0xee,0xe4,0xe8,0xf1,0xf1,0xe5,0xff,0xd,
  0xa,0xee,0xf2,0xf0,0xfb,0xe2,0xd,0xa,0xef,0xe0,0xe2,0xe8,0xe0,0xed,0xd,0xa,
  0xef,0xe0,0xf0,0xff,0xd,0xa,0xef,0xe5,0xf0,0xe5,0xe1,0xee,0xf0,0xd,0xa,0xef,
  0xeb,0xee,0xe2,0xe5,0xf6,0xd,0xa,0xef,0xee,0xeb,0xf3,0xf2,0xee,0xf0,0xea,0xe0,
  0xd,0xa,0xef,0xee,0xf0,0xf3,0xf7,0xe5,0xed,0xfc,0xd,0xa,0xef,0xee,0xf1,0xe2,
  0xff,0xf9,0xe5,0xed,0xe8,0xe5,0xd,0xa,0xef,0xf0,0xe5,0xec,0xf3,0xe4,0xf0,0xee,
  0xf1,0xf2,0xfc,0xd,0xa,0xef,0xf0,0xe8,0xec,0xee,0xf7,0xea,0xe0,0xd,0xa,0xef,
  0xf0,0xee,0xe4,0xe5,0xeb,0xea,0xe0,0xd,0xa,0xef,0xf0,0xee,0xea,0xeb,0xe0,0xe4,
  0xea,0xe0,0xd,0xa,0xef,0xf0,0xee,0xf5,0xee,0xe6,0xe8,0xe9,0xd,0xa,0xef,0xf0,
  0xee,0xf6,0xe2,0xe5,0xf2,0xe0,0xed,0xe8,0xe5,0xd,0xa,0xef,0xf0,0xee,0xf7,0xf2,
  0xe5,0xed,0xe8,0xe5,0xd,0xa,0xef,0xf0,0xee,0xf8,0xe5,0xf1,0xf2,0xe2,0xe8,0xe5,
  0xd,0xa,0xf0,0xe0,0xe7,0xe4,0xe0,0xf7,0xe0,0xd,0xa,0xf0,0xe0,0xf1,0xef,0xee,
  0xf0,0xff,0xe4,0xe8,0xf2,0xe5,0xeb,0xfc,0xd,0xa,0xf0,0xe0,0xf4,0xe8,0xea,0xd,
  0xa,0xf0,0xe5,0xe9,0xf2,0xe8,0xed,0xe3,0xd,0xa,0xf0,0xe5,0xf1,0xf2,0xe0,0xe2,
  0xf0,0xe0,0xf6,0xe8,0xff,0xd,0xa,0xf0,0xfb,0xe1,0xe8,0xed,0xe0,0xd,0xa,0xf0,
  0xfd,0xea,0xe5,0xf2,0xe8,0xf0,0xd,0xa,0xf1,0xee,0xe1,0xe0,0xf7,0xee,0xed,0xee,
  0xea,0xd,0xa,0xf1,0xef,0xe5,0xf6,0xee,0xe2,0xea,0xe0,0xd,0xa,0xf1,0xf3,0xf8,
  0xe0,0xd,0xa,0xf2,0xe0,0xec,0xe0,0xe4,0xe0,0xd,0xa,0xf2,0xe5,0xf0,0xec,0xee,
  0xec,0xe5,0xf2,0xf0,0xd,0xa,0xf2,0xee,0xe2,0xe0,0xf0,0xe8,0xf9,0xe5,0xf1,0xf2,
  0xe2,0xee,0xd,0xa,0xf2,0xff,0xe3,0xee,0xf2,0xe0,0xd,0xa,0xf3,0xe4,0xe8,0xeb,
  0xe8,0xf9,0xe5,0xd,0xa,0xf3,0xef,0xee,0xe5,0xed,0xe8,0xe5,0xd,0xa,0xf5,0xe0,
  0xeb,0xf2,0xf3,0xf0,0xe0,0xd,0xa,0xf5,0xe0,0xf0,0xf0,0xe8,0xf1,0xd,0xa,0xf5,
  0xee,0xe4,0xe0,0xf2,0xe0,0xe9,0xf1,0xf2,0xe2,0xee,0xd,0xa,0xf7,0xe5,0xeb,0xea,
  0xe0,0xd,0xa,0xf9,0xe8,0xef,0xe5,0xf6,0xd,0xa,0xfd,0xf1,0xf2,0xee,0xed,0xe5,
  0xf6,0xd,0xa,0xe0,0xf0,0xe5,0xf1,0xf2,0xe0,0xed,0xf2,0xd,0xa,0xe1,0xe0,0xeb,
  0xeb,0xd,0xa,0xe1,0xf3,0xf0,0xea,0xe0,0xd,0xa,0xe2,0xe0,0xeb,0xfc,0xf1,0xd,
  0xa,0xe2,0xe8,0xeb,0xea,0xe0,0xd,0xa,0xe3,0xe0,0xec,0xec,0xe0,0xd,0xa,0xe4,
  0xe0,0xec,0xee,0xf7,0xea,0xe0,0xd,0xa,0xea,0xee,0xed,0xf1,0xf3,0xeb,0xfc,0xf2,
  0xe0,0xed,0xf2,0xd,0xa,0xea,0xf0,0xe0,0xe1,0xd,0xa,0xea,0xf0,0xf3,0xe6,0xe5,
  0xe2,0xee,0xd,0xa,0xeb,0xff,0xeb,0xfc,0xea,0xe0,0xd,0xa,0xec,0xe0,0xe3,0xe8,
  0xf1,0xf2,0xf0,0xd,0xa,0xec,0xe0,0xe9,0xed,0xe0,0xd,0xa,0xec,0xe0,0xf0,0xf1,
  0xe8,0xe0,0xed,0xe8,0xed,0xd,0xa,0xec,0xf3,0xf0,0xe0,0xe2,0xe5,0xe9,0xed,0xe8,
  0xea,0xd,0xa,0xed,0xe0,0xf3,0xf8,0xed,0xe8,0xea,0xd,0xa,0xee,0xe1,0xe8,0xe4,
  0xf7,0xe8,0xea,0xd,0xa,0xef,0xee,0xea,0xe0,0xe7,0xd,0xa,0xf0,0xe5,0xf4,0xee,
  0xf0,0xec,0xe0,0xf2,0xee,0xf0,0xd,0xa,0xf0,0xee,0xe4,0xf1,0xf2,0xe2,0xee,0xd,
  0xa,0xf0,0xf2,0xf3,0xf2,0xfc,0xd,0xa,0xf1,0xe0,0xed,0xe4,0xe0,0xeb,0xe8,0xff,
  0xd,0xa,0xf6,0xe5,0xeb,0xe8,0xed,0xe0,0xd,0xa,0xe0,0xf4,0xe8,0xf8,0xe0,0xd,
  0xa,0xe3,0xf0,0xff,0xe4,0xea,0xe0,0xd,0xa,0xe4,0xe5,0xef,0xe0,0xf0,0xf2,0xe0,
  0xec,0xe5,0xed,0xf2,0xd,0xa,0xe4,0xe8,0xe0,0xef,0xe0,0xe7,0xee,0xed,0xd,0xa,
  0xec,0xe8,0xeb,0xeb,0xe8,0xee,0xed,0xe5,0xf0,0xd,0xa,0xed,0xe0,0xf0,0xf3,0xf7,
  0xed,0xe8,0xea,0xd,0xa,0xef,0xe5,0xe4,0xe0,0xeb,0xfc,0xd,0xa,0xef,0xe5,0xf0,
  0xe5,0xef,0xeb,0xe5,0xf2,0xd,0xa,0xf0,0xe0,0xe7,0xee,0xea,0xd,0xa,0xf1,0xf2,
  0xf0,0xee,0xe3,0xee,0xf1,0xf2,0xfc,0xd,0xa,0xf2,0xe0,0xe9,0xe2,0xe0,0xed,0xfc,
  0xd,0xa,0xf8,0xe5,0xf1,0xf2,0xe5,0xf0,0xea,0xe0,0xd,0xa,0xfd,0xe2,0xe0,0xea,
  0xf3,0xe0,0xf6,0xe8,0xff,0xd,0xa,0xe1,0xe0,0xeb,0xea,0xe0,0xd,0xa,0xe1,0xe5,
  0xe3,0xeb,0xe5,0xf6,0xd,0xa,0xe1,0xe8,0xed,0xf2,0xd,0xa,0xe1,0xeb,0xe8,0xed,
  0xe4,0xe0,0xe6,0xd,0xa,0xe1,0xee,0xf0,0xee,0xe4,0xea,0xe0,0xd,0xa,0xe2,0xe5,
  0xf8,0xe0,0xeb,0xea,0xe0,0xd,0xa,0xe3,0xe5,0xf0,0xee,0xe8,0xed,0xff,0xd,0xa,
  0xea,0xf0,0xe0,0xe6,0xe0,0xd,0xa,0xeb,0xe8,0xf8,0xe5,0xed,0xe8,0xe5,0xd,0xa,
  0xec,0xe5,0xe4,0xfc,0xd,0xa,0xec,0xe5,0xf5,0xe0,0xed,0xe8,0xea,0xd,0xa,0xef,
  0xe5,0xf0,0xe5,0xe5,0xe7,0xe4,0xd,0xa,0xf1,0xee,0xee,0xf2,0xe5,0xf7,0xe5,0xf1,
  0xf2,0xe2,0xe5,0xed,0xed,0xe8,0xea,0xd,0xa,0xf1,0xee,0xf1,0xe5,0xe4,0xf1,0xf2,
  0xe2,0xee,0xd,0xa,0xf2,0xf0,0xee,0xf1,0xd,0xa,0xff,0xe4,0xf0,0xee,0xd,0xa,
  0xe2,0xe5,0xf0,0xe1,0xeb,0xfe,0xe4,0xd,0xa,0xe2,0xe5,0xf1,0xf2,0xe8,0xe1,0xfe,
  0xeb,0xfc,0xd,0xa,0xe2,0xe8,0xf2,0xe0,0xec,0xe8,0xed,0xd,0xa,0xe2,0xeb,0xe0,
  0xe4,0xfb,0xea,0xe0,0xd,0xa,0xe3,0xee,0xeb,0xf3,0xe1,0xfc,0xd,0xa,0xe5,0xe4,
  0xe8,0xed,0xf1,0xf2,0xe2,0xee,0xd,0xa,0xea,0xeb,0xe8,0xec,0xe0,0xf2,0xd,0xa,
  0xea,0xf3,0xf0,0xee,0xf0,0xf2,0xd,0xa,0xeb,0xe0,0xe3,0xf3,0xed,0xe0,0xd,0xa,
  0xeb,0xfe,0xe1,0xee,0xe2,0xed,0xe8,0xf6,0xe0,0xd,0xa,0xec,0xfb,0xf8,0xeb,0xe5,
  0xed,0xe8,0xe5,0xd,0xa,0xed,0xee,0xe2,0xe8,0xea,0xd,0xa,0xf1,0xf2,0xee,0xf0,
  0xee,0xe6,0xe0,0xd,0xa,0xf3,0xef,0xf0,0xe5,0xea,0xd,0xa,0xf6,0xe8,0xf2,0xe0,
  0xf2,0xe0,0xd,0xa,0xf7,0xe5,0xf0,0xe4,0xe0,0xea,0xd,0xa,0xf8,0xf2,0xf3,0xf7,
  0xea,0xe0,0xd,0xa,0xe0,0xf3,0xe4,0xe8,0xf2,0xee,0xf0,0xe8,0xff,0xd,0xa,0xe6,
  0xe0,0xed,0xf0,0xd,0xa,0xee,0xf0,0xe5,0xf5,0xd,0xa,0xef,0xee,0xe1,0xe5,0xf0,
  0xe5,0xe6,0xfc,0xe5,0xd,0xa,0xfd,0xea,0xe7,0xe5,0xec,0xef,0xeb,0xff,0xf0,0xd,
  0xa,0xe1,0xf3,0xe4,0xea,0xe0,0xd,0xa,0xe2,0xee,0xe7,0xe1,0xf3,0xe6,0xe4,0xe5,
  0xed,0xe8,0xe5,0xd,0xa,0xe7,0xe0,0xf1,0xeb,0xf3,0xe3,0xe0,0xd,0xa,0xec,0xe0,
  0xeb,0xfb,0xe9,0xd,0xa,0xee,0xe1,0xeb,0xee,0xec,0xee,0xea,0xd,0xa,0xe3,0xee,
  0xeb,0xee,0xe2,0xea,0xe0,0xd,0xa,0xe4,0xe5,0xf0,0xfc,0xec,0xee,0xd,0xa,0xe7,
  0xe0,0xea,0xe0,0xf2,0xd,0xa,0xf0,0xe0,0xe7,0xf0,0xff,0xe4,0xd,0xa,0xe4,0xee,
  0xe1,0xfb,0xf7,0xe0,0xd,0xa,0xf2,0xf0,0xf3,0xe4,0xed,0xee,0xf1,0xf2,0xfc,0xd,
  0xa,0xe2,0xe8,0xe7,0xe8,0xf2,0xd,0xa,0xe4,0xfb,0xf0,0xe0,0xd,0xa,0xee,0xf0,
  0xea,0xe5,0xf1,0xf2,0xf0,0xd,0xa,0xe0,0xe7,0xd,0xa,0xe0,0xea,0xf0,0xee,0xe1,
  0xe0,0xf2,0xd,0xa,0xe0,0xeb,0xe3,0xe5,0xe1,0xf0,0xe0,0xd,0xa,0xe0,0xf0,0xea,
  0xe0,0xed,0xd,0xa,0xe0,0xf2,0xf0,0xee,0xef,0xe8,0xed,0xd,0xa,0xe1,0xe0,0xf0,
  0xf5,0xe0,0xed,0xd,0xa,0xe1,0xf0,0xe8,0xe4,0xe6,0xd,0xa,0xe1,0xf0,0xee,0xed,
  0xe5,0xe6,0xe8,0xeb,0xe5,0xf2,0xd,0xa,0xe1,0xf0,0xee,0xed,0xe5,0xed,0xee,0xf1,
  0xe5,0xf6,0xd,0xa,0xe1,0xf3,0xeb,0xe0,0xf2,0xd,0xa,0xe2,0xe7,0xe0,0xe8,0xec,
  0xee,0xf1,0xe2,0xff,0xe7,0xfc,0xd,0xa,0xe2,0xee,0xeb,0xee,0xed,0xf2,0xe5,0xf0,
  0xd,0xa,0xe2,0xf0,0xe0,0xf2,0xe0,0xf0,0xfc,0xd,0xa,0xe2,0xfb,0xf5,0xeb,0xee,
  0xef,0xd,0xa,0xe4,0xe0,0xec,0xea,0xe0,0xd,0xa,0xe4,0xe5,0xeb,0xe8,0xf8,0xea,
  0xe8,0xd,0xa,0xe4,0xe8,0xe0,0xeb,0xe5,0xea,0xf2,0xe8,0xea,0xd,0xa,0xe4,0xee,
  0xeb,0xfc,0xea,0xe0,0xd,0xa,0xe4,0xee,0xf1,0xec,0xee,0xf2,0xf0,0xd,0xa,0xe4,
  0xf3,0xed,0xee,0xe2,0xe5,0xed,0xe8,0xe5,0xd,0xa,0xe5,0xe4,0xe8,0xed,0xe5,0xed,
  0xe8,0xe5,0xd,0xa,0xe7,0xe0,0xe2,0xe0,0xeb,0xe8,0xed,0xea,0xe0,0xd,0xa,0xe7,
  0xe0,0xe2,0xe5,0xf0,0xe5,0xed,0xe8,0xe5,0xd,0xa,0xe7,0xe0,0xe6,0xe8,0xec,0xd,
  0xa,0xe7,0xe0,0xea,0xee,0xed,0xed,0xe8,0xea,0xd,0xa,0xe7,0xe4,0xee,0xf0,0xee,
  0xe2,0xff,0xea,0xd,0xa,0xe7,0xe8,0xeb,0xd,0xa,0xe8,0xed,0xe2,0xe0,0xeb,0xe8,
  0xe4,0xed,0xee,0xf1,0xf2,0xfc,0xd,0xa,0xe8,0xf0,0xec,0xe0,0xd,0xa,0xea,0xeb,
  0xf3,0xe1,0xed,0xe8,0xea,0xe0,0xd,0xa,0xea,0xee,0xe2,0xf8,0xe8,0xea,0xd,0xa,
  0xea,0xee,0xf1,0xf3,0xeb,0xff,0xd,0xa,0xea,0xee,0xf4,0xe5,0xe9,0xed,0xff,0xd,
  0xa,0xea,0xf0,0xf3,0xe3,0xeb,0xee,0xe2,0xe0,0xd,0xa,0xea,0xf3,0xf0,0xee,0xef,
  0xe0,0xf2,0xea,0xe0,0xd,0xa,0xea,0xf3,0xf5,0xee,0xed,0xfc,0xea,0xe0,0xd,0xa,
  0xea,0xf3,0xf8,0xe0,0xed,0xfc,0xe5,0xd,0xa,0xeb,0xe8,0xf0,0xe8,0xea,0xe0,0xd,
  0xa,0xeb,0xe8,0xf5,0xe2,0xe0,0xd,0xa,0xec,0xe0,0xea,0xf3,0xeb,0xe0,0xf2,0xf3,
  0xf0,0xe0,0xd,0xa,0xec,0xe0,0xeb,0xff,0xf0,0xd,0xa,0xec,0xe0,0xed,0xe4,0xe0,
  0xf0,0xe8,0xed,0xd,0xa,0xec,0xe0,0xed,0xee,0xea,0xd,0xa,0xec,0xe0,0xf1,0xeb,
  0xe8,0xed,0xe0,0xd,0xa,0xec,0xe5,0xf9,0xe0,0xed,0xf1,0xf2,0xe2,0xee,0xd,0xa,
  0xec,0xe5,0xf9,0xe5,0xf0,0xff,0xea,0xd,0xa,0xec,0xee,0xe7,0xe4,0xee,0xea,0xd,
  0xa,0xec,0xee,0xeb,0xee,0xf7,0xea,0xee,0xd,0xa,0xec,0xee,0xed,0xe0,0xf0,0xf5,
  0xd,0xa,0xec,0xee,0xf7,0xe0,0xeb,0xea,0xe0,0xd,0xa,0xec,0xf3,0xf0,0xe0,0xe2,
  0xeb,0xe5,0xe2,0xd,0xa,0xed,0xe0,0xf0,0xea,0xee,0xec,0xe0,0xed,0xe8,0xff,0xd,
  0xa,0xed,0xe5,0xef,0xf0,0xee,0xf5,0xee,0xe4,0xe8,0xec,0xee,0xf1,0xf2,0xfc,0xd,
  0xa,0xee,0xe1,0xee,0xe6,0xe0,0xed,0xe8,0xe5,0xd,0xa,0xee,0xe4,0xed,0xee,0xea,
  0xf3,0xf0,0xf1,0xed,0xe8,0xea,0xd,0xa,0xef,0xe0,0xed,0xe8,0xf5,0xe8,0xe4,0xe0,
  0xd,0xa,0xef,0xee,0xe4,0xd,0xa,0xef,0xee,0xec,0xe5,0xf2,0xe0,0xd,0xa,0xef,
  0xee,0xf1,0xee,0xe1,0xed,0xe8,0xea,0xd,0xa,0xef,0xee,0xf3,0xf7,0xe5,0xed,0xe8,
  0xe5,0xd,0xa,0xef,0xf0,0xe5,0xe4,0xef,0xf0,0xe8,0xed,0xe8,0xec,0xe0,0xf2,0xe5,
  0xeb,0xfc,0xf1,0xf2,0xe2,0xee,0xd,0xa,0xef,0xf0,0xe5,0xef,0xee,0xe4,0xe0,0xe2,
  0xe0,0xed,0xe8,0xe5,0xd,0xa,0xef,0xf0,0xe8,0xe4,0xe0,0xf2,0xee,0xea,0xd,0xa,
  0xef,0xf0,0xe8,0xe5,0xe7,0xe6,0xe8,0xe9,0xd,0xa,0xef,0xf0,0xee,0xe3,0xf0,0xe0,
  0xec,0xec,0xe8,0xf0,0xee,0xe2,0xe0,0xed,0xe8,0xe5,0xd,0xa,0xef,0xf0,0xee,0xf2,
  0xe8,0xe2,0xee,0xef,0xee,0xea,0xe0,0xe7,0xe0,0xed,0xe8,0xe5,0xd,0xa,0xef,0xf3,
  0xed,0xea,0xf6,0xe8,0xff,0xd,0xa,0xf0,0xe0,0xe7,0xe4,0xe2,0xee,0xe5,0xed,0xe8,
  0xe5,0xd,0xa,0xf0,0xe5,0xe2,0xe0,0xed,0xf8,0xd,0xa,0xf0,0xee,0xe6,0xee,0xed,
  0xd,0xa,0xf0,0xee,0xef,0xee,0xf2,0xd,0xa,0xf0,0xf3,0xe4,0xee,0xea,0xee,0xef,
  0xd,0xa,0xf1,0xe0,0xec,0xee,0xe7,0xe0,0xf9,0xe8,0xf2,0xe0,0xd,0xa,0xf1,0xe0,
  0xec,0xee,0xee,0xe1,0xeb,0xe0,0xe4,0xe0,0xed,0xe8,0xe5,0xd,0xa,0xf1,0xe5,0xed,
  0xf2,0xe5,0xed,0xf6,0xe8,0xff,0xd,0xa,0xf1,0xe5,0xf0,0xe4,0xe5,0xf7,0xea,0xee,
  0xd,0xa,0xf1,0xeb,0xe5,0xe7,0xe8,0xed,0xea,0xe0,0xd,0xa,0xf1,0xef,0xee,0xf0,
  0xf2,0xe7,0xe0,0xeb,0xd,0xa,0xf1,0xf2,0xf0,0xe5,0xec,0xff,0xed,0xea,0xe0,0xd,
  0xa,0xf1,0xf2,0xf0,0xe8,0xf2,0xd,0xa,0xf1,0xf3,0xf1,0xeb,0xe8,0xea,0xd,0xa,
  0xf1,0xfa,0xe5,0xec,0xd,0xa,0xf1,0xfb,0xf0,0xee,0xe5,0xe6,0xea,0xe0,0xd,0xa,
  0xf2,0xe5,0xf2,0xe5,0xed,0xfc,0xea,0xe0,0xd,0xa,0xf2,0xee,0xe3,0xe0,0xd,0xa,
  0xf2,0xee,0xeb,0xf1,0xf2,0xff,0xf7,0xee,0xea,0xd,0xa,0xf2,0xf0,0xe5,0xeb,0xfc,
  0xd,0xa,0xf3,0xec,0xee,0xe7,0xe0,0xea,0xeb,0xfe,0xf7,0xe5,0xed,0xe8,0xe5,0xd,
  0xa,0xf3,0xef,0xeb,0xee,0xf2,0xed,0xe5,0xed,0xe8,0xe5,0xd,0xa,0xf3,0xf2,0xe2,
  0xe0,0xf0,0xfc,0xd,0xa,0xf3,0xf2,0xee,0xec,0xeb,0xff,0xe5,0xec,0xee,0xf1,0xf2,
  0xfc,0xd,0xa,0xf4,0xe0,0xf0,0xf8,0xd,0xa,0xf4,0xee,0xf0,0xf3,0xec,0xd,0xa,
  0xf7,0xe5,0xeb,0xed,0xee,0xea,0xd,0xa,0xf7,0xe5,0xf0,0xf2,0xee,0xef,0xee,0xeb,
  0xee,0xf5,0xd,0xa,0xf7,0xe5,0xf5,0xe8,0xff,0xd,0xa,0xf8,0xe5,0xf1,0xf2,0xe5,
  0xf0,0xe8,0xea,0xd,0xa,0xf8,0xe8,0xf0,0xe8,0xed,0xea,0xe0,0xd,0xa,0xf8,0xea,
  0xe0,0xeb,0xe8,0xea,0xd,0xa,0xfd,0xea,0xf1,0xf2,0xf0,0xe0,0xea,0xf2,0xd,0xa,
  0xfd,0xed,0xe5,0xf0,0xe3,0xe5,0xf2,0xe8,0xea,0xd,0xa,0xfd,0xf4,0xe5,0xf1,0xd,
  0xa,0xe1,0xeb,0xe0,0xe3,0xee,0xf1,0xee,0xf1,0xf2,0xee,0xff,0xed,0xe8,0xe5,0xd,
  0xa,0xe2,0xe2,0xf1,0xd,0xa,0xe3,0xe5,0xed,0xf1,0xe5,0xea,0xd,0xa,0xe3,0xe5,
  0xed,0xf8,0xf2,0xe0,0xe1,0xd,0xa,0xe3,0xe5,0xf0,0xee,0xe8,0xe7,0xec,0xd,0xa,
  0xe8,0xed,0xf4,0xeb,0xff,0xf6,0xe8,0xff,0xd,0xa,0xea,0xe0,0xed,0xe0,0xe2,0xea,
  0xe0,0xd,0xa,0xea,0xe0,0xf7,0xea,0xe0,0xd,0xa,0xea,0xe5,0xeb,0xfc,0xff,0xd,
  0xa,0xea,0xe8,0xeb,0xee,0xd,0xa,0xea,0xee,0xec,0xe1,0xf0,0xe8,0xe3,0xd,0xa,
  0xea,0xee,0xed,0xe4,0xe0,0xea,0xd,0xa,0xeb,0xee,0xec,0xf2,0xe8,0xea,0xd,0xa,
  0xeb,0xee,0xf2,0xe5,0xf0,0xe5,0xff,0xd,0xa,0xec,0xe0,0xed,0xe8,0xef,0xf3,0xeb,
  0xff,0xf6,0xe8,0xff,0xd,0xa,0xec,0xe5,0xe4,0xe8,0xea,0xe0,0xec,0xe5,0xed,0xf2,
  0xd,0xa,0xec,0xee,0xeb,0xfc,0xe1,0xe0,0xd,0xa,0xec,0xf3,0xf0,0xe0,0xd,0xa,
  0xec,0xff,0xf7,0xe8,0xea,0xd,0xa,0xed,0xe0,0xf1,0xeb,0xe5,0xe4,0xe8,0xe5,0xd,
  0xa,0xed,0xe0,0xf1,0xee,0xf1,0xd,0xa,0xee,0xea,0xf0,0xe8,0xea,0xd,0xa,0xee,
  0xf1,0xe0,0xe4,0xee,0xea,0xd,0xa,0xee,0xf8,0xe5,0xe9,0xed,0xe8,0xea,0xd,0xa,
  0xef,0xe0,0xe2,0xeb,0xe8,0xed,0xd,0xa,0xef,0xe8,0xf2,0xee,0xed,0xd,0xa,0xf0,
  0xe2,0xe5,0xed,0xe8,0xe5,0xd,0xa,0xf1,0xe2,0xe5,0xf2,0xe8,0xeb,0xfc,0xed,0xe8,
  0xea,0xd,0xa,0xf1,0xe8,0xed,0xfc,0xee,0xf0,0xe0,0xd,0xa,0xf1,0xf2,0xe0,0xf2,
  0xfc,0xd,0xa,0xf1,0xf2,0xfe,0xe0,0xf0,0xe4,0xe5,0xf1,0xf1,0xe0,0xd,0xa,0xf2,
  0xe0,0xec,0xee,0xe6,0xe5,0xed,0xed,0xe8,0xea,0xd,0xa,0xf2,0xee,0xed,0xf3,0xf1,
  0xd,0xa,0xf7,0xe5,0xf0,0xe5,0xe4,0xd,0xa,0xf8,0xf2,0xf3,0xf0,0xe2,0xe0,0xeb,
  0xd,0xa,0xe0,0xe2,0xe0,0xed,0xf1,0xd,0xa,0xe0,0xe2,0xf2,0xee,0xec,0xe0,0xf8,
  0xe8,0xed,0xe0,0xd,0xa,0xe1,0xe0,0xe1,0xf3,0xf1,0xff,0xd,0xa,0xe2,0xe5,0xe7,
  0xe4,0xe5,0xf5,0xee,0xe4,0xd,0xa,0xe2,0xfb,0xf1,0xf2,0xf3,0xef,0xd,0xa,0xe4,
  0xee,0xf1,0xef,0xe5,0xf5,0xd,0xa,0xe4,0xf3,0xe1,0xe8,0xed,0xea,0xe0,0xd,0xa,
  0xe7,0xe5,0xea,0xd,0xa,0xe8,0xe7,0xe3,0xee,0xeb,0xee,0xe2,0xfc,0xe5,0xd,0xa,
  0xe8,0xe7,0xeb,0xf3,0xf7,0xe5,0xed,0xe8,0xe5,0xd,0xa,0xe8,0xed,0xf2,0xee,0xea,
  0xf1,0xe8,0xea,0xe0,0xf6,0xe8,0xff,0xd,0xa,0xea,0xee,0xec,0xef,0xeb,0xe8,0xec,
  0xe5,0xed,0xf2,0xd,0xa,0xea,0xf3,0xf1,0xf2,0xe8,0xea,0xd,0xa,0xed,0xff,0xed,
  0xfc,0xea,0xe0,0xd,0xa,0xee,0xf2,0xe7,0xfb,0xe2,0xd,0xa,0xef,0xee,0xea,0xf0,
  0xfb,0xf2,0xe8,0xe5,0xd,0xa,0xef,0xf0,0xe5,0xea,0xf0,0xe0,0xf9,0xe5,0xed,0xe8,
  0xe5,0xd,0xa,0xf0,0xfb,0xea,0xd,0xa,0xf1,0xee,0xf1,0xe8,0xf1,0xea,0xe0,0xd,
  0xa,0xf2,0xf0,0xfe,0xec,0xd,0xa,0xf5,0xee,0xe4,0xfc,0xe1,0xe0,0xd,0xa,0xf8,
  0xe5,0xeb,0xe5,0xf1,0xf2,0xd,0xa,0xfd,0xea,0xf1,0xea,0xf3,0xf0,0xf1,0xee,0xe2,
  0xee,0xe4,0xd,0xa,0xe1,0xe5,0xf0,0xe5,0xe7,0xea,0xe0,0xd,0xa,0xe2,0xe8,0xed,
  0xee,0xe3,0xf0,0xe0,0xe4,0xd,0xa,0xea,0xe0,0xe9,0xf4,0xd,0xa,0xea,0xe8,0xed,
  0xee,0xf2,0xe5,0xe0,0xf2,0xf0,0xd,0xa,0xea,0xee,0xec,0xd,0xa,0xea,0xee,0xec,
  0xec,0xe5,0xf0,0xf1,0xe0,0xed,0xf2,0xd,0xa,0xec,0xe0,0xed,0xfc,0xff,0xea,0xd,
  0xa,0xef,0xf0,0xee,0xf5,0xeb,0xe0,0xe4,0xe0,0xd,0xa,0xf0,0xf3,0xf1,0xeb,0xee,
  0xd,0xa,0xf1,0xef,0xe0,0xf1,0xe8,0xf2,0xe5,0xeb,0xfc,0xd,0xa,0xf1,0xef,0xf0,
  0xe0,0xe2,0xee,0xf7,0xed,0xe8,0xea,0xd,0xa,0xf2,0xe0,0xf0,0xe0,0xea,0xe0,0xed,
  0xd,0xa,0xf7,0xe0,0xe9,0xea,0xe0,0xd,0xa,0xf7,0xe5,0xf2,0xe2,0xe5,0xf0,0xe3,
  0xd,0xa,0xf8,0xe0,0xf5,0xd,0xa,0xfd,0xea,0xf1,0xd,0xa,0xe0,0xe1,0xe0,0xeb,
  0xea,0xe8,0xed,0xd,0xa,0xe3,0xe8,0xe3,0xe0,0xed,0xf2,0xd,0xa,0xea,0xe0,0xe1,
  0xe0,0xed,0xd,0xa,0xea,0xee,0xed,0xf1,0xf2,0xe8,0xf2,0xf3,0xf6,0xe8,0xff,0xd,
  0xa,0xeb,0xe0,0xe4,0xee,0xf8,0xea,0xe0,0xd,0xa,0xed,0xe0,0xe4,0xee,0xe1,0xed,
  0xee,0xf1,0xf2,0xfc,0xd,0xa,0xef,0xe5,0xf0,0xe5,0xe3,0xee,0xf0,0xee,0xe4,0xea,
  0xe0,0xd,0xa,0xf3,0xeb,0xee,0xf7,0xea,0xe0,0xd,0xa,0xf5,0xe8,0xf2,0xf0,0xee,
  0xf1,0xf2,0xfc,0xd,0xa,0xe3,0xf0,0xf3,0xf1,0xf2,0xfc,0xd,0xa,0xe4,0xe8,0xf1,
  0xf6,0xe8,0xef,0xeb,0xe8,0xed,0xe0,0xd,0xa,0xeb,0xe0,0xe9,0xd,0xa,0xeb,0xe5,
  0xe7,0xe2,0xe8,0xe5,0xd,0xa,0xed,0xee,0xf2,0xe0,0xd,0xa,0xf0,0xe0,0xe7,0xe4,
  0xf3,0xec,0xfc,0xe5,0xd,0xa,0xf0,0xe0,0xf6,0xe8,0xff,0xd,0xa,0xf0,0xe5,0xef,
  0xeb,0xe8,0xea,0xe0,0xd,0xa,0xf6,0xfb,0xef,0xee,0xf7,0xea,0xe8,0xd,0xa,0xe4,
  0xf0,0xee,0xe6,0xfc,0xd,0xa,0xee,0xe1,0xf1,0xf3,0xe6,0xe4,0xe5,0xed,0xe8,0xe5,
  0xd,0xa,0xef,0xee,0xf1,0xf2,0xe0,0xed,0xee,0xe2,0xeb,0xe5,0xed,0xe8,0xe5,0xd,
  0xa,0xe3,0xf0,0xe0,0xe4,0xf3,0xf1,0xd,0xa,0xee,0xf1,0xeb,0xee,0xe6,0xed,0xe5,
  0xed,0xe8,0xe5,0xd,0xa,0xf2,0xe5,0xeb,0xe5,0xe3,0xe0,0xd,0xa,0xe2,0xe5,0xf1,
  0xeb,0xee,0xd,0xa,0xe6,0xe5,0xeb,0xe0,0xfe,0xf9,0xe8,0xe9,0xd,0xa,0xec,0xf3,
  0xf1,0xee,0xf0,0xd,0xa,0xef,0xeb,0xe5,0xec,0xff,0xd,0xa,0xef,0xee,0xe4,0xf5,
  0xee,0xe4,0xd,0xa,0xef,0xf0,0xe5,0xef,0xee,0xe4,0xe0,0xe2,0xe0,0xf2,0xe5,0xeb,
  0xfc,0xd,0xa,0xfd,0xef,0xe8,0xe7,0xee,0xe4,0xd,0xa,0xf5,0xee,0xf0,0xd,0xa,
  0xe0,0xea,0xe0,0xd,0xa,0xe0,0xea,0xf2,0xf3,0xe0,0xeb,0xfc,0xed,0xee,0xf1,0xf2,
  0xfc,0xd,0xa,0xe0,0xed,0xe2,0xe0,0xf0,0xd,0xa,0xe0,0xed,0xe5,0xe2,0xf0,0xe8,
  0xe7,0xec,0xe0,0xd,0xa,0xe0,0xf4,0xe8,0xed,0xff,0xed,0xe8,0xed,0xd,0xa,0xe1,
  0xe0,0xf0,0xe4,0xe0,0xf7,0xee,0xea,0xd,0xa,0xe1,0xe8,0xe1,0xeb,0xe8,0xee,0xf2,
  0xe5,0xea,0xe0,0xf0,0xf8,0xe0,0xd,0xa,0xe1,0xee,0xe3,0xe5,0xec,0xe0,0xd,0xa,
  0xe1,0xee,0xeb,0xfc,0xf8,0xe5,0xe2,0xe8,0xe7,0xec,0xd,0xa,0xe1,0xee,0xf0,0xe6,
  0xee,0xec,0xe8,0xd,0xa,0xe1,0xf0,0xe5,0xeb,0xee,0xea,0xd,0xa,0xe1,0xf0,0xfe,
  0xf7,0xea,0xe8,0xd,0xa,0xe2,0xe0,0xf0,0xff,0xe3,0xd,0xa,0xe2,0xe5,0xe3,0xe5,
  0xf2,0xe0,0xf0,0xe8,0xe0,0xed,0xe5,0xf6,0xd,0xa,0xe2,0xe5,0xed,0xe3,0xf0,0xd,
  0xa,0xe2,0xe8,0xe7,0xe8,0xf2,0xea,0xe0,0xd,0xa,0xe2,0xeb,0xe8,0xe2,0xe0,0xed,
  0xe8,0xe5,0xd,0xa,0xe2,0xee,0xe4,0xee,0xea,0xe0,0xf7,0xea,0xe0,0xd,0xa,0xe2,
  0xee,0xe7,0xf0,0xe0,0xf1,0xf2,0xe0,0xed,0xe8,0xe5,0xd,0xa,0xe2,0xee,0xf1,0xef,
  0xf0,0xee,0xe8,0xe7,0xe2,0xe5,0xe4,0xe5,0xed,0xe8,0xe5,0xd,0xa,0xe2,0xfb,0xe3,
  0xee,0xed,0xd,0xa,0xe2,0xfb,0xf0,0xe0,0xe1,0xee,0xf2,0xea,0xe0,0xd,0xa,0xe3,
  0xe5,0xed,0xe5,0xf2,0xe8,0xea,0xd,0xa,0xe3,0xe8,0xe5,0xed,0xe0,0xd,0xa,0xe3,
  0xed,0xe5,0xe7,0xe4,0xfb,0xf8,0xea,0xee,0xd,0xa,0xe3,0xee,0xeb,0xf3,0xe1,0xe0,
  0xd,0xa,0xe3,0xee,0xf0,0xee,0xe4,0xfc,0xe1,0xe0,0xd,0xa,0xe3,0xf0,0xe8,0xed,
  0xe5,0xe2,0xd,0xa,0xe3,0xf3,0xeb,0xff,0xea,0xe0,0xd,0xa,0xe4,0xe5,0xeb,0xe5,
  0xe6,0xd,0xa,0xe4,0xe8,0xe0,0xf2,0xe5,0xe7,0xd,0xa,0xe4,0xe8,0xf1,0xeb,0xee,
  0xea,0xe0,0xf6,0xe8,0xff,0xd,0xa,0xe4,0xee,0xeb,0xe3,0xee,0xed,0xee,0xf1,0xe8,
  0xea,0xd,0xa,0xe4,0xee,0xef,0xf3,0xf9,0xe5,0xed,0xe8,0xe5,0xd,0xa,0xe4,0xf0,
  0xe0,0xec,0xe0,0xf2,0xf3,0xf0,0xe3,0xe8,0xff,0xd,0xa,0xe6,0xe1,0xe0,0xed,0xd,
  0xa,0xe6,0xe5,0xf0,0xeb,0xee,0xd,0xa,0xe6,0xe8,0xf0,0xe0,0xf4,0xe0,0xd,0xa,
  0xe7,0xe0,0xe8,0xea,0xe0,0xed,0xe8,0xe5,0xd,0xa,0xe7,0xe0,0xe8,0xec,0xea,0xe0,
  0xd,0xa,0xe7,0xe5,0xed,0xe8,0xf2,0xf7,0xe8,0xea,0xd,0xa,0xe7,0xf3,0xe1,0xed,
  0xee,0xe9,0xd,0xa,0xe8,0xe5,0xe7,0xf3,0xe8,0xf2,0xd,0xa,0xe8,0xe7,0xee,0xe1,
  0xf0,0xe5,0xf2,0xe0,0xf2,0xe5,0xeb,0xfc,0xed,0xee,0xf1,0xf2,0xfc,0xd,0xa,0xea,
  0xe0,0xeb,0xee,0xf0,0xe8,0xe9,0xed,0xee,0xf1,0xf2,0xfc,0xd,0xa,0xea,0xe0,0xf0,
  0xe5,0xeb,0xe8,0xff,0xd,0xa,0xea,0xe0,0xf1,0xea,0xe0,0xe4,0xd,0xa,0xea,0xe0,
  0xf2,0xee,0xeb,0xe8,0xea,0xd,0xa,0xea,0xe0,0xf4,0xd,0xa,0xea,0xe0,0xf8,0xea,
  0xe0,0xd,0xa,0xea,0xe0,0xfe,0xf0,0xd,0xa,0xea,0xe5,0xef,0xe8,0xd,0xa,0xea,
  0xe5,0xf2,0xe0,0xd,0xa,0xea,0xe8,0xee,0xf2,0xee,0xd,0xa,0xea,0xe8,0xf1,0xea,
  0xe0,0xd,0xa,0xea,0xeb,0xe8,0xea,0xe0,0xd,0xa,0xea,0xee,0xea,0xe0,0xf0,0xe4,
  0xe0,0xd,0xa,0xea,0xee,0xed,0xf6,0xee,0xe2,0xea,0xe0,0xd,0xa,0xea,0xee,0xf0,
  0xe0,0xeb,0xeb,0xd,0xa,0xea,0xee,0xf0,0xed,0xe5,0xf2,0xd,0xa,0xeb,0xe4,0xef,
  0xf0,0xd,0xa,0xeb,0xe8,0xf5,0xee,0xf1,0xf2,0xfc,0xd,0xa,0xeb,0xee,0xe6,0xe0,
  0xd,0xa,0xec,0xe0,0xed,0xe8,0xea,0xfe,0xf0,0xd,0xa,0xec,0xe0,0xed,0xfc,0xf7,
  0xe6,0xf3,0xf0,0xe8,0xff,0xd,0xa,0xec,0xe5,0xed,0xf2,0xe0,0xeb,0xe8,0xf2,0xe5,
  0xf2,0xd,0xa,0xec,0xe8,0xed,0xe8,0xe0,0xf2,0xfe,0xf0,0xe0,0xd,0xa,0xec,0xe8,
  0xf0,0xee,0xf2,0xe2,0xee,0xf0,0xe5,0xf6,0xd,0xa,0xec,0xee,0xf0,0xe5,0xef,0xeb,
  0xe0,0xe2,0xe0,0xf2,0xe5,0xeb,0xfc,0xd,0xa,0xec,0xee,0xf0,0xe5,0xf5,0xee,0xe4,
  0xea,0xe0,0xd,0xa,0xec,0xfb,0xf8,0xfc,0xff,0xea,0xd,0xa,0xed,0xe0,0xef,0xee,
  0xeb,0xed,0xe5,0xed,0xe8,0xe5,0xd,0xa,0xed,0xe0,0xf2,0xfe,0xf0,0xec,0xee,0xf0,
  0xf2,0xd,0xa,0xed,0xe5,0xe1,0xee,0xf1,0xea,0xeb,0xee,0xed,0xd,0xa,0xed,0xe5,
  0xf0,0xe2,0xee,0xe7,0xed,0xee,0xf1,0xf2,0xfc,0xd,0xa,0xed,0xe5,0xf3,0xe4,0xee,
  0xe2,0xeb,0xe5,0xf2,0xe2,0xee,0xf0,0xe5,0xed,0xed,0xee,0xf1,0xf2,0xfc,0xd,0xa,
  0xed,0xe8,0xec,0xe1,0xd,0xa,0xee,0xe1,0xf0,0xe0,0xe7,0xf3,0xfe,0xf9,0xe0,0xff,
  0xd,0xa,0xee,0xe9,0xea,0xf3,0xec,0xe5,0xed,0xe0,0xd,0xa,0xee,0xea,0xeb,0xe8,
  0xea,0xd,0xa,0xee,0xeb,0xf3,0xf5,0xd,0xa,0xee,0xef,0xf0,0xe0,0xe2,0xea,0xe0,
  0xd,0xa,0xee,0xf0,0xe0,0xea,0xf3,0xeb,0xd,0xa,0xee,0xf2,0xe2,0xe5,0xf2,0xf7,
  0xe8,0xea,0xd,0xa,0xee,0xf2,0xec,0xfb,0xf7,0xea,0xe0,0xd,0xa,0xee,0xf2,0xf2,
  0xe8,0xf1,0xea,0xd,0xa,0xef,0xe0,0xe7,0xd,0xa,0xef,0xe0,0xf0,0xf3,0xf1,0xe8,
  0xed,0xe0,0xd,0xa,0xef,0xe0,0xf2,0xf0,0xee,0xed,0xf2,0xe0,0xf8,0xd,0xa,0xef,
  0xe5,0xf0,0xe3,0xe0,0xec,0xe5,0xed,0xf2,0xd,0xa,0xef,0xe5,0xf0,0xe5,0xe1,0xee,
  0xf0,0xea,0xe0,0xd,0xa,0xef,0xe5,0xf0,0xe5,0xe2,0xee,0xf1,0xef,0xe8,0xf2,0xe0,
  0xed,0xe8,0xe5,0xd,0xa,0xef,0xe8,0xf0,0xe0,0xec,0xe8,0xe4,0xea,0xe0,0xd,0xa,
  0xef,0xeb,0xe0,0xf6,0xe5,0xed,0xf2,0xe0,0xd,0xa,0xef,0xee,0xe1,0xee,0xf0,0xed,
  0xe8,0xea,0xd,0xa,0xef,0xee,0xe4,0xe2,0xee,0xe4,0xd,0xa,0xef,0xee,0xe4,0xef,
  0xee,0xeb,0xfc,0xf9,0xe8,0xea,0xd,0xa,0xef,0xee,0xeb,0xe8,0xfd,0xf2,0xe8,0xeb,
  0xe5,0xed,0xd,0xa,0xef,0xee,0xeb,0xf3,0xef,0xee,0xe4,0xe2,0xe0,0xeb,0xd,0xa,
  0xef,0xee,0xef,0xf3,0xeb,0xe8,0xf1,0xf2,0xd,0xa,0xef,0xf0,0xe0,0xe2,0xe4,0xee,
  0xef,0xee,0xe4,0xee,0xe1,0xe8,0xe5,0xd,0xa,0xef,0xf0,0xe0,0xef,0xee,0xf0,0xd,
  0xa,0xef,0xf0,0xe0,0xf7,0xea,0xe0,0xd,0xa,0xef,0xf0,0xe5,0xee,0xe1,0xf0,0xe0,
  0xe6,0xe5,0xed,0xe8,0xe5,0xd,0xa,0xef,0xf0,0xe5,0xef,0xee,0xe4,0xe0,0xe2,0xe0,
  0xf2,0xe5,0xeb,0xfc,0xed,0xe8,0xf6,0xe0,0xd,0xa,0xef,0xf0,0xe5,0xf1,0xed,0xff,
  0xd,0xa,0xef,0xf0,0xe5,0xf4,0xe5,0xea,0xf2,0xf3,0xf0,0xe0,0xd,0xa,0xef,0xf0,
  0xe8,0xf9,0xe5,0xef,0xd,0xa,0xef,0xf0,0xe8,0xff,0xf2,0xed,0xee,0xf1,0xf2,0xfc,
  0xd,0xa,0xef,0xf0,0xee,0xe1,0xe5,0xe6,0xea,0xe0,0xd,0xa,0xef,0xf0,0xee,0xf0,
  0xe0,0xe1,0xee,0xf2,0xea,0xe0,0xd,0xa,0xef,0xf3,0xeb,0xfc,0xea,0xe0,0xd,0xa,
  0xef,0xf8,0xe5,0xed,0xee,0xd,0xa,0xef,0xff,0xf2,0xea,0xe0,0xd,0xa,0xf0,0xe0,
  0xe7,0xe3,0xe8,0xeb,0xfc,0xe4,0xff,0xe9,0xd,0xa,0xf0,0xe0,0xf1,0xf1,0xf2,0xf0,
  0xe8,0xe3,0xe0,0xd,0xa,0xf0,0xe5,0xe3,0xe8,0xf1,0xf2,0xf0,0xd,0xa,0xf0,0xe5,
  0xef,0xe5,0xe9,0xed,0xe8,0xea,0xd,0xa,0xf0,0xee,0xe3,0xe0,0xf7,0xd,0xa,0xf0,
  0xf3,0xe1,0xe0,0xed,0xee,0xea,0xd,0xa,0xf1,0xe0,0xe1,0xee,0xf2,0xe0,0xe6,0xd,
  0xa,0xf1,0xe0,0xec,0xee,0xee,0xf2,0xe2,0xe5,0xf0,0xe6,0xe5,0xed,0xed,0xee,0xf1,
  0xf2,0xfc,0xd,0xa,0xf1,0xe2,0xff,0xf9,0xe5,0xed,0xed,0xee,0xf1,0xeb,0xf3,0xe6,
  0xe8,0xf2,0xe5,0xeb,0xfc,0xd,0xa,0xf1,0xe5,0xeb,0xff,0xed,0xe8,0xed,0xd,0xa,
  0xf1,0xe5,0xf2,0xf2,0xe5,0xf0,0xd,0xa,0xf1,0xea,0xe0,0xed,0xe4,0xe0,0xeb,0xe8,
  0xf1,0xf2,0xd,0xa,0xf1,0xeb,0xe8,0xf2,0xee,0xea,0xd,0xa,0xf1,0xeb,0xf3,0xe6,
  0xe0,0xf9,0xe8,0xe9,0xd,0xa,0xf1,0xee,0xe3,0xeb,0xff,0xe4,0xe0,0xf2,0xe0,0xe9,
  0xd,0xa,0xf1,0xee,0xea,0xf0,0xee,0xe2,0xe8,0xf9,0xed,0xe8,0xf6,0xe0,0xd,0xa,
  0xf1,0xee,0xec,0xe0,0xd,0xa,0xf1,0xef,0xeb,0xe0,0xe2,0xf9,0xe8,0xea,0xd,0xa,
  0xf1,0xef,0xff,0xf7,0xea,0xe0,0xd,0xa,0xf1,0xf2,0xe0,0xf0,0xf2,0xe5,0xf0,0xd,
  0xa,0xf1,0xf2,0xee,0xeb,0xe1,0xed,0xff,0xea,0xd,0xa,0xf1,0xf3,0xf5,0xf3,0xec,
  0xe8,0xd,0xa,0xf2,0xe5,0xeb,0xe5,0xe2,0xe8,0xe7,0xe8,0xee,0xed,0xf9,0xe8,0xea,
  0xd,0xa,0xf2,0xe5,0xec,0xe1,0xf0,0xd,0xa,0xf2,0xf0,0xe5,0xf1,0xea,0xe0,0xd,
  0xa,0xf2,0xf3,0xf0,0xed,0xe8,0xea,0xe5,0xf2,0xd,0xa,0xf2,0xff,0xe3,0xee,0xf1,
  0xf2,0xfc,0xd,0xa,0xf3,0xe2,0xe5,0xe4,0xee,0xec,0xeb,0xe5,0xed,0xe8,0xe5,0xd,
  0xa,0xf3,0xe4,0xe5,0xf0,0xe6,0xe0,0xed,0xe8,0xe5,0xd,0xa,0xf3,0xeb,0xfc,0xff,
  0xed,0xee,0xe2,0xe0,0xd,0xa,0xf4,0xe0,0xed,0xf2,0xe0,0xe7,0xe5,0xf0,0xd,0xa,
  0xf4,0xe0,0xf0,0xf6,0xee,0xe2,0xf9,0xe8,0xea,0xd,0xa,0xf5,0xe0,0xe9,0xf4,0xe0,
  0xd,0xa,0xf5,0xeb,0xe5,0xe1,0xee,0xf0,0xe5,0xe7,0xea,0xe0,0xd,0xa,0xf5,0xee,
  0xeb,0xea,0xe0,0xd,0xa,0xf5,0xee,0xf0,0xee,0xec,0xfb,0xd,0xa,0xf7,0xf3,0xf2,
  0xea,0xee,0xf1,0xf2,0xfc,0xd,0xa,0xf8,0xe0,0xf2,0xf3,0xed,0xd,0xa,0xf8,0xe8,
  0xf4,0xe5,0xf0,0xd,0xa,0xf8,0xea,0xe0,0xeb,0xe0,0xd,0xa,0xf8,0xf3,0xeb,0xe5,
  0xf0,0xd,0xa,0xf9,0xe5,0xe1,0xe5,0xf2,0xd,0xa,0xf9,0xe5,0xe3,0xee,0xeb,0xfc,
  0xd,0xa,0xff,0xed,0xea,0xe8,0xd,0xa,0xff,0xf9,0xe5,0xf0,0xea,0xe0,0xd,0xa,
  0xe0,0xee,0xd,0xa,0xe0,0xef,0xef,0xe5,0xed,0xe4,0xe8,0xf6,0xe8,0xf2,0xd,0xa,
  0xe1,0xe0,0xf0,0xee,0xed,0xe5,0xf1,0xf1,0xe0,0xd,0xa,0xe1,0xf0,0xee,0xed,0xe5,
  0xe2,0xe8,0xea,0xd,0xa,0xe2,0xe8,0xe4,0xe5,0xee,0xea,0xe0,0xec,0xe5,0xf0,0xe0,
  0xd,0xa,0xe2,0xee,0xe6,0xe0,0xf2,0xfb,0xe9,0xd,0xa,0xe2,0xf1,0xea,0xf0,0xe8,
  0xea,0xd,0xa,0xe3,0xee,0xeb,0xe3,0xee,0xf4,0xe0,0xd,0xa,0xe6,0xe8,0xeb,0xe5,
  0xf2,0xea,0xe0,0xd,0xa,0xe6,0xf3,0xf2,0xfc,0xd,0xa,0xe8,0xe7,0xff,0xf9,0xe5,
  0xf1,0xf2,0xe2,0xee,0xd,0xa,0xe8,0xed,0xe4,0xe8,0xe2,0xe8,0xe4,0xf3,0xe0,0xeb,
  0xfc,0xed,0xee,0xf1,0xf2,0xfc,0xd,0xa,0xea,0xe0,0xe9,0xeb,0xee,0xd,0xa,0xea,
  0xe0,0xf0,0xea,0xe0,0xf1,0xd,0xa,0xea,0xee,0xe2,0xf8,0xd,0xa,0xea,0xf3,0xf0,
  0xe5,0xed,0xee,0xea,0xd,0xa,0xeb,0xe0,0xed,0xe4,0xf8,0xe0,0xf4,0xf2,0xd,0xa,
  0xeb,0xe0,0xf0,0xfc,0xd,0xa,0xeb,0xe5,0xed,0xf2,0xff,0xe9,0xd,0xa,0xec,0xe0,
  0xf0,0xea,0xf1,0xe8,0xf1,0xf2,0xd,0xa,0xed,0xe0,0xea,0xe8,0xe4,0xea,0xe0,0xd,
  0xa,0xee,0xe1,0xec,0xee,0xf2,0xea,0xe0,0xd,0xa,0xee,0xe1,0xf0,0xf3,0xf7,0xd,
  0xa,0xef,0xeb,0xe0,0xf2,0xfc,0xe8,0xf6,0xe5,0xd,0xa,0xf0,0xe0,0xe1,0xee,0xf2,
  0xed,0xe8,0xf6,0xe0,0xd,0xa,0xf0,0xe0,0xe4,0xe8,0xe0,0xf2,0xee,0xf0,0xd,0xa,
  0xf0,0xee,0xf9,0xe8,0xf6,0xe0,0xd,0xa,0xf1,0xe0,0xf0,0xe0,0xe9,0xf7,0xe8,0xea,
  0xd,0xa,0xf1,0xe2,0xe8,0xf2,0xee,0xea,0xd,0xa,0xf1,0xea,0xe0,0xf4,0xe0,0xed,
  0xe4,0xf0,0xd,0xa,0xf1,0xee,0xf6,0xe8,0xe0,0xeb,0xe8,0xf1,0xf2,0xd,0xa,0xf1,
  0xfe,0xf0,0xf2,0xf3,0xea,0xd,0xa,0xf2,0xe5,0xf5,0xe0,0xf1,0xd,0xa,0xf2,0xee,
  0xef,0xea,0xe0,0xd,0xa,0xf2,0xf0,0xee,0xe9,0xed,0xe8,0xea,0xd,0xa,0xf4,0xe8,
  0xed,0xe8,0xf8,0xd,0xa,0xf6,0xe5,0xeb,0xee,0xf1,0xf2,0xed,0xee,0xf1,0xf2,0xfc,
  0xd,0xa,0xf6,0xe8,0xed,0xe8,0xea,0xd,0xa,0xf6,0xfb,0xe3,0xe0,0xed,0xea,0xe0,
  0xd,0xa,0xf7,0xe5,0xea,0xd,0xa,0xf7,0xe5,0xf0,0xe5,0xef,0xee,0xea,0xd,0xa,
  0xf7,0xf3,0xe3,0xf3,0xed,0xd,0xa,0xf8,0xe0,0xf2,0xe5,0xf0,0xd,0xa,0xe6,0xe3,
  0xf3,0xf2,0xd,0xa,0xea,0xe0,0xeb,0xe8,0xe1,0xf0,0xd,0xa,0xea,0xee,0xec,0xe5,
  0xed,0xe4,0xe0,0xf2,0xf3,0xf0,0xe0,0xd,0xa,0xeb,0xe5,0xed,0xf2,0xee,0xf7,0xea,
  0xe0,0xd,0xa,0xeb,0xff,0xe7,0xe3,0xd,0xa,0xec,0xee,0xe3,0xf3,0xf9,0xe5,0xf1,
  0xf2,0xe2,0xee,0xd,0xa,0xec,0xfd,0xf0,0xe8,0xff,0xd,0xa,0xee,0xea,0xea,0xf3,
  0xef,0xe0,0xf6,0xe8,0xff,0xd,0xa,0xee,0xf0,0xe8,0xe5,0xed,0xf2,0xe0,0xf6,0xe8,
  0xff,0xd,0xa,0xee,0xf2,0xec,0xe5,0xed,0xe0,0xd,0xa,0xef,0xf0,0xf3,0xf2,0xe8,
  0xea,0xd,0xa,0xef,0xff,0xf2,0xe0,0xea,0xd,0xa,0xf0,0xe0,0xe7,0xe2,0xe0,0xeb,
  0xd,0xa,0xf0,0xe0,0xed,0xe5,0xed,0xfb,0xe9,0xd,0xa,0xf0,0xee,0xf1,0xf1,0xfb,
  0xef,0xfc,0xd,0xa,0xf0,0xf3,0xe1,0xe5,0xf6,0xd,0xa,0xf1,0xf3,0xd,0xa,0xf5,
  0xee,0xeb,0xec,0xe8,0xea,0xd,0xa,0xf5,0xf0,0xe8,0xf1,0xf2,0xe8,0xe0,0xed,0xe8,
  0xed,0xd,0xa,0xf8,0xeb,0xfe,0xef,0xea,0xe0,0xd,0xa,0xe1,0xe5,0xe4,0xed,0xee,
  0xf1,0xf2,0xfc,0xd,0xa,0xe4,0xe8,0xf1,0xf1,0xe8,0xe4,0xe5,0xed,0xf2,0xd,0xa,
  0xe8,0xe7,0xe2,0xee,0xe7,0xf7,0xe8,0xea,0xd,0xa,0xea,0xf0,0xe0,0xe5,0xf8,0xe5,
  0xea,0xd,0xa,0xed,0xe0,0xef,0xe0,0xf1,0xf2,0xfc,0xd,0xa,0xef,0xee,0xe2,0xe5,
  0xeb,0xe8,0xf2,0xe5,0xeb,0xfc,0xd,0xa,0xef,0xf0,0xe8,0xe3,0xee,0xf2,0xee,0xe2,
  0xeb,0xe5,0xed,0xe8,0xe5,0xd,0xa,0xf1,0xe0,0xe1,0xeb,0xff,0xd,0xa,0xf1,0xe5,
  0xec,0xe0,0xd,0xa,0xf1,0xf2,0xf3,0xe4,0xe5,0xed,0xf2,0xea,0xe0,0xd,0xa,0xf1,
  0xf3,0xea,0xed,0xee,0xd,0xa,0xf1,0xf3,0xec,0xf0,0xe0,0xea,0xd,0xa,0xf2,0xe5,
  0xe7,0xe8,0xf1,0xd,0xa,0xf3,0xef,0xee,0xf0,0xf1,0xf2,0xe2,0xee,0xd,0xa,0xf6,
  0xf0,0xf3,0xd,0xa,0xe0,0xe1,0xf1,0xf3,0xf0,0xe4,0xed,0xee,0xf1,0xf2,0xfc,0xd,
  0xa,0xe0,0xe2,0xf2,0xee,0xea,0xe0,0xf2,0xe0,0xf1,0xf2,0xf0,0xee,0xf4,0xe0,0xd,
  0xa,0xe0,0xe2,0xf2,0xee,0xeb,0xe0,0xe2,0xea,0xe0,0xd,0xa,0xe0,0xe2,0xf2,0xee,
  0xf1,0xe5,0xf0,0xe2,0xe8,0xf1,0xd,0xa,0xe0,0xe2,0xf2,0xee,0xf1,0xf2,0xee,0xff,
  0xed,0xea,0xe0,0xd,0xa,0xe0,0xe4,0xe2,0xe5,0xed,0xf2,0xe8,0xf1,0xf2,0xd,0xa,
  0xe0,0xe4,0xec,0xe8,0xed,0xe8,0xf1,0xf2,0xf0,0xe0,0xf2,0xee,0xf0,0xf8,0xe0,0xd,
  0xa,0xe0,0xeb,0xe5,0xe1,0xe0,0xf0,0xe4,0xe0,0xd,0xa,0xe0,0xeb,0xfc,0xe1,0xe8,
  0xed,0xee,0xf1,0xd,0xa,0xe0,0xeb,0xfc,0xef,0xe8,0xed,0xe8,0xe7,0xec,0xd,0xa,
  0xe0,0xed,0xed,0xe0,0xeb,0xfb,0xd,0xa,0xe0,0xed,0xf3,0xf1,0xd,0xa,0xe0,0xef,
  0xe8,0xf1,0xd,0xa,0xe0,0xf0,0xe8,0xf1,0xf2,0xee,0xea,0xf0,0xe0,0xf2,0xea,0xe0,
  0xd,0xa,0xe0,0xf0,0xe8,0xf4,0xec,0xee,0xec,0xe5,0xf2,0xf0,0xd,0xa,0xe0,0xf0,
  0xf2,0xef,0xee,0xeb,0xea,0xd,0xa,0xe0,0xf1,0xea,0xe0,0xf0,0xe8,0xe4,0xe0,0xd,
  0xa,0xe0,0xf1,0xf1,0xe8,0xf1,0xf2,0xe5,0xed,0xf2,0xea,0xe0,0xd,0xa,0xe0,0xf2,
  0xe5,0xe8,0xe7,0xec,0xd,0xa,0xe1,0xe0,0xea,0xe5,0xed,0xd,0xa,0xe1,0xe0,0xf0,
  0xed,0xe0,0xf3,0xeb,0xd,0xa,0xe1,0xe0,0xf0,0xee,0xea,0xea,0xee,0xd,0xa,0xe1,
  0xe0,0xf1,0xf3,0xf0,0xec,0xe0,0xed,0xe8,0xed,0xd,0xa,0xe1,0xe5,0xe7,0xe2,0xf0,
  0xe5,0xec,0xe5,0xed,0xfc,0xe5,0xd,0xa,0xe1,0xe5,0xeb,0xfc,0xe3,0xe8,0xe5,0xf6,
  0xd,0xa,0xe1,0xe5,0xf1,0xf1,0xf2,0xfb,0xe4,0xf1,0xf2,0xe2,0xee,0xd,0xa,0xe1,
  0xe8,0xed,0xe4,0xfe,0xe6,0xed,0xe8,0xea,0xd,0xa,0xe1,0xe8,0xee,0xf2,0xee,0xea,
  0xd,0xa,0xe1,0xe8,0xf2,0xd,0xa,0xe1,0xeb,0xe0,0xe3,0xee,0xf1,0xf2,0xfc,0xd,
  0xa,0xe1,0xee,0xe1,0xe5,0xf0,0xd,0xa,0xe1,0xee,0xe3,0xe0,0xf2,0xe5,0xe9,0xd,
  0xa,0xe1,0xee,0xf7,0xe0,0xf0,0xed,0xe8,0xea,0xee,0xe2,0xd,0xa,0xe1,0xf0,0xe8,
  0xe3,0xe0,0xed,0xf2,0xe8,0xed,0xe0,0xd,0xa,0xe1,0xf0,0xee,0xe6,0xe5,0xed,0xe8,
  0xe5,0xd,0xa,0xe1,0xf0,0xee,0xed,0xe5,0xef,0xee,0xe5,0xe7,0xe4,0xd,0xa,0xe1,
  0xf0,0xff,0xed,0xf1,0xea,0xd,0xa,0xe1,0xf3,0xe4,0xf3,0xe0,0xf0,0xd,0xa,0xe1,
  0xf3,0xea,0xe8,0xed,0xe8,0xf1,0xf2,0xd,0xa,0xe1,0xf3,0xfd,0xed,0xee,0xf1,0xd,
  0xa,0xe2,0xe0,0xeb,0xfc,0xe4,0xf8,0xed,0xe5,0xef,0xd,0xa,0xe2,0xe5,0xe7,0xf3,
  0xed,0xf7,0xe8,0xea,0xd,0xa,0xe2,0xe5,0xed,0xf7,0xe0,0xed,0xe8,0xe5,0xd,0xa,
  0xe2,0xe5,0xf0,0xe5,0xf1,0xea,0xd,0xa,0xe2,0xe5,0xf0,0xf1,0xf2,0xea,0xe0,0xd,
  0xa,0xe2,0xe7,0xff,0xf2,0xee,0xf7,0xed,0xe8,0xf7,0xe5,0xf1,0xf2,0xe2,0xee,0xd,
  0xa,0xe2,0xe8,0xe4,0xe5,0xee,0xe7,0xe0,0xef,0xe8,0xf1,0xfc,0xd,0xa,0xe2,0xe8,
  0xe7,0xe8,0xf0,0xfc,0xd,0xa,0xe2,0xe8,0xf0,0xe0,0xd,0xa,0xe2,0xeb,0xe0,0xf1,
  0xf2,0xee,0xeb,0xfe,0xe1,0xe8,0xe5,0xd,0xa,0xe2,0xec,0xf4,0xd,0xa,0xe2,0xee,
  0xe4,0xee,0xeb,0xe0,0xe7,0xea,0xe0,0xd,0xa,0xe2,0xee,0xeb,0xfc,0xed,0xe8,0xf6,
  0xe0,0xd,0xa,0xe2,0xee,0xf1,0xf1,0xee,0xe7,0xe4,0xe0,0xed,0xe8,0xe5,0xd,0xa,
  0xe2,0xee,0xf1,0xf2,0xee,0xf0,0xe6,0xe5,0xed,0xed,0xee,0xf1,0xf2,0xfc,0xd,0xa,
  0xe2,0xf2,0xe8,0xf0,0xe0,0xed,0xe8,0xe5,0xd,0xa,0xe2,0xfb,0xe6,0xe8,0xec,0xe0,
  0xeb,0xe0,0xd,0xa,0xe2,0xfb,0xef,0xff,0xf7,0xe8,0xe2,0xe0,0xed,0xe8,0xe5,0xd,
  0xa,0xe3,0xe0,0xf0,0xed,0xe8,0xf2,0xf3,0xf0,0xd,0xa,0xe3,0xe5,0xed,0xf3,0xff,
  0xd,0xa,0xe3,0xe5,0xf0,0xec,0xee,0xf8,0xeb,0xe5,0xec,0xd,0xa,0xe3,0xe8,0xf0,
  0xf3,0xe4,0xe8,0xed,0xd,0xa,0xe3,0xeb,0xf3,0xec,0xeb,0xe5,0xed,0xe8,0xe5,0xd,
  0xa,0xe3,0xee,0xeb,0xe8,0xe0,0xf4,0xd,0xa,0xe3,0xee,0xf0,0xf7,0xe0,0xea,0xd,
  0xa,0xe3,0xee,0xf1,0xea,0xee,0xec,0xe8,0xf2,0xe5,0xf2,0xd,0xa,0xe3,0xf0,0xe8,
  0xe2,0xed,0xe0,0xd,0xa,0xe3,0xf0,0xfb,0xe7,0xed,0xff,0xd,0xa,0xe3,0xf3,0xeb,
  0xfc,0xe1,0xe0,0xd,0xa,0xe4,0xe2,0xf3,0xea,0xee,0xeb,0xea,0xe0,0xd,0xa,0xe4,
  0xe5,0xec,0xee,0xea,0xf0,0xe0,0xf2,0xe8,0xe7,0xec,0xd,0xa,0xe4,0xe5,0xed,0xf9,
  0xe8,0xea,0xd,0xa,0xe4,0xe5,0xf1,0xff,0xf2,0xe8,0xea,0xeb,0xe0,0xf1,0xf1,0xed,
  0xe8,0xf6,0xe0,0xd,0xa,0xe4,0xe8,0xe0,0xf1,0xef,0xee,0xf0,0xe0,0xd,0xa,0xe4,
  0xe8,0xea,0xf2,0xe0,0xf2,0xd,0xa,0xe4,0xee,0xe3,0xec,0xe0,0xf2,0xd,0xa,0xe4,
  0xee,0xea,0xe5,0xf0,0xd,0xa,0xe4,0xee,0xec,0xf3,0xf8,0xed,0xe8,0xea,0xd,0xa,
  0xe4,0xf0,0xe8,0xee,0xef,0xe8,0xf2,0xe5,0xea,0xd,0xa,0xe4,0xf3,0xe1,0xf0,0xee,
  0xe2,0xea,0xe0,0xd,0xa,0xe5,0xe4,0xe8,0xed,0xee,0xf0,0xee,0xe3,0xd,0xa,0xe6,
  0xe5,0xf0,0xe4,0xe8,0xed,0xe0,0xd,0xa,0xe6,0xe5,0xf0,0xe4,0xee,0xf7,0xea,0xe0,
  0xd,0xa,0xe7,0xe0,0xe2,0xe8,0xf5,0xf0,0xe5,0xed,0xe8,0xe5,0xd,0xa,0xe7,0xe0,
  0xe3,0xe0,0xe4,0xee,0xf7,0xed,0xee,0xf1,0xf2,0xfc,0xd,0xa,0xe7,0xe0,0xe3,0xe2,
  0xee,0xe7,0xe4,0xea,0xe0,0xd,0xa,0xe7,0xe0,0xe8,0xea,0xe0,0xd,0xa,0xe7,0xe0,
  0xed,0xe5,0xf1,0xe5,0xed,0xe8,0xe5,0xd,0xa,0xe7,0xe0,0xef,0xe0,0xf8,0xee,0xea,
  0xd,0xa,0xe7,0xe0,0xef,0xf3,0xe3,0xe8,0xe2,0xe0,0xed,0xe8,0xe5,0xd,0xa,0xe7,
  0xe0,0xef,0xfb,0xeb,0xe5,0xed,0xed,0xee,0xf1,0xf2,0xfc,0xd,0xa,0xe7,0xe0,0xf0,
  0xe8,0xf1,0xee,0xe2,0xea,0xe0,0xd,0xa,0xe7,0xe0,0xf1,0xe8,0xeb,0xfc,0xe5,0xd,
  0xa,0xe8,0xe2,0xe0,0xed,0xee,0xe2,0xea,0xe0,0xd,0xa,0xe8,0xe6,0xe4,0xe8,0xe2,
  0xe5,0xed,0xe5,0xf6,0xd,0xa,0xe8,0xe7,0xe2,0xee,0xe7,0xd,0xa,0xe8,0xe7,0xec,
  0xe0,0xe9,0xeb,0xee,0xe2,0xee,0xd,0xa,0xe8,0xe7,0xfb,0xf1,0xea,0xe0,0xed,0xed,
  0xee,0xf1,0xf2,0xfc,0xd,0xa,0xe8,0xed,0xe2,0xe5,0xf1,0xf2,0xe8,0xf0,0xee,0xe2,
  0xe0,0xed,0xe8,0xe5,0xd,0xa,0xe8,0xed,0xe3,0xf3,0xf8,0xe5,0xf2,0xe8,0xff,0xd,
  0xa,0xe8,0xed,0xf2,0xe5,0xf0,0xe2,0xe5,0xed,0xf2,0xd,0xa,0xe8,0xed,0xf4,0xee,
  0xf0,0xec,0xe8,0xf0,0xee,0xe2,0xe0,0xed,0xed,0xee,0xf1,0xf2,0xfc,0xd,0xa,0xe8,
  0xf1,0xef,0xf0,0xe0,0xe2,0xed,0xee,0xf1,0xf2,0xfc,0xd,0xa,0xe9,0xee,0xf2,0xd,
  0xa,0xea,0xe0,0xe2,0xe5,0xf0,0xe7,0xe0,0xd,0xa,0xea,0xe0,0xeb,0xe8,0xed,0xe8,
  0xed,0xe3,0xf0,0xe0,0xe4,0xd,0xa,0xea,0xe0,0xed,0xe2,0xe0,0xd,0xa,0xea,0xe0,
  0xf0,0xec,0xe0,0xd,0xa,0xea,0xe0,0xf0,0xfc,0xe5,0xf0,0xd,0xa,0xea,0xe0,0xf2,
  0xe5,0xe3,0xee,0xf0,0xe8,0xf7,0xed,0xee,0xf1,0xf2,0xfc,0xd,0xa,0xea,0xe0,0xf5,
  0xee,0xe2,0xea,0xe0,0xd,0xa,0xea,0xe2,0xf2,0xd,0xa,0xea,0xe8,0xed,0xee,0xf4,
  0xe5,0xf1,0xf2,0xe8,0xe2,0xe0,0xeb,0xfc,0xd,0xa,0xea,0xe8,0xf1,0xeb,0xff,0xf2,
  0xe8,0xed,0xe0,0xd,0xa,0xea,0xee,0xe0,0xe3,0xf3,0xeb,0xff,0xf6,0xe8,0xff,0xd,
  0xa,0xea,0xee,0xe6,0xf3,0xf5,0xee,0xe2,0xe0,0xd,0xa,0xea,0xee,0xec,0xec,0xe8,
  0xe2,0xee,0xff,0xe6,0xe5,0xf0,0xd,0xa,0xea,0xee,0xed,0xea,0xf0,0xe5,0xf2,0xed,
  0xee,0xf1,0xf2,0xfc,0xd,0xa,0xea,0xee,0xed,0xee,0xf2,0xee,0xef,0xd,0xa,0xea,
  0xee,0xed,0xf4,0xee,0xf0,0xea,0xe0,0xd,0xa,0xea,0xee,0xef,0xf7,0xe5,0xed,0xee,
  0xf1,0xf2,0xfc,0xd,0xa,0xea,0xee,0xf0,0xe0,0xe1,0xe5,0xeb,0xd,0xa,0xea,0xee,
  0xf0,0xf0,0xe8,0xe4,0xe0,0xd,0xa,0xea,0xee,0xf1,0xec,0xee,0xed,0xe0,0xe2,0xf2,
  0xe8,0xea,0xe0,0xd,0xa,0xea,0xee,0xf1,0xf2,0xfb,0xeb,0xe5,0xe2,0xe0,0xd,0xa,
  0xea,0xee,0xf4,0xe5,0xe2,0xe0,0xf0,0xea,0xe0,0xd,0xa,0xea,0xee,0xf4,0xe5,0xe5,
  0xea,0xd,0xa,0xea,0xf0,0xe0,0xf1,0xed,0xee,0xf4,0xeb,0xee,0xf2,0xe5,0xf6,0xd,
  0xa,0xea,0xf0,0xe8,0xe2,0xee,0xf0,0xee,0xf2,0xee,0xe2,0xd,0xa,0xea,0xf0,0xf3,
  0xe3,0xeb,0xff,0xf8,0xd,0xa,0xea,0xf3,0xe7,0xfc,0xea,0xe0,0xd,0xa,0xea,0xf3,
  0xec,0xe8,0xf0,0xed,0xff,0xd,0xa,0xeb,0xe5,0xe6,0xea,0xe0,0xd,0xa,0xeb,0xe5,
  0xf1,0xed,0xe8,0xf7,0xe5,0xf1,0xf2,0xe2,0xee,0xd,0xa,0xeb,0xe5,0xf1,0xed,0xe8,
  0xf7,0xe8,0xe9,0xd,0xa,0xeb,0xe8,0xf8,0xe0,0xe9,0xed,0xe8,0xea,0xd,0xa,0xeb,
  0xee,0xe1,0xee,0xea,0xd,0xa,0xec,0xe0,0xea,0xe8,0xd,0xa,0xec,0xe0,0xf0,0xf1,
  0xe5,0xeb,0xfc,0xe5,0xe7,0xe0,0xd,0xa,0xec,0xe0,0xff,0xf7,0xee,0xea,0xd,0xa,
  0xec,0xe5,0xeb,0xea,0xee,0xeb,0xe5,0xf1,0xfc,0xe5,0xd,0xa,0xec,0xe5,0xeb,0xea,
  0xee,0xf2,0xe0,0xd,0xa,0xec,0xe5,0xed,0xe0,0xf2,0xe5,0xef,0xd,0xa,0xec,0xe5,
  0xf1,0xf2,0xee,0xe6,0xe8,0xf2,0xe5,0xeb,0xfc,0xf1,0xf2,0xe2,0xee,0xd,0xa,0xec,
  0xe5,0xf1,0xf2,0xee,0xef,0xf0,0xe5,0xe1,0xfb,0xe2,0xe0,0xed,0xe8,0xe5,0xd,0xa,
  0xec,0xe5,0xf2,0xe0,0xf4,0xe8,0xe7,0xe8,0xea,0xd,0xa,0xec,0xee,0xeb,0xd,0xa,
  0xec,0xee,0xf0,0xe4,0xee,0xe2,0xee,0xf0,0xee,0xf2,0xd,0xa,0xec,0xee,0xf0,0xee,
  0xe6,0xe5,0xed,0xf9,0xe8,0xf6,0xe0,0xd,0xa,0xec,0xee,0xf0,0xee,0xf1,0xfc,0xd,
  0xa,0xec,0xee,0xf7,0xe0,0xeb,0xee,0xd,0xa,0xec,0xf3,0xf0,0xe0,0xf8,0xd,0xa,
  0xec,0xf3,0xf0,0xeb,0xfb,0xea,0xe0,0xed,0xfc,0xe5,0xd,0xa,0xec,0xff,0xf3,0xea,
  0xe0,0xed,0xfc,0xe5,0xd,0xa,0xed,0xe0,0xe3,0xee,0xe2,0xee,0xf0,0xd,0xa,0xed,
  0xe0,0xe5,0xec,0xed,0xe8,0xf6,0xe0,0xd,0xa,0xed,0xe0,0xe9,0xec,0xe8,0xf2,0xd,
  0xa,0xed,0xe0,0xf3,0xf9,0xe5,0xed,0xe8,0xe5,0xd,0xa,0xed,0xe5,0xe2,0xee,0xe7,
  0xe2,0xf0,0xe0,0xf9,0xe5,0xed,0xe5,0xf6,0xd,0xa,0xed,0xe5,0xe3,0xf0,0xe8,0xf2,
  0xff,0xed,0xea,0xe0,0xd,0xa,0xed,0xe5,0xe4,0xee,0xe4,0xe5,0xeb,0xea,0xe0,0xd,
  0xa,0xed,0xe5,0xe4,0xee,0xf2,0xf0,0xee,0xe3,0xe0,0xd,0xa,0xed,0xe5,0xe7,0xf0,
  0xe5,0xeb,0xee,0xf1,0xf2,0xfc,0xd,0xa,0xed,0xe5,0xe9,0xf2,0xf0,0xee,0xed,0xd,
  0xa,0xed,0xe5,0xed,0xe0,0xe2,0xe8,0xf1,0xf2,0xed,0xe8,0xea,0xd,0xa,0xed,0xe5,
  0xf3,0xef,0xeb,0xe0,0xf2,0xe0,0xd,0xa,0xed,0xe5,0xf3,0xf1,0xf2,0xf0,0xee,0xe5,
  0xed,0xed,0xee,0xf1,0xf2,0xfc,0xd,0xa,0xed,0xe5,0xfd,0xf4,0xf4,0xe5,0xea,0xf2,
  0xe8,0xe2,0xed,0xee,0xf1,0xf2,0xfc,0xd,0xa,0xed,0xf3,0xe2,0xee,0xf0,0xe8,0xf8,
  0xd,0xa,0xed,0xf3,0xf2,0xd,0xa,0xed,0xfe,0xed,0xff,0xd,0xa,0xee,0xe1,0xe6,
  0xe0,0xeb,0xee,0xe2,0xe0,0xed,0xe8,0xe5,0xd,0xa,0xee,0xe1,0xeb,0xe8,0xf6,0xee,
  0xe2,0xea,0xe0,0xd,0xa,0xee,0xe3,0xee,0xf0,0xee,0xe4,0xe8,0xea,0xd,0xa,0xee,
  0xe3,0xf0,0xee,0xec,0xed,0xee,0xf1,0xf2,0xfc,0xd,0xa,0xee,0xea,0xf0,0xe0,0xf1,
  0xd,0xa,0xee,0xeb,0xe8,0xe2,0xea,0xe0,0xd,0xa,0xee,0xef,0xe5,0xed,0xee,0xea,
  0xd,0xa,0xee,0xf1,0xed,0xe0,0xf9,0xe5,0xed,0xe8,0xe5,0xd,0xa,0xee,0xf2,0xef,
  0xf0,0xe0,0xe2,0xe8,0xf2,0xe5,0xeb,0xfc,0xd,0xa,0xee,0xf2,0xf0,0xe5,0xe1,0xfc,
  0xe5,0xd,0xa,0xef,0xe0,0xeb,0xe5,0xff,0xd,0xa,0xef,0xe0,0xef,0xe0,0xe2,0xe5,
  0xf0,0xe8,0xed,0xd,0xa,0xef,0xe0,0xf0,0xe8,0xe6,0xe0,0xed,0xea,0xe0,0xd,0xa,
  0xef,0xe0,0xf0,0xf1,0xe5,0xea,0xd,0xa,0xef,0xe0,0xf1,0xe5,0xf7,0xed,0xe8,0xea,
  0xd,0xa,0xef,0xe0,0xf2,0xee,0xeb,0xee,0xe3,0xee,0xe0,0xed,0xe0,0xf2,0xee,0xec,
  0xd,0xa,0xef,0xe5,0xed,0xe0,0xeb,0xd,0xa,0xef,0xe5,0xf0,0xe5,0xe2,0xee,0xee,
  0xf0,0xf3,0xe6,0xe5,0xed,0xe8,0xe5,0xd,0xa,0xef,0xe5,0xf0,0xe5,0xe5,0xe4,0xe0,
  0xed,0xe8,0xe5,0xd,0xa,0xef,0xe5,0xf0,0xe5,0xef,0xe5,0xf7,0xe0,0xf2,0xea,0xe0,
  0xd,0xa,0xef,0xe5,0xf0,0xe5,0xf0,0xe0,0xf1,0xf5,0xee,0xe4,0xd,0xa,0xef,0xe5,
  0xf0,0xe8,0xeb,0xfc,0xf6,0xe5,0xd,0xa,0xef,0xe5,0xf1,0xf2,0xf0,0xff,0xea,0xd,
  0xa,0xef,0xe8,0xe3,0xec,0xe5,0xed,0xf2,0xe0,0xf6,0xe8,0xff,0xd,0xa,0xef,0xe8,
  0xea,0xe0,0xed,0xf2,0xed,0xee,0xf1,0xf2,0xfc,0xd,0xa,0xef,0xe8,0xeb,0xea,0xe0,
  0xd,0xa,0xef,0xe8,0xf2,0xe5,0xea,0xe0,0xed,0xf2,0xf0,0xee,0xef,0xd,0xa,0xef,
  0xeb,0xe0,0xf2,0xfc,0xe8,0xf8,0xea,0xee,0xd,0xa,0xef,0xeb,0xfe,0xf5,0xe0,0xd,
  0xa,0xef,0xee,0xe1,0xe5,0xe3,0xf3,0xf8,0xea,0xe8,0xd,0xa,0xef,0xee,0xe4,0xea,
  0xee,0xf0,0xea,0xe0,0xd,0xa,0xef,0xee,0xe4,0xeb,0xe5,0xf9,0xe8,0xea,0xd,0xa,
  0xef,0xee,0xe4,0xeb,0xfe,0xe3,0xe0,0xd,0xa,0xef,0xee,0xe4,0xee,0xef,0xe5,0xf7,
  0xed,0xfb,0xe9,0xd,0xa,0xef,0xee,0xe4,0xef,0xee,0xf0,0xf3,0xf7,0xe8,0xea,0xd,
  0xa,0xef,0xee,0xe4,0xef,0xf0,0xee,0xf1,0xf2,0xf0,0xe0,0xed,0xf1,0xf2,0xe2,0xee,
  0xd,0xa,0xef,0xee,0xec,0xee,0xeb,0xe2,0xea,0xe0,0xd,0xa,0xef,0xee,0xef,0xe5,
  0xf7,0xe8,0xf2,0xe5,0xeb,0xfc,0xd,0xa,0xef,0xee,0xf0,0xee,0xf7,0xed,0xee,0xf1,
  0xf2,0xfc,0xd,0xa,0xef,0xee,0xf1,0xe8,0xed,0xe5,0xed,0xe8,0xe5,0xd,0xa,0xef,
  0xee,0xf8,0xe8,0xe1,0xd,0xa,0xef,0xf0,0xe0,0xf9,0xe0,0xd,0xa,0xef,0xf0,0xe5,
  0xe4,0xf1,0xea,0xe0,0xe7,0xe0,0xf2,0xe5,0xeb,0xfc,0xd,0xa,0xef,0xf0,0xe5,0xeb,
  0xe5,0xf1,0xf2,0xed,0xe8,0xf6,0xe0,0xd,0xa,0xef,0xf0,0xe8,0xe1,0xe0,0xeb,0xf2,
  0xd,0xa,0xef,0xf0,0xe8,0xec,0xe0,0xe4,0xee,0xed,0xed,0xe0,0xd,0xa,0xef,0xf0,
  0xee,0xe2,0xe0,0xed,0xf1,0xd,0xa,0xef,0xf0,0xee,0xe4,0xe0,0xe6,0xed,0xee,0xf1,
  0xf2,0xfc,0xd,0xa,0xef,0xf0,0xee,0xef,0xe8,0xf1,0xfc,0xd,0xa,0xef,0xf0,0xee,
  0xf0,0xe5,0xe7,0xfb,0xe2,0xe0,0xed,0xe8,0xe5,0xd,0xa,0xef,0xf0,0xee,0xf1,0xf2,
  0xe0,0xf7,0xee,0xea,0xd,0xa,0xef,0xf0,0xee,0xf1,0xf3,0xf8,0xea,0xe0,0xd,0xa,
  0xef,0xf3,0xeb,0xfc,0xf1,0xe0,0xf6,0xe8,0xff,0xd,0xa,0xef,0xf3,0xf1,0xf2,0xff,
  0xf7,0xee,0xea,0xd,0xa,0xef,0xff,0xf2,0xe8,0xea,0xeb,0xe0,0xf1,0xf1,0xed,0xe8,
  0xea,0xd,0xa,0xf0,0xe0,0xe7,0xe1,0xe8,0xf2,0xee,0xf1,0xf2,0xfc,0xd,0xa,0xf0,
  0xe0,0xe7,0xe2,0xee,0xe4,0xfc,0xe5,0xd,0xa,0xf0,0xe0,0xe7,0xec,0xff,0xe3,0xf7,
  0xe5,0xed,0xe8,0xe5,0xd,0xa,0xf0,0xe0,0xe7,0xed,0xee,0xf0,0xe0,0xe1,0xee,0xf7,
  0xe8,0xe9,0xd,0xa,0xf0,0xe0,0xea,0xe5,0xf2,0xf7,0xe8,0xea,0xd,0xa,0xf0,0xe0,
  0xf1,0xea,0xf0,0xf3,0xf2,0xea,0xe0,0xd,0xa,0xf0,0xe0,0xf1,0xea,0xf3,0xeb,0xe0,
  0xf7,0xe8,0xe2,0xe0,0xed,0xe8,0xe5,0xd,0xa,0xf0,0xe0,0xf1,0xef,0xf3,0xf2,0xed,
  0xe8,0xea,0xd,0xa,0xf0,0xe5,0xed,0xf2,0xe0,0xd,0xa,0xf0,0xe5,0xed,0xf2,0xe3,
  0xe5,0xed,0xee,0xe3,0xf0,0xe0,0xf4,0xe8,0xff,0xd,0xa,0xf0,0xe5,0xef,0xe0,0xf0,
  0xe0,0xf6,0xe8,0xff,0xd,0xa,0xf0,0xe5,0xf2,0xee,0xf0,0xf2,0xe0,0xd,0xa,0xf0,
  0xe8,0xe2,0xfc,0xe5,0xf0,0xe0,0xd,0xa,0xf0,0xee,0xe4,0xe8,0xf2,0xe5,0xeb,0xfc,
  0xed,0xe8,0xf6,0xe0,0xd,0xa,0xf0,0xee,0xe7,0xe2,0xe0,0xeb,0xfc,0xed,0xe8,0xd,
  0xa,0xf0,0xee,0xf1,0xee,0xec,0xe0,0xf5,0xe0,0xd,0xa,0xf0,0xee,0xf1,0xf2,0xee,
  0xe2,0xf9,0xe8,0xea,0xd,0xa,0xf0,0xf3,0xe1,0xf6,0xe5,0xe2,0xe0,0xed,0xe8,0xe5,
  0xd,0xa,0xf0,0xf3,0xf2,0xe0,0xd,0xa,0xf0,0xfb,0xf6,0xe0,0xf0,0xf1,0xf2,0xe2,
  0xee,0xd,0xa,0xf1,0xe0,0xec,0xee,0xe7,0xe0,0xe1,0xe2,0xe5,0xed,0xe8,0xe5,0xd,
  0xa,0xf1,0xe0,0xec,0xee,0xf3,0xe2,0xe0,0xe6,0xe5,0xed,0xe8,0xe5,0xd,0xa,0xf1,
  0xe0,0xec,0xee,0xf6,0xe5,0xeb,0xfc,0xd,0xa,0xf1,0xe0,0xf0,0xe0,0xfe,0xf8,0xea,
  0xee,0xd,0xa,0xf1,0xe0,0xf5,0xe0,0xf0,0xed,0xe8,0xf6,0xe0,0xd,0xa,0xf1,0xe2,
  0xe5,0xf2,0xee,0xef,0xf0,0xe5,0xf1,0xf2,0xe0,0xe2,0xeb,0xe5,0xed,0xe8,0xe5,0xd,
  0xa,0xf1,0xe2,0xe8,0xe1,0xeb,0xee,0xe2,0xee,0xd,0xa,0xf1,0xe5,0xea,0xf0,0xe5,
  0xf2,0xe5,0xf0,0xd,0xa,0xf1,0xe5,0xef,0xe0,0xf0,0xe0,0xf2,0xe8,0xe7,0xec,0xd,
  0xa,0xf1,0xe8,0xed,0xe0,0xe9,0xd,0xa,0xf1,0xe8,0xf1,0xf2,0xe5,0xec,0xed,0xee,
  0xf1,0xf2,0xfc,0xd,0xa,0xf1,0xea,0xe0,0xe7,0xe0,0xed,0xe8,0xe5,0xd,0xa,0xf1,
  0xea,0xe2,0xee,0xe7,0xed,0xff,0xf7,0xee,0xea,0xd,0xa,0xf1,0xea,0xf3,0xeb,0xe5,
  0xe6,0xd,0xa,0xf1,0xeb,0xe5,0xe6,0xe5,0xed,0xe8,0xe5,0xd,0xa,0xf1,0xeb,0xe5,
  0xed,0xe3,0xd,0xa,0xf1,0xed,0xee,0xe1,0xe8,0xe7,0xec,0xd,0xa,0xf1,0xed,0xee,
  0xf5,0xe0,0xd,0xa,0xf1,0xee,0xe2,0xee,0xea,0xf3,0xef,0xeb,0xe5,0xed,0xe8,0xe5,
  0xd,0xa,0xf1,0xee,0xeb,0xe4,0xe0,0xf4,0xee,0xed,0xd,0xa,0xf1,0xee,0xeb,0xee,
  0xed,0xea,0xe0,0xd,0xa,0xf1,0xee,0xeb,0xee,0xed,0xf7,0xe0,0xea,0xd,0xa,0xf1,
  0xee,0xec,0xed,0xe0,0xec,0xe1,0xf3,0xeb,0xd,0xa,0xf1,0xee,0xf1,0xeb,0xe0,0xed,
  0xed,0xfb,0xe9,0xd,0xa,0xf1,0xee,0xf1,0xed,0xff,0xf7,0xee,0xea,0xd,0xa,0xf1,
  0xef,0xe0,0xf0,0xe6,0xe0,0xd,0xa,0xf1,0xef,0xf0,0xe8,0xed,0xf2,0xe5,0xf0,0xd,
  0xa,0xf1,0xf0,0xe0,0xe1,0xe0,0xf2,0xfb,0xe2,0xe0,0xed,0xe8,0xe5,0xd,0xa,0xf1,
  0xf2,0xe5,0xed,0xe0,0xed,0xe8,0xe5,0xd,0xa,0xf1,0xf2,0xe8,0xf5,0xe0,0xed,0xe8,
  0xe5,0xd,0xa,0xf1,0xf2,0xee,0xec,0xe0,0xf2,0xee,0xeb,0xee,0xe3,0xe8,0xff,0xd,
  0xa,0xf1,0xf2,0xf0,0xe5,0xec,0xed,0xe8,0xed,0xe0,0xd,0xa,0xf1,0xf2,0xf0,0xee,
  0xe9,0xee,0xf2,0xf0,0xff,0xe4,0xd,0xa,0xf1,0xf2,0xf0,0xf3,0xef,0xd,0xa,0xf1,
  0xf2,0xfe,0xe0,0xf0,0xe4,0xd,0xa,0xf1,0xf3,0xe1,0xf1,0xe8,0xe4,0xe8,0xff,0xd,
  0xa,0xf1,0xf3,0xe4,0xe8,0xeb,0xe8,0xf9,0xe5,0xd,0xa,0xf1,0xf3,0xf5,0xee,0xe3,
  0xf0,0xf3,0xe7,0xd,0xa,0xf2,0xe0,0xea,0xf1,0xee,0xf4,0xee,0xed,0xd,0xa,0xf2,
  0xe5,0xeb,0xff,0xf2,0xed,0xe8,0xea,0xd,0xa,0xf2,0xee,0xef,0xee,0xe3,0xf0,0xe0,
  0xf4,0xe8,0xff,0xd,0xa,0xf2,0xee,0xf0,0xe6,0xe8,0xf9,0xe5,0xd,0xa,0xf2,0xf0,
  0xe0,0xf3,0xeb,0xe5,0xf0,0xd,0xa,0xf2,0xf0,0xf3,0xe1,0xee,0xef,0xf0,0xee,0xe2,
  0xee,0xe4,0xd,0xa,0xf2,0xf3,0xe5,0xf1,0xee,0xea,0xd,0xa,0xf2,0xf3,0xf0,0xf4,
  0xe8,0xf0,0xec,0xe0,0xd,0xa,0xf2,0xf3,0xf5,0xeb,0xff,0xf2,0xe8,0xed,0xe0,0xd,
  0xa,0xf2,0xf3,0xf8,0xe5,0xed,0xe8,0xe5,0xd,0xa,0xf3,0xe2,0xff,0xe4,0xe0,0xed,
  0xe8,0xe5,0xd,0xa,0xf3,0xe7,0xee,0xf1,0xf2,0xfc,0xd,0xa,0xf3,0xeb,0xe0,0xe2,
  0xeb,0xe8,0xe2,0xe0,0xed,0xe8,0xe5,0xd,0xa,0xf3,0xef,0xf0,0xe0,0xe2,0xe8,0xf2,
  0xe5,0xeb,0xfc,0xd,0xa,0xf3,0xf2,0xe0,0xe9,0xea,0xe0,0xd,0xa,0xf3,0xf7,0xe5,
  0xed,0xe8,0xf7,0xe5,0xf1,0xf2,0xe2,0xee,0xd,0xa,0xf4,0xe0,0xfd,0xf2,0xee,0xed,
  0xd,0xa,0xf4,0xe8,0xf2,0xe8,0xeb,0xe5,0xea,0xd,0xa,0xf4,0xeb,0xe8,0xe3,0xe5,
  0xeb,0xe5,0xea,0xd,0xa,0xf4,0xeb,0xe8,0xed,0xf2,0xd,0xa,0xf4,0xeb,0xfe,0xe8,
  0xe4,0xd,0xa,0xf4,0xee,0xf0,0xf2,0xd,0xa,0xf4,0xf0,0xee,0xed,0xf2,0xee,0xed,
  0xd,0xa,0xf4,0xf3,0xf2,0xf3,0xf0,0xe8,0xf1,0xf2,0xd,0xa,0xf5,0xe0,0xea,0xe8,
  0xd,0xa,0xf5,0xe0,0xf0,0xe0,0xea,0xe8,0xf0,0xe8,0xd,0xa,0xf5,0xe5,0xf0,0xf3,
  0xe2,0xe8,0xec,0xd,0xa,0xf5,0xeb,0xfe,0xf1,0xf2,0xd,0xa,0xf5,0xee,0xeb,0xe4,
  0xe8,0xed,0xe3,0xd,0xa,0xf5,0xf3,0xeb,0xe8,0xe3,0xe0,0xed,0xfc,0xe5,0xd,0xa,
  0xf6,0xe8,0xf0,0xea,0xf3,0xeb,0xff,0xf6,0xe8,0xff,0xd,0xa,0xf6,0xe8,0xf0,0xfe,
  0xeb,0xfc,0xed,0xe8,0xea,0xd,0xa,0xf7,0xe0,0xe8,0xed,0xea,0xe0,0xd,0xa,0xf7,
  0xe5,0xeb,0xee,0xe2,0xe5,0xea,0xee,0xeb,0xfe,0xe1,0xe8,0xe5,0xd,0xa,0xf7,0xe5,
  0xf0,0xea,0xe0,0xf1,0xf1,0xfb,0xd,0xa,0xf7,0xe5,0xf0,0xed,0xee,0xe2,0xe0,0xd,
  0xa,0xf7,0xe5,0xf1,0xf2,0xee,0xeb,0xfe,0xe1,0xe5,0xf6,0xd,0xa,0xf7,0xe5,0xf7,
  0xe5,0xed,0xea,0xe0,0xd,0xa,0xf7,0xe8,0xef,0xf1,0xfb,0xd,0xa,0xf7,0xe8,0xf1,
  0xf2,0xfe,0xeb,0xff,0xd,0xa,0xf7,0xf3,0xe2,0xe8,0xf5,0xe0,0xd,0xa,0xf8,0xe0,
  0xeb,0xe0,0xf8,0xe8,0xea,0xd,0xa,0xf8,0xe0,0xec,0xe0,0xed,0xea,0xe0,0xd,0xa,
  0xf8,0xe5,0xeb,0xf3,0xf8,0xe5,0xed,0xe8,0xe5,0xd,0xa,0xf8,0xe5,0xf1,0xf2,0xe8,
  0xe4,0xe5,0xf1,0xff,0xf2,0xed,0xe8,0xea,0xd,0xa,0xf8,0xf3,0xe1,0xe8,0xed,0xe0,
  0xd,0xa,0xf9,0xe5,0xe3,0xee,0xeb,0xd,0xa,0xf9,0xe5,0xe3,0xee,0xeb,0xfc,0xf1,
  0xf2,0xe2,0xee,0xd,0xa,0xfd,0xe3,0xe8,0xe4,0xe0,0xd,0xa,0xfd,0xea,0xee,0xeb,
  0xee,0xe3,0xd,0xa,0xfd,0xea,0xf1,0xf2,0xf0,0xe0,0xf1,0xe8,0xf1,0xf2,0xee,0xeb,
  0xe0,0xd,0xa,0xfd,0xea,0xf1,0xf2,0xf0,0xe5,0xec,0xe8,0xe7,0xec,0xd,0xa,0xfd,
  0xeb,0xfc,0xe1,0xf0,0xf3,0xf1,0xd,0xa,0xfd,0xec,0xe1,0xe0,0xf0,0xe3,0xee,0xd,
  0xa,0xfe,0xe0,0xf0,0xd,0xa,0xfe,0xed,0xe5,0xf1,0xea,0xee,0xd,0xa,0xe0,0xeb,
  0xe8,0xe1,0xe8,0xd,0xa,0xe1,0xe0,0xea,0xe5,0xed,0xe1,0xe0,0xf0,0xe4,0xe0,0xd,
  0xa,0xe1,0xe5,0xe7,0xe4,0xe0,0xf0,0xed,0xee,0xf1,0xf2,0xfc,0xd,0xa,0xe1,0xe8,
  0xeb,0xe5,0xf2,0xe8,0xea,0xd,0xa,0xe1,0xee,0xf2,0xd,0xa,0xe1,0xee,0xf7,0xea,
  0xe0,0xd,0xa,0xe1,0xf0,0xe0,0xf2,0xe0,0xed,0xd,0xa,0xe1,0xf0,0xfe,0xed,0xe5,
  0xf2,0xea,0xe0,0xd,0xa,0xe2,0xe0,0xf0,0xe5,0xe2,0xee,0xd,0xa,0xe2,0xe0,0xf3,
  0xf7,0xe5,0xf0,0xd,0xa,0xe2,0xe0,0xf5,0xeb,0xe0,0xea,0xd,0xa,0xe2,0xe5,0xf9,
  0xe8,0xf7,0xea,0xe0,0xd,0xa,0xe2,0xed,0xf3,0xf7,0xea,0xe0,0xd,0xa,0xe2,0xee,
  0xe4,0xee,0xe2,0xee,0xf0,0xee,0xf2,0xd,0xa,0xe3,0xeb,0xf3,0xf5,0xee,0xec,0xe0,
  0xed,0xfc,0xd,0xa,0xe3,0xee,0xeb,0xee,0xe2,0xe5,0xf8,0xea,0xe0,0xd,0xa,0xe3,
  0xee,0xf1,0xf3,0xe4,0xe0,0xf0,0xf1,0xf2,0xe2,0xe5,0xed,0xed,0xee,0xf1,0xf2,0xfc,
  0xd,0xa,0xe4,0xe5,0xf0,0xe5,0xe2,0xff,0xf8,0xea,0xe0,0xd,0xa,0xe4,0xe5,0xf2,
  0xea,0xe0,0xd,0xa,0xe4,0xe8,0xef,0xeb,0xee,0xec,0xe0,0xf2,0xe8,0xff,0xd,0xa,
  0xe4,0xee,0xe1,0xf0,0xee,0xeb,0xfe,0xe1,0xee,0xe2,0xd,0xa,0xe4,0xee,0xeb,0xe6,
  0xed,0xe8,0xea,0xd,0xa,0xe4,0xf3,0xe1,0xeb,0xfc,0xd,0xa,0xe5,0xeb,0xe5,0xe9,
  0xd,0xa,0xe7,0xe0,0xef,0xf3,0xf1,0xea,0xd,0xa,0xe7,0xe0,0xf2,0xec,0xe5,0xed,
  0xe8,0xe5,0xd,0xa,0xe8,0xf1,0xef,0xe0,0xf0,0xe5,0xed,0xe8,0xe5,0xd,0xa,0xea,
  0xe0,0xe7,0xe0,0xed,0xfc,0xd,0xa,0xea,0xeb,0xe0,0xe2,0xe8,0xe0,0xf2,0xf3,0xf0,
  0xe0,0xd,0xa,0xea,0xeb,0xe5,0xf2,0xf7,0xe0,0xf2,0xea,0xe0,0xd,0xa,0xea,0xee,
  0xe2,0xe0,0xf0,0xf1,0xf2,0xe2,0xee,0xd,0xa,0xea,0xee,0xe2,0xe1,0xee,0xe9,0xd,
  0xa,0xea,0xee,0xeb,0xfb,0xe1,0xe5,0xeb,0xfc,0xd,0xa,0xeb,0xe8,0xf2,0xe5,0xf0,
  0xe0,0xf2,0xf3,0xf0,0xee,0xe2,0xe5,0xe4,0xd,0xa,0xec,0xe0,0xf0,0xe0,0xe7,0xec,
  0xd,0xa,0xed,0xe0,0xea,0xeb,0xee,0xed,0xed,0xee,0xf1,0xf2,0xfc,0xd,0xa,0xed,
  0xe0,0xef,0xe0,0xe4,0xe0,0xfe,0xf9,0xe8,0xe9,0xd,0xa,0xed,0xe0,0xf1,0xf2,0xf0,
  0xee,0xe9,0xd,0xa,0xed,0xe5,0xe2,0xe5,0xe6,0xe4,0xe0,0xd,0xa,0xee,0xe1,0xeb,
  0xf3,0xf7,0xe5,0xed,0xe8,0xe5,0xd,0xa,0xee,0xe1,0xee,0xe1,0xf9,0xe5,0xed,0xe8,
  0xe5,0xd,0xa,0xee,0xea,0xee,0xeb,0xe8,0xf6,0xe0,0xd,0xa,0xee,0xef,0xee,0xeb,
  0xf7,0xe5,0xed,0xe8,0xe5,0xd,0xa,0xee,0xf1,0xf2,0xf0,0xee,0xe2,0xe8,0xf2,0xff,
  0xed,0xe8,0xed,0xd,0xa,0xee,0xf2,0xec,0xe5,0xeb,0xfc,0xd,0xa,0xef,0xe0,0xf8,
  0xed,0xff,0xd,0xa,0xef,0xe5,0xf0,0xe8,0xec,0xe5,0xf2,0xf0,0xd,0xa,0xef,0xee,
  0xe2,0xe0,0xe4,0xea,0xe0,0xd,0xa,0xef,0xee,0xea,0xe0,0xff,0xed,0xe8,0xe5,0xd,
  0xa,0xef,0xf0,0xe8,0xf2,0xee,0xed,0xd,0xa,0xef,0xf0,0xee,0xea,0xee,0xeb,0xd,
  0xa,0xef,0xfe,0xf0,0xe5,0xd,0xa,0xf0,0xe0,0xe7,0xe1,0xe8,0xf0,0xe0,0xf2,0xe5,
  0xeb,0xfc,0xf1,0xf2,0xe2,0xee,0xd,0xa,0xf0,0xe0,0xf1,0xef,0xeb,0xe0,0xf2,0xe0,
  0xd,0xa,0xf0,0xe0,0xf1,0xef,0xff,0xf2,0xe8,0xe5,0xd,0xa,0xf0,0xe0,0xf1,0xf9,
  0xe5,0xeb,0xe8,0xed,0xe0,0xd,0xa,0xf0,0xe5,0xf4,0xee,0xf0,0xec,0xe0,0xf6,0xe8,
  0xff,0xd,0xa,0xf1,0xe0,0xeb,0xe0,0xf5,0xee,0xe2,0xd,0xa,0xf1,0xe2,0xe5,0xea,
  0xf0,0xee,0xe2,0xfc,0xd,0xa,0xf1,0xe2,0xee,0xf0,0xe0,0xd,0xa,0xf1,0xe5,0xef,
  0xf1,0xe8,0xf1,0xd,0xa,0xf1,0xec,0xe0,0xe7,0xea,0xe0,0xd,0xa,0xf1,0xf2,0xe5,
  0xf0,0xe5,0xee,0xf2,0xf0,0xf3,0xe1,0xe0,0xd,0xa,0xf1,0xf2,0xe5,0xf1,0xed,0xe5,
  0xed,0xe8,0xe5,0xd,0xa,0xf1,0xf2,0xf0,0xf3,0xf7,0xee,0xea,0xd,0xa,0xf1,0xf6,
  0xe5,0xed,0xe0,0xf0,0xe8,0xf1,0xf2,0xd,0xa,0xf2,0xe0,0xf0,0xe5,0xeb,0xee,0xf7,
  0xea,0xe0,0xd,0xa,0xf2,0xe2,0xee,0xf0,0xe8,0xeb,0xee,0xd,0xa,0xf2,0xee,0xea,
  0xe0,0xf0,0xfc,0xd,0xa,0xf2,0xf0,0xe0,0xe5,0xea,0xf2,0xee,0xf0,0xe8,0xff,0xd,
  0xa,0xf3,0xea,0xd,0xa,0xf3,0xec,0xe8,0xf0,0xe0,0xfe,0xf9,0xe8,0xe9,0xd,0xa,
  0xf3,0xed,0xf2,0xd,0xa,0xf4,0xe5,0xe9,0xe5,0xf0,0xe2,0xe5,0xf0,0xea,0xd,0xa,
  0xf5,0xe2,0xe0,0xeb,0xe0,0xd,0xa,0xf7,0xe5,0xf2,0xea,0xee,0xf1,0xf2,0xfc,0xd,
  0xa,0xf8,0xe5,0xe2,0xe5,0xeb,0xe5,0xed,0xe8,0xe5,0xd,0xa,0xf8,0xf2,0xe0,0xed,
  0xe3,0xe0,0xd,0xa,0xfd,0xe3,0xee,0xe8,0xf1,0xf2,0xd,0xa,0xfd,0xea,0xf1,0xea,
  0xe0,0xe2,0xe0,0xf2,0xee,0xf0,0xd,0xa,0xe0,0xec,0xf3,0xf0,0xd,0xa,0xe1,0xf0,
  0xee,0xed,0xf5,0xd,0xa,0xe2,0xe5,0xf0,0xe5,0xed,0xe8,0xf6,0xe0,0xd,0xa,0xe2,
  0xe8,0xeb,0xfb,0xd,0xa,0xe2,0xee,0xe5,0xed,0xea,0xee,0xec,0xe0,0xf2,0xd,0xa,
  0xe3,0xeb,0xe0,0xe4,0xfc,0xd,0xa,0xe4,0xe5,0xf2,0xe8,0xed,0xe0,0xd,0xa,0xe4,
  0xe8,0xe2,0xe5,0xf0,0xf1,0xe0,0xed,0xf2,0xd,0xa,0xe6,0xeb,0xee,0xe1,0xd,0xa,
  0xea,0xee,0xf1,0xe8,0xf6,0xfb,0xed,0xd,0xa,0xed,0xe5,0xe2,0xee,0xeb,0xff,0xd,
  0xa,0xee,0xe3,0xf0,0xe0,0xe1,0xeb,0xe5,0xed,0xe8,0xe5,0xd,0xa,0xee,0xf2,0xe4,
  0xfb,0xf5,0xe0,0xfe,0xf9,0xe8,0xe9,0xd,0xa,0xef,0xee,0xf8,0xeb,0xee,0xf1,0xf2,
  0xfc,0xd,0xa,0xf0,0xe0,0xe7,0xee,0xe1,0xeb,0xe0,0xf7,0xe5,0xed,0xe8,0xe5,0xd,
  0xa,0xf0,0xe5,0xef,0xf0,0xee,0xe4,0xf3,0xea,0xf2,0xee,0xf0,0xd,0xa,0xf1,0xe0,
  0xef,0xee,0xe6,0xee,0xea,0xd,0xa,0xf1,0xf2,0xf0,0xe0,0xf2,0xe0,0xe3,0xe5,0xec,
  0xe0,0xd,0xa,0xf4,0xf0,0xe0,0xea,0xd,0xa,0xf5,0xe8,0xe6,0xe8,0xed,0xe0,0xd,
  0xa,0xf8,0xe8,0xef,0xe5,0xed,0xe8,0xe5,0xd,0xa,0xf8,0xef,0xe0,0xeb,0xe0,0xd,
  0xa,0xfd,0xf1,0xfd,0xf1,0xee,0xe2,0xe5,0xf6,0xd,0xa,0xfd,0xf2,0xe8,0xea,0xe5,
  0xf2,0xea,0xe0,0xd,0xa,0xe0,0xeb,0xeb,0xe0,0xf5,0xd,0xa,0xe4,0xe5,0xe2,0xf7,
  0xe0,0xf2,0xe0,0xd,0xa,0xe4,0xe8,0xea,0xe0,0xf0,0xfc,0xd,0xa,0xe4,0xee,0xf1,
  0xf2,0xe0,0xe2,0xe0,0xeb,0xe0,0xd,0xa,0xe5,0xe6,0xd,0xa,0xe8,0xeb,0xeb,0xfe,
  0xec,0xe8,0xed,0xe0,0xf2,0xee,0xf0,0xd,0xa,0xeb,0xe8,0xf1,0xf2,0xee,0xf7,0xe5,
  0xea,0xd,0xa,0xef,0xe0,0xf0,0xe0,0xeb,0xe8,0xf7,0xd,0xa,0xef,0xee,0xeb,0xe8,
  0xe3,0xee,0xed,0xd,0xa,0xef,0xee,0xf0,0xee,0xf5,0xd,0xa,0xef,0xfc,0xff,0xed,
  0xfb,0xe9,0xd,0xa,0xf1,0xec,0xe8,0xd,0xa,0xf1,0xee,0xf1,0xee,0xea,0xd,0xa,
  0xf1,0xf2,0xee,0xeb,0xe1,0xe8,0xea,0xd,0xa,0xf2,0xe0,0xec,0xe1,0xf3,0xf0,0xd,
  0xa,0xf2,0xe0,0xed,0xd,0xa,0xf3,0xef,0xee,0xec,0xe8,0xed,0xe0,0xed,0xe8,0xe5,
  0xd,0xa,0xf3,0xf0,0xea,0xe0,0xd,0xa,0xf7,0xe5,0xf0,0xe5,0xef,0xe0,0xf5,0xe0,
  0xd,0xa,0xe0,0xe2,0xe0,0xed,0xe3,0xe0,0xf0,0xe4,0xd,0xa,0xe0,0xe4,0xf0,0xe5,
  0xed,0xe0,0xeb,0xe8,0xed,0xd,0xa,0xe0,0xea,0xea,0xee,0xec,0xef,0xe0,0xed,0xe5,
  0xec,0xe5,0xed,0xf2,0xd,0xa,0xe0,0xf0,0xe3,0xe5,0xed,0xf2,0xe8,0xed,0xe0,0xd,
  0xa,0xe1,0xe0,0xed,0xe3,0xea,0xee,0xea,0xd,0xa,0xe1,0xe0,0xed,0xea,0xf0,0xee,
  0xf2,0xf1,0xf2,0xe2,0xee,0xd,0xa,0xe1,0xe0,0xf0,0xf1,0xe5,0xeb,0xee,0xed,0xe0,
  0xd,0xa,0xe1,0xe0,0xf1,0xf2,0xe8,0xee,0xed,0xd,0xa,0xe1,0xe0,0xf5,0xf0,0xee,
  0xec,0xe0,0xd,0xa,0xe1,0xe0,0xf8,0xec,0xe0,0xf7,0xee,0xea,0xd,0xa,0xe1,0xe5,
  0xe7,0xe4,0xe5,0xe9,0xf1,0xf2,0xe2,0xe8,0xe5,0xd,0xa,0xe1,0xeb,0xee,0xea,0xed,
  0xee,0xf2,0xe8,0xea,0xd,0xa,0xe1,0xf3,0xeb,0xfc,0xe4,0xee,0xe3,0xd,0xa,0xe2,
  0xed,0xf3,0xf8,0xe5,0xed,0xe8,0xe5,0xd,0xa,0xe2,0xee,0xe6,0xe4,0xe5,0xeb,0xe5,
  0xed,0xe8,0xe5,0xd,0xa,0xe2,0xee,0xe7,0xe7,0xf0,0xe5,0xed,0xe8,0xe5,0xd,0xa,
  0xe2,0xee,0xeb,0xfc,0xe2,0xee,0xd,0xa,0xe2,0xee,0xed,0xe0,0xd,0xa,0xe2,0xee,
  0xf8,0xfc,0xd,0xa,0xe2,0xfb,0xf1,0xee,0xea,0xee,0xec,0xe5,0xf0,0xe8,0xe5,0xd,
  0xa,0xe2,0xfb,0xf1,0xfc,0xd,0xa,0xe3,0xe0,0xf3,0xe1,0xe8,0xf6,0xe0,0xd,0xa,
  0xe3,0xe8,0xed,0xe5,0xea,0xee,0xeb,0xee,0xe3,0xd,0xa,0xe3,0xee,0xeb,0xee,0xe4,
  0xf3,0xf5,0xe0,0xd,0xa,0xe3,0xee,0xeb,0xfc,0xf4,0xd,0xa,0xe3,0xee,0xf0,0xee,
  0xf1,0xea,0xee,0xef,0xd,0xa,0xe4,0xe5,0xe7,0xe8,0xed,0xf4,0xe5,0xea,0xf6,0xe8,
  0xff,0xd,0xa,0xe4,0xe5,0xea,0xe0,0xe4,0xe0,0xd,0xa,0xe4,0xe8,0xea,0xf2,0xee,
  0xf4,0xee,0xed,0xd,0xa,0xe4,0xee,0xeb,0xd,0xa,0xe4,0xf3,0xe3,0xe8,0xed,0xd,
  0xa,0xe7,0xe0,0xf1,0xeb,0xee,0xed,0xd,0xa,0xe7,0xe2,0xe5,0xf0,0xf1,0xf2,0xe2,
  0xee,0xd,0xa,0xe7,0xeb,0xee,0xe4,0xe5,0xe9,0xf1,0xf2,0xe2,0xee,0xd,0xa,0xe8,
  0xe7,0xe2,0xe0,0xff,0xed,0xe8,0xe5,0xd,0xa,0xea,0xe0,0xed,0xe0,0xe4,0xe5,0xf6,
  0xd,0xa,0xea,0xe0,0xf0,0xe0,0xf7,0xea,0xe8,0xd,0xa,0xea,0xe2,0xe0,0xe4,0xf0,
  0xe0,0xf2,0xe8,0xea,0xd,0xa,0xea,0xe8,0xef,0xe0,0xf0,0xe8,0xf1,0xd,0xa,0xea,
  0xeb,0xff,0xef,0xd,0xa,0xea,0xee,0xed,0xf2,0xf0,0xf0,0xe0,0xe7,0xe2,0xe5,0xe4,
  0xf7,0xe8,0xea,0xd,0xa,0xea,0xf0,0xe5,0xed,0xe4,0xe5,0xeb,0xfc,0xd,0xa,0xea,
  0xf3,0xf0,0xee,0xf0,0xf2,0xed,0xe8,0xea,0xd,0xa,0xeb,0xe5,0xf2,0xee,0xef,0xe8,
  0xf1,0xe5,0xf6,0xd,0xa,0xeb,0xe8,0xed,0xe3,0xe2,0xe8,0xf1,0xf2,0xd,0xa,0xeb,
  0xee,0xe4,0xee,0xf7,0xea,0xe0,0xd,0xa,0xec,0xe5,0xf1,0xe8,0xe2,0xee,0xd,0xa,
  0xec,0xe5,0xf7,0xf2,0xe0,0xf2,0xe5,0xeb,0xfc,0xd,0xa,0xed,0xe0,0xe1,0xf0,0xee,
  0xf1,0xee,0xea,0xd,0xa,0xed,0xe0,0xe2,0xfc,0xd,0xa,0xed,0xe0,0xe4,0xf0,0xfb,
  0xe2,0xd,0xa,0xed,0xe0,0xf1,0xe8,0xeb,0xfc,0xed,0xe8,0xea,0xd,0xa,0xed,0xe0,
  0xf1,0xf2,0xee,0xff,0xed,0xe8,0xe5,0xd,0xa,0xed,0xe0,0xf7,0xe0,0xeb,0xfc,0xed,
  0xe8,0xf6,0xe0,0xd,0xa,0xed,0xe5,0xef,0xee,0xeb,0xe0,0xe4,0xea,0xe0,0xd,0xa,
  0xed,0xff,0xed,0xe5,0xf7,0xea,0xe0,0xd,0xa,0xee,0xe1,0xee,0xe7,0xf0,0xe5,0xe2,
  0xe0,0xf2,0xe5,0xeb,0xfc,0xd,0xa,0xee,0xe2,0xf7,0xe8,0xed,0xe0,0xd,0xa,0xee,
  0xeb,0xe5,0xed,0xe8,0xf5,0xe0,0xd,0xa,0xee,0xf2,0xf1,0xf0,0xee,0xf7,0xea,0xe0,
  0xd,0xa,0xef,0xe5,0xf0,0xe5,0xf0,0xee,0xe6,0xe4,0xe5,0xed,0xe8,0xe5,0xd,0xa,
  0xef,0xeb,0xe5,0xe2,0xf0,0xe8,0xf2,0xd,0xa,0xef,0xee,0xe4,0xef,0xee,0xf0,0xea,
  0xe0,0xd,0xa,0xef,0xee,0xea,0xeb,0xee,0xed,0xe5,0xed,0xe8,0xe5,0xd,0xa,0xef,
  0xee,0xeb,0xee,0xe7,0xd,0xa,0xef,0xee,0xf0,0xf2,0xea,0xe8,0xd,0xa,0xef,0xee,
  0xf1,0xf2,0xee,0xff,0xed,0xf1,0xf2,0xe2,0xee,0xd,0xa,0xef,0xf0,0xe0,0xe2,0xed,
  0xf3,0xea,0xd,0xa,0xef,0xf0,0xe0,0xe2,0xee,0xe7,0xe0,0xf9,0xe8,0xf2,0xed,0xe8,
  0xea,0xd,0xa,0xef,0xf0,0xe8,0xef,0xf3,0xf5,0xeb,0xee,0xf1,0xf2,0xfc,0xd,0xa,
  0xef,0xf0,0xee,0xea,0xe0,0xe7,0xe0,0xd,0xa,0xef,0xf0,0xee,0xed,0xe8,0xf6,0xe0,
  0xf2,0xe5,0xeb,0xfc,0xed,0xee,0xf1,0xf2,0xfc,0xd,0xa,0xef,0xf3,0xef,0xee,0xe2,
  0xe8,0xed,0xe0,0xd,0xa,0xf0,0xe0,0xf1,0xf2,0xe8,0xf0,0xe0,0xed,0xe8,0xe5,0xd,
  0xa,0xf1,0xe1,0xe5,0xf0,0xea,0xe0,0xf1,0xf1,0xe0,0xd,0xa,0xf1,0xe3,0xee,0xf0,
  0xe0,0xed,0xe8,0xe5,0xd,0xa,0xf1,0xe4,0xe0,0xe2,0xeb,0xe5,0xed,0xe8,0xe5,0xd,
  0xa,0xf1,0xe5,0xe4,0xeb,0xee,0xe2,0xe8,0xed,0xe0,0xd,0xa,0xf1,0xec,0xe0,0xe7,
  0xfb,0xe2,0xe0,0xed,0xe8,0xe5,0xd,0xa,0xf1,0xec,0xe5,0xf0,0xf2,0xed,0xfb,0xe9,
  0xd,0xa,0xf1,0xee,0xf1,0xf0,0xe5,0xe4,0xee,0xf2,0xee,0xf7,0xe5,0xed,0xe8,0xe5,
  0xd,0xa,0xf1,0xf2,0xee,0xeb,0xee,0xe2,0xea,0xe0,0xd,0xa,0xf1,0xf2,0xee,0xff,
  0xed,0xe8,0xe5,0xd,0xa,0xf2,0xf0,0xf3,0xe4,0xee,0xeb,0xfe,0xe1,0xe8,0xe5,0xd,
  0xa,0xf2,0xf3,0xef,0xe8,0xf6,0xe0,0xd,0xa,0xf3,0xef,0xe0,0xe4,0xd,0xa,0xf3,
  0xf7,0xf0,0xe5,0xe4,0xe8,0xf2,0xe5,0xeb,0xfc,0xd,0xa,0xf4,0xeb,0xee,0xec,0xe0,
  0xf1,0xf2,0xe5,0xf0,0xd,0xa,0xf4,0xee,0xf1,0xf4,0xee,0xf0,0xd,0xa,0xf5,0xe0,
  0xf0,0xe8,0xf3,0xf1,0xd,0xa,0xf6,0xe8,0xea,0xe0,0xe4,0xe0,0xd,0xa,0xf7,0xf3,
  0xe6,0xe5,0xe7,0xe5,0xec,0xe5,0xf6,0xd,0xa,0xf8,0xe0,0xec,0xf0,0xe0,0xe5,0xe2,
  0xd,0xa,0xf8,0xe8,0xe7,0xee,0xf4,0xf0,0xe5,0xed,0xe8,0xff,0xd,0xa,0xfd,0xf1,
  0xd,0xa,0xfe,0xe1,0xee,0xf7,0xea,0xe0,0xd,0xa,0xe0,0xeb,0xf2,0xe0,0xf0,0xfc,
  0xd,0xa,0xe0,0xf0,0xe8,0xf1,0xf2,0xee,0xea,0xf0,0xe0,0xf2,0xd,0xa,0xe1,0xe0,
  0xff,0xed,0xd,0xa,0xe2,0xe5,0xe4,0xee,0xec,0xee,0xd,0xa,0xe2,0xe7,0xff,0xf2,
  0xe8,0xe5,0xd,0xa,0xe3,0xeb,0xee,0xe1,0xf3,0xf1,0xd,0xa,0xe4,0xe5,0xea,0xe0,
  0xe1,0xf0,0xe8,0xf1,0xf2,0xd,0xa,0xe4,0xe5,0xea,0xeb,0xe0,0xf0,0xe0,0xf6,0xe8,
  0xff,0xd,0xa,0xe4,0xed,0xe8,0xf9,0xe5,0xd,0xa,0xe4,0xee,0xf1,0xf2,0xee,0xe2,
  0xe5,0xf0,0xed,0xee,0xf1,0xf2,0xfc,0xd,0xa,0xe7,0xe0,0xe3,0xee,0xf2,0xee,0xe2,
  0xea,0xe0,0xd,0xa,0xe7,0xe0,0xea,0xf0,0xee,0xe9,0xd,0xa,0xe7,0xee,0xed,0xf2,
  0xd,0xa,0xe8,0xe7,0xe4,0xe5,0xf0,0xe6,0xea,0xe0,0xd,0xa,0xe8,0xe7,0xec,0xe5,
  0xed,0xed,0xe8,0xea,0xd,0xa,0xe8,0xec,0xe5,0xed,0xe8,0xe5,0xd,0xa,0xe8,0xf1,
  0xf2,0xee,0xf9,0xe5,0xed,0xe8,0xe5,0xd,0xa,0xea,0xe0,0xeb,0xfc,0xf6,0xe8,0xe9,
  0xd,0xa,0xea,0xee,0xed,0xe2,0xe5,0xe9,0xe5,0xf0,0xd,0xa,0xea,0xee,0xf1,0xe8,
  0xf7,0xea,0xe0,0xd,0xa,0xea,0xf3,0xf0,0xe5,0xe2,0xee,0xd,0xa,0xeb,0xfe,0xe4,
  0xee,0xe5,0xe4,0xd,0xa,0xec,0xe8,0xea,0xf0,0xee,0xf0,0xe0,0xe9,0xee,0xed,0xd,
  0xa,0xec,0xee,0xed,0xe5,0xf2,0xea,0xe0,0xd,0xa,0xed,0xe0,0xef,0xf0,0xff,0xe6,
  0xe5,0xed,0xed,0xee,0xf1,0xf2,0xfc,0xd,0xa,0xed,0xe0,0xf2,0xee,0xd,0xa,0xee,
  0xe1,0xee,0xe7,0xed,0xe0,0xf7,0xe5,0xed,0xe8,0xe5,0xd,0xa,0xee,0xe3,0xf0,0xe0,
  0xe6,0xe4,0xe5,0xed,0xe8,0xe5,0xd,0xa,0xee,0xef,0xf0,0xe0,0xe2,0xe0,0xd,0xa,
  0xef,0xe0,0xf1,0xf5,0xe0,0xd,0xa,0xef,0xeb,0xff,0xf1,0xea,0xe0,0xd,0xa,0xef,
  0xee,0xe3,0xf0,0xf3,0xe7,0xea,0xe0,0xd,0xa,0xef,0xee,0xe4,0xec,0xfb,0xf8,0xea,
  0xe0,0xd,0xa,0xf0,0xe0,0xf1,0xea,0xe0,0xff,0xed,0xe8,0xe5,0xd,0xa,0xf1,0xe0,
  0xe4,0xe8,0xf1,0xf2,0xd,0xa,0xf1,0xe0,0xed,0xe8,0xf2,0xe0,0xf0,0xea,0xe0,0xd,
  0xa,0xf1,0xe8,0xed,0xe0,0xe3,0xee,0xe3,0xe0,0xd,0xa,0xf1,0xee,0xe2,0xe5,0xf0,
  0xf8,0xe5,0xed,0xe8,0xe5,0xd,0xa,0xf1,0xf2,0xe5,0xeb,0xeb,0xe0,0xd,0xa,0xf1,
  0xf2,0xf0,0xe0,0xf3,0xf1,0xd,0xa,0xf3,0xe4,0xf3,0xf8,0xfc,0xe5,0xd,0xa,0xf3,
  0xed,0xfb,0xed,0xe8,0xe5,0xd,0xa,0xf4,0xe0,0xed,0xf2,0xe0,0xf1,0xf2,0xd,0xa,
  0xf5,0xf0,0xe0,0xed,0xe8,0xeb,0xe8,0xf9,0xe5,0xd,0xa,0xf8,0xe5,0xe2,0xe5,0xeb,
  0xfe,0xf0,0xe0,0xd,0xa,0xf8,0xe5,0xf1,0xf2,0xe2,0xe8,0xe5,0xd,0xa,0xf8,0xef,
  0xe0,0xed,0xe0,0xd,0xa,0xe1,0xe8,0xee,0xeb,0xee,0xe3,0xe8,0xff,0xd,0xa,0xe2,
  0xe5,0xf0,0xe5,0xe2,0xee,0xf7,0xea,0xe0,0xd,0xa,0xe2,0xfb,0xe6,0xe8,0xe2,0xe0,
  0xed,0xe8,0xe5,0xd,0xa,0xe2,0xfb,0xe8,0xe3,0xf0,0xfb,0xf8,0xd,0xa,0xe3,0xf0,
  0xe0,0xf4,0xe8,0xed,0xd,0xa,0xe4,0xee,0xf0,0xed,0xd,0xa,0xea,0xe0,0xef,0xfe,
  0xf8,0xee,0xed,0xd,0xa,0xea,0xee,0xf0,0xfb,0xf2,0xee,0xd,0xa,0xed,0xe0,0xe4,
  0xe5,0xe6,0xed,0xee,0xf1,0xf2,0xfc,0xd,0xa,0xed,0xe8,0xe2,0xe0,0xd,0xa,0xef,
  0xee,0xeb,0xff,0xed,0xea,0xe0,0xd,0xa,0xef,0xee,0xf1,0xeb,0xe0,0xed,0xe8,0xe5,
  0xd,0xa,0xf0,0xe5,0xf4,0xeb,0xe5,0xea,0xf1,0xd,0xa,0xf1,0xee,0xf6,0xe8,0xee,
  0xeb,0xee,0xe3,0xe8,0xff,0xd,0xa,0xf1,0xf2,0xe0,0xe6,0xd,0xa,0xf1,0xf2,0xf0,
  0xe0,0xf5,0xee,0xe2,0xea,0xe0,0xd,0xa,0xf5,0xe2,0xee,0xf1,0xf2,0xe8,0xea,0xd,
  0xa,0xf8,0xe5,0xf1,0xf2,0xd,0xa,0xe1,0xf3,0xec,0xe0,0xe6,0xed,0xe8,0xea,0xd,
  0xa,0xe3,0xe0,0xf0,0xec,0xee,0xed,0xe8,0xff,0xd,0xa,0xea,0xeb,0xee,0xf3,0xed,
  0xd,0xa,0xea,0xeb,0xf3,0xe1,0xee,0xea,0xd,0xa,0xea,0xf3,0xe1,0xd,0xa,0xed,
  0xe5,0xe2,0xe0,0xd,0xa,0xed,0xe5,0xe3,0xee,0xe4,0xee,0xe2,0xe0,0xed,0xe8,0xe5,
  0xd,0xa,0xee,0xf0,0xe4,0xe0,0xd,0xa,0xef,0xe0,0xf0,0xe8,0xea,0xec,0xe0,0xf5,
  0xe5,0xf0,0xd,0xa,0xef,0xe5,0xed,0xf1,0xed,0xe5,0xd,0xa,0xef,0xe8,0xf0,0xd,
  0xa,0xf1,0xe5,0xf0,0xe5,0xe6,0xea,0xe0,0xd,0xa,0xf2,0xe0,0xf5,0xf2,0xe0,0xd,
  0xa,0xf7,0xe5,0xf1,0xf2,0xed,0xee,0xf1,0xf2,0xfc,0xd,0xa,0xf8,0xe0,0xe9,0xea,
  0xe0,0xd,0xa,0xe0,0xe2,0xe0,0xed,0xf1,0xf6,0xe5,0xed,0xe0,0xd,0xa,0xe0,0xeb,
  0xf2,0xe0,0xe9,0xd,0xa,0xe1,0xe0,0xeb,0xe0,0xf8,0xee,0xe2,0xe0,0xd,0xa,0xe1,
  0xe0,0xf0,0xe4,0xd,0xa,0xe1,0xe0,0xf2,0xf0,0xe0,0xea,0xd,0xa,0xe1,0xe4,0xe5,
  0xed,0xe8,0xe5,0xd,0xa,0xe1,0xe5,0xe7,0xe7,0xe0,0xf9,0xe8,0xf2,0xed,0xee,0xf1,
  0xf2,0xfc,0xd,0xa,0xe1,0xe5,0xe7,0xeb,0xfe,0xe4,0xfc,0xe5,0xd,0xa,0xe1,0xe5,
  0xf1,0xef,0xeb,0xee,0xe4,0xe8,0xe5,0xd,0xa,0xe1,0xee,0xe8,0xed,0xe3,0xd,0xa,
  0xe1,0xee,0xf0,0xee,0xe4,0xe5,0xed,0xea,0xe0,0xd,0xa,0xe1,0xf0,0xfb,0xe7,0xe3,
  0xe0,0xeb,0xee,0xd,0xa,0xe1,0xf0,0xfe,0xf8,0xe8,0xed,0xe0,0xd,0xa,0xe1,0xf3,
  0xe9,0xe2,0xee,0xeb,0xd,0xa,0xe1,0xfe,0xf0,0xe3,0xe5,0xf0,0xd,0xa,0xe2,0xe0,
  0xf2,0xe8,0xea,0xe0,0xed,0xd,0xa,0xe2,0xe5,0xf0,0xf2,0xf3,0xf5,0xe0,0xe9,0xd,
  0xa,0xe2,0xe5,0xf8,0xea,0xe0,0xd,0xa,0xe2,0xe7,0xe2,0xee,0xe4,0xed,0xfb,0xe9,
  0xd,0xa,0xe2,0xeb,0xe0,0xe4,0xe5,0xeb,0xe8,0xf6,0xe0,0xd,0xa,0xe2,0xf1,0xe5,
  0xf3,0xf1,0xeb,0xfb,0xf8,0xe0,0xed,0xe8,0xe5,0xd,0xa,0xe2,0xfb,0xed,0xee,0xf1,
  0xd,0xa,0xe3,0xe0,0xe4,0xe0,0xeb,0xea,0xe0,0xd,0xa,0xe3,0xe0,0xe5,0xf7,0xea,
  0xe0,0xd,0xa,0xe3,0xe0,0xe9,0xe4,0xe0,0xd,0xa,0xe3,0xee,0xe1,0xe5,0xeb,0xe5,
  0xed,0xd,0xa,0xe3,0xee,0xf0,0xe8,0xf1,0xef,0xee,0xeb,0xea,0xee,0xec,0xd,0xa,
  0xe3,0xf0,0xe5,0xea,0xee,0xe2,0xd,0xa,0xe3,0xf0,0xee,0xe7,0xe4,0xfc,0xd,0xa,
  0xe3,0xf0,0xee,0xec,0xea,0xee,0xf1,0xf2,0xfc,0xd,0xa,0xe3,0xf3,0xeb,0xff,0xed,
  0xfc,0xe5,0xd,0xa,0xe4,0xe2,0xee,0xe9,0xed,0xff,0xf8,0xea,0xe0,0xd,0xa,0xe4,
  0xe5,0xea,0xe0,0xed,0xe0,0xf2,0xd,0xa,0xe4,0xe5,0xf1,0xef,0xee,0xf2,0xd,0xa,
  0xe4,0xf3,0xf0,0xed,0xee,0xf2,0xe0,0xd,0xa,0xe4,0xfe,0xe9,0xec,0xd,0xa,0xe7,
  0xe0,0xe2,0xe8,0xf2,0xf3,0xf8,0xea,0xe0,0xd,0xa,0xe7,0xe0,0xe3,0xee,0xf0,0xee,
  0xe4,0xea,0xe0,0xd,0xa,0xe7,0xe0,0xea,0xee,0xf0,0xfe,0xf7,0xea,0xe0,0xd,0xa,
  0xe7,0xe0,0xef,0xe0,0xe4,0xed,0xff,0xd,0xa,0xe7,0xe0,0xf1,0xf2,0xf3,0xef,0xed,
  0xe8,0xea,0xd,0xa,0xe7,0xe0,0xf2,0xee,0xf7,0xe5,0xed,0xe8,0xe5,0xd,0xa,0xe7,
  0xe0,0xf7,0xe8,0xf1,0xf2,0xea,0xe0,0xd,0xa,0xe7,0xe5,0xe2,0xd,0xa,0xe8,0xe4,
  0xe8,0xf8,0xd,0xa,0xe8,0xe7,0xfe,0xec,0xd,0xa,0xe8,0xe7,0xfe,0xec,0xe8,0xed,
  0xea,0xe0,0xd,0xa,0xe8,0xea,0xe0,0xf0,0xf3,0xf1,0xd,0xa,0xe8,0xea,0xf1,0xd,
  0xa,0xe8,0xed,0xe4,0xe8,0xe2,0xe8,0xe4,0xf3,0xf3,0xec,0xd,0xa,0xe8,0xed,0xf1,
  0xf3,0xeb,0xe8,0xed,0xd,0xa,0xe8,0xed,0xf2,0xe5,0xf0,0xf4,0xe5,0xe9,0xf1,0xd,
  0xa,0xea,0xe0,0xe7,0xe5,0xed,0xed,0xe8,0xea,0xd,0xa,0xea,0xe0,0xed,0xe4,0xe5,
  0xeb,0xff,0xe1,0xf0,0xd,0xa,0xea,0xe0,0xed,0xe8,0xf2,0xe5,0xeb,0xfc,0xd,0xa,
  0xea,0xe0,0xf0,0xe0,0xed,0xe4,0xe0,0xf8,0xe8,0xea,0xd,0xa,0xea,0xe0,0xf0,0xe0,
  0xf3,0xeb,0xea,0xe0,0xd,0xa,0xea,0xe0,0xf2,0xe0,0xea,0xee,0xec,0xe1,0xe0,0xd,
  0xa,0xea,0xe8,0xed,0xee,0xf8,0xed,0xe8,0xea,0xd,0xa,0xea,0xed,0xe8,0xe3,0xee,
  0xf7,0xe5,0xe9,0xd,0xa,0xea,0xee,0xea,0xeb,0xfe,0xf8,0xd,0xa,0xea,0xee,0xec,
  0xe5,0xeb,0xfc,0xd,0xa,0xea,0xee,0xf1,0xee,0xe2,0xee,0xf0,0xee,0xf2,0xea,0xe0,
  0xd,0xa,0xea,0xf0,0xe5,0xea,0xe8,0xed,0xe3,0xd,0xa,0xea,0xf0,0xe8,0xea,0xf3,
  0xed,0xd,0xa,0xea,0xf0,0xee,0xf2,0xee,0xf1,0xf2,0xfc,0xd,0xa,0xeb,0xe0,0xec,
  0xf3,0xf2,0xd,0xa,0xeb,0xe8,0xec,0xee,0xed,0xea,0xe0,0xd,0xa,0xec,0xe0,0xe3,
  0xed,0xe0,0xf2,0xd,0xa,0xec,0xe0,0xf1,0xf2,0xe5,0xf0,0xe8,0xf6,0xe0,0xd,0xa,
  0xec,0xe8,0xed,0xe7,0xe4,0xf0,0xe0,0xe2,0xd,0xa,0xec,0xe8,0xf0,0xe8,0xe0,0xe4,
  0xe0,0xd,0xa,0xec,0xee,0xe4,0xe5,0xeb,0xfc,0xe5,0xf0,0xd,0xa,0xec,0xee,0xe4,
  0xe5,0xf0,0xed,0xd,0xa,0xec,0xee,0xe4,0xe8,0xf4,0xe8,0xea,0xe0,0xf6,0xe8,0xff,
  0xd,0xa,0xed,0xe0,0xe1,0xe0,0xf2,0xd,0xa,0xed,0xe0,0xe3,0xe0,0xf1,0xe0,0xea,
  0xe8,0xd,0xa,0xed,0xe0,0xe4,0xe1,0xe0,0xe2,0xea,0xe0,0xd,0xa,0xed,0xe0,0xea,
  0xee,0xe2,0xe0,0xeb,0xfc,0xed,0xff,0xd,0xa,0xed,0xe0,0xeb,0xe8,0xf7,0xed,0xe8,
  0xea,0xd,0xa,0xed,0xe0,0xef,0xe8,0xeb,0xfc,0xed,0xe8,0xea,0xd,0xa,0xed,0xe0,
  0xef,0xf3,0xf2,0xf1,0xf2,0xe2,0xe8,0xe5,0xd,0xa,0xed,0xe0,0xf0,0xf6,0xe8,0xf1,
  0xf1,0xd,0xa,0xed,0xe5,0xed,0xe0,0xf1,0xf2,0xfc,0xe5,0xd,0xa,0xed,0xe5,0xf4,
  0xf2,0xff,0xed,0xe8,0xea,0xd,0xa,0xed,0xee,0xf0,0xe4,0xd,0xa,0xed,0xee,0xf0,
  0xec,0xe0,0xf2,0xe8,0xe2,0xd,0xa,0xee,0xec,0xf1,0xea,0xd,0xa,0xee,0xef,0xe5,
  0xf0,0xe5,0xf2,0xf2,0xe0,0xd,0xa,0xee,0xf1,0xf2,0xe5,0xee,0xec,0xe8,0xe5,0xeb,
  0xe8,0xf2,0xd,0xa,0xee,0xf2,0xee,0xf0,0xee,0xef,0xfc,0xd,0xa,0xee,0xf2,0xf0,
  0xe0,0xe4,0xe0,0xd,0xa,0xee,0xf2,0xf0,0xee,0xf7,0xe5,0xf1,0xf2,0xe2,0xee,0xd,
  0xa,0xef,0xe0,0xf1,0xea,0xf3,0xe4,0xe0,0xd,0xa,0xef,0xe0,0xf6,0xe8,0xe5,0xed,
  0xf2,0xea,0xe0,0xd,0xa,0xef,0xe0,0xff,0xf6,0xd,0xa,0xef,0xe5,0xf0,0xe5,0xe2,
  0xee,0xef,0xeb,0xee,0xf9,0xe5,0xed,0xe8,0xe5,0xd,0xa,0xef,0xe5,0xf0,0xe5,0xe4,
  0xf0,0xff,0xe3,0xe0,0xd,0xa,0xef,0xe5,0xf2,0xeb,0xfe,0xf0,0xee,0xe2,0xe5,0xf6,
  0xd,0xa,0xef,0xe5,0xf8,0xed,0xff,0xd,0xa,0xef,0xeb,0xe0,0xe2,0xed,0xe8,0xf7,
  0xee,0xea,0xd,0xa,0xef,0xeb,0xe0,0xed,0xe8,0xf0,0xee,0xe2,0xea,0xe0,0xd,0xa,
  0xef,0xeb,0xee,0xec,0xe1,0xe0,0xd,0xa,0xef,0xee,0xe2,0xe5,0xeb,0xe5,0xed,0xe8,
  0xe5,0xd,0xa,0xef,0xee,0xe4,0xe2,0xee,0xf0,0xee,0xf2,0xed,0xe8,0xf7,0xee,0xea,
  0xd,0xa,0xef,0xee,0xe7,0xe5,0xec,0xea,0xe0,0xd,0xa,0xef,0xee,0xeb,0xe8,0xe3,
  0xf0,0xe0,0xf4,0xd,0xa,0xef,0xee,0xeb,0xe8,0xf2,0xf0,0xe0,0xe1,0xee,0xf2,0xed,
  0xe8,0xea,0xd,0xa,0xef,0xf0,0xe0,0xec,0xe0,0xf2,0xe5,0xf0,0xfc,0xd,0xa,0xef,
  0xf0,0xe5,0xe4,0xf1,0xe5,0xf0,0xe4,0xe8,0xe5,0xd,0xa,0xef,0xf0,0xe5,0xf4,0xe5,
  0xea,0xf2,0xd,0xa,0xef,0xf0,0xe8,0xe7,0xec,0xe0,0xd,0xa,0xef,0xf0,0xee,0xe2,
  0xe8,0xe0,0xed,0xf2,0xd,0xa,0xef,0xf0,0xee,0xf1,0xf2,0xee,0xed,0xe0,0xf0,0xee,
  0xe4,0xfc,0xe5,0xd,0xa,0xef,0xf3,0xe1,0xeb,0xe8,0xf6,0xe8,0xf1,0xf2,0xe8,0xea,
  0xe0,0xd,0xa,0xf0,0xe0,0xe4,0xe0,0xf0,0xd,0xa,0xf0,0xe0,0xe7,0xee,0xf0,0xf3,
  0xe6,0xe5,0xed,0xe8,0xe5,0xd,0xa,0xf0,0xe0,0xf1,0xef,0xf0,0xee,0xe4,0xe0,0xe6,
  0xe0,0xd,0xa,0xf0,0xe5,0xe9,0xea,0xe0,0xd,0xa,0xf0,0xe5,0xee,0xf0,0xe3,0xe0,
  0xed,0xe8,0xe7,0xe0,0xf6,0xe8,0xff,0xd,0xa,0xf0,0xee,0xe7,0xe3,0xe0,0xd,0xa,
  0xf0,0xee,0xec,0xe1,0xd,0xa,0xf0,0xfd,0xea,0xe5,0xf2,0xd,0xa,0xf1,0xe0,0xec,
  0xee,0xe2,0xfb,0xf0,0xe0,0xe6,0xe5,0xed,0xe8,0xe5,0xd,0xa,0xf1,0xe0,0xf2,0xf3,
  0xf0,0xed,0xd,0xa,0xf1,0xe2,0xe5,0xf2,0xeb,0xee,0xf1,0xf2,0xfc,0xd,0xa,0xf1,
  0xe2,0xe8,0xed,0xe0,0xf0,0xed,0xe8,0xea,0xd,0xa,0xf1,0xe3,0xf3,0xf9,0xe5,0xed,
  0xea,0xe0,0xd,0xa,0xf1,0xea,0xee,0xf2,0xee,0xec,0xe0,0xd,0xa,0xf1,0xeb,0xf3,
  0xf5,0xe0,0xf7,0xd,0xa,0xf1,0xeb,0xf3,0xf8,0xe0,0xed,0xe8,0xe5,0xd,0xa,0xf1,
  0xee,0xe1,0xe8,0xf0,0xe0,0xf2,0xe5,0xeb,0xfc,0xd,0xa,0xf1,0xee,0xe8,0xf1,0xea,
  0xe0,0xf2,0xe5,0xeb,0xfc,0xd,0xa,0xf1,0xee,0xef,0xe5,0xf0,0xed,0xe8,0xf6,0xe0,
  0xd,0xa,0xf1,0xee,0xef,0xe5,0xf0,0xed,0xe8,0xf7,0xe5,0xf1,0xf2,0xe2,0xee,0xd,
  0xa,0xf1,0xee,0xf1,0xf2,0xe0,0xe2,0xe8,0xf2,0xe5,0xeb,0xfc,0xd,0xa,0xf1,0xee,
  0xf4,0xe8,0xff,0xd,0xa,0xf1,0xf2,0xee,0xeb,0xe1,0xe5,0xf6,0xd,0xa,0xf1,0xf2,
  0xf0,0xee,0xef,0xe8,0xeb,0xee,0xd,0xa,0xf1,0xf3,0xf8,0xe8,0xeb,0xea,0xe0,0xd,
  0xa,0xf1,0xf6,0xe5,0xed,0xea,0xe0,0xd,0xa,0xf2,0xf0,0xe0,0xed,0xea,0xe2,0xe8,
  0xeb,0xe8,0xe7,0xe0,0xf2,0xee,0xf0,0xd,0xa,0xf2,0xf0,0xe8,0xee,0xd,0xa,0xf2,
  0xf0,0xf3,0xe4,0xee,0xe4,0xe5,0xed,0xfc,0xd,0xa,0xf2,0xf0,0xfe,0xec,0xee,0xd,
  0xa,0xf3,0xe7,0xe4,0xf6,0xfb,0xd,0xa,0xf3,0xea,0xeb,0xfe,0xf7,0xe8,0xed,0xe0,
  0xd,0xa,0xf3,0xef,0xee,0xea,0xee,0xe9,0xd,0xa,0xf4,0xe1,0xf0,0xd,0xa,0xf4,
  0xe8,0xea,0xf6,0xe8,0xff,0xd,0xa,0xf4,0xe8,0xf8,0xea,0xe0,0xd,0xa,0xf5,0xe0,
  0xeb,0xe0,0xf2,0xed,0xee,0xf1,0xf2,0xfc,0xd,0xa,0xf7,0xe8,0xea,0xe0,0xe3,0xee,
  0xd,0xa,0xf7,0xe8,0xf2,0xe0,0xeb,0xfc,0xed,0xff,0xd,0xa,0xf7,0xf3,0xe2,0xe0,
  0xea,0xd,0xa,0xf8,0xe0,0xeb,0xec,0xe0,0xed,0xd,0xa,0xf8,0xe0,0xeb,0xf3,0xed,
  0xd,0xa,0xf8,0xef,0xe0,0xe3,0xe0,0xf2,0xd,0xa,0xfd,0xeb,0xd,0xa,0xfe,0xe1,
  0xe8,0xeb,0xff,0xf0,0xd,0xa,0xe0,0xe1,0xf5,0xe0,0xe7,0xe8,0xff,0xd,0xa,0xe0,
  0xf2,0xf0,0xe8,0xe1,0xf3,0xf2,0xd,0xa,0xe0,0xf4,0xee,0xf0,0xe8,0xe7,0xec,0xd,
  0xa,0xe1,0xeb,0xe0,0xe3,0xee,0xf1,0xeb,0xee,0xe2,0xe5,0xed,0xe8,0xe5,0xd,0xa,
  0xe1,0xee,0xeb,0xe3,0xe0,0xf0,0xe8,0xff,0xd,0xa,0xe2,0xed,0xf3,0xf7,0xee,0xea,
  0xd,0xa,0xe2,0xee,0xe4,0xee,0xf7,0xea,0xe0,0xd,0xa,0xe2,0xef,0xe0,0xe4,0xe8,
  0xed,0xe0,0xd,0xa,0xe2,0xfb,0xf0,0xee,0xe4,0xee,0xea,0xd,0xa,0xe3,0xee,0xeb,
  0xeb,0xe8,0xe2,0xf3,0xe4,0xd,0xa,0xe4,0xe5,0xe3,0xe5,0xed,0xe5,0xf0,0xe0,0xf6,
  0xe8,0xff,0xd,0xa,0xe4,0xee,0xea,0xeb,0xe0,0xe4,0xf7,0xe8,0xea,0xd,0xa,0xe7,
  0xe0,0xe1,0xe2,0xe5,0xed,0xe8,0xe5,0xd,0xa,0xe7,0xe0,0xe1,0xee,0xe9,0xd,0xa,
  0xe7,0xe0,0xe3,0xf0,0xff,0xe7,0xed,0xe5,0xed,0xe8,0xe5,0xd,0xa,0xe7,0xe0,0xe3,
  0xf1,0xd,0xa,0xe7,0xe4,0xf0,0xe0,0xe2,0xe8,0xe5,0xd,0xa,0xea,0xe0,0xef,0xd,
  0xa,0xea,0xe8,0xf0,0xea,0xe0,0xd,0xa,0xea,0xeb,0xe5,0xf8,0xed,0xff,0xd,0xa,
  0xea,0xf0,0xe5,0xf1,0xf2,0xfc,0xff,0xed,0xf1,0xf2,0xe2,0xee,0xd,0xa,0xeb,0xe0,
  0xf2,0xfb,0xed,0xfc,0xd,0xa,0xeb,0xe8,0xec,0xee,0xed,0xe0,0xe4,0xd,0xa,0xec,
  0xe0,0xf1,0xea,0xe0,0xf0,0xe0,0xe4,0xd,0xa,0xec,0xf3,0xed,0xe4,0xf8,0xf2,0xf3,
  0xea,0xd,0xa,0xed,0xe0,0xf2,0xf3,0xe3,0xe0,0xd,0xa,0xed,0xe8,0xea,0xe5,0xeb,
  0xfc,0xd,0xa,0xee,0xe3,0xee,0xe2,0xee,0xf0,0xea,0xe0,0xd,0xa,0xee,0xf1,0xea,
  0xe0,0xf0,0xd,0xa,0xef,0xe8,0xe2,0xea,0xee,0xd,0xa,0xef,0xeb,0xe0,0xe7,0xec,
  0xe0,0xd,0xa,0xef,0xf0,0xe8,0xe2,0xeb,0xe5,0xf7,0xe5,0xed,0xe8,0xe5,0xd,0xa,
  0xef,0xf0,0xee,0xf2,0xe8,0xe2,0xee,0xe3,0xe0,0xe7,0xd,0xa,0xf0,0xe0,0xe7,0xe3,
  0xe0,0xe4,0xea,0xe0,0xd,0xa,0xf0,0xe0,0xe7,0xeb,0xee,0xe6,0xe5,0xed,0xe8,0xe5,
  0xd,0xa,0xf1,0xe0,0xec,0xee,0xf3,0xf2,0xe2,0xe5,0xf0,0xe6,0xe4,0xe5,0xed,0xe8,
  0xe5,0xd,0xa,0xf1,0xe3,0xf3,0xf1,0xf2,0xee,0xea,0xd,0xa,0xf1,0xeb,0xf3,0xe6,
  0xe5,0xed,0xe8,0xe5,0xd,0xa,0xf1,0xef,0xe0,0xf1,0xe0,0xf2,0xe5,0xeb,0xfc,0xd,
  0xa,0xf2,0xe2,0xee,0xf0,0xee,0xe3,0xd,0xa,0xf3,0xea,0xf1,0xf3,0xf1,0xd,0xa,
  0xf6,0xe8,0xed,0xee,0xe2,0xea,0xe0,0xd,0xa,0xf7,0xe0,0xed,0xd,0xa,0xf8,0xea,
  0xe0,0xeb,0xee,0xd,0xa,0xf8,0xf2,0xee,0xef,0xee,0xf0,0xd,0xa,0xfd,0xef,0xe8,
  0xf2,0xe5,0xf2,0xd,0xa,0xe3,0xe0,0xeb,0xee,0xf8,0xe0,0xd,0xa,0xe3,0xee,0xed,
  0xea,0xe0,0xd,0xa,0xe9,0xee,0xe4,0xd,0xa,0xeb,0xe8,0xf6,0xe5,0xed,0xe7,0xe8,
  0xff,0xd,0xa,0xec,0xe0,0xf1,0xf2,0xfc,0xd,0xa,0xef,0xee,0xe4,0xf7,0xe8,0xed,
  0xe5,0xed,0xe8,0xe5,0xd,0xa,0xef,0xf0,0xe8,0xeb,0xe8,0xf7,0xe8,0xe5,0xd,0xa,
  0xf0,0xee,0xe2,0xe5,0xf1,0xed,0xe8,0xea,0xd,0xa,0xf1,0xe0,0xec,0xee,0xe3,0xee,
  0xed,0xd,0xa,0xf1,0xe5,0xed,0xe8,0xd,0xa,0xf1,0xea,0xe0,0xec,0xe5,0xe5,0xf7,
  0xea,0xe0,0xd,0xa,0xf1,0xee,0xe2,0xee,0xea,0xf3,0xef,0xed,0xee,0xf1,0xf2,0xfc,
  0xd,0xa,0xf1,0xee,0xec,0xd,0xa,0xf3,0xea,0xeb,0xee,0xed,0xd,0xa,0xf8,0xe8,
  0xf0,0xee,0xf2,0xe0,0xd,0xa,0xe3,0xee,0xf1,0xe4,0xf3,0xec,0xe0,0xd,0xa,0xea,
  0xee,0xec,0xef,0xee,0xe7,0xe8,0xf6,0xe8,0xff,0xd,0xa,0xec,0xe5,0xf8,0xee,0xf7,
  0xe5,0xea,0xd,0xa,0xed,0xe5,0xf1,0xf7,0xe0,0xf1,0xf2,0xed,0xfb,0xe9,0xd,0xa,
  0xee,0xf4,0xee,0xf0,0xec,0xeb,0xe5,0xed,0xe8,0xe5,0xd,0xa,0xef,0xee,0xec,0xee,
  0xe9,0xea,0xe0,0xd,0xa,0xef,0xf0,0xee,0xe4,0xee,0xeb,0xe6,0xe8,0xf2,0xe5,0xeb,
  0xfc,0xed,0xee,0xf1,0xf2,0xfc,0xd,0xa,0xf1,0xe5,0xed,0xfc,0xd,0xa,0xf1,0xf3,
  0xe4,0xe0,0xf0,0xfc,0xd,0xa,0xf8,0xe0,0xea,0xe0,0xeb,0xd,0xa,0xfd,0xea,0xf1,
  0xef,0xe5,0xf0,0xf2,0xe8,0xe7,0xe0,0xd,0xa,0xe0,0xe1,0xe2,0xe5,0xf0,0xd,0xa,
  0xe0,0xe1,0xf0,0xe0,0xea,0xe0,0xe4,0xe0,0xe1,0xf0,0xe0,0xd,0xa,0xe0,0xe2,0xf2,
  0xee,0xe7,0xe0,0xe2,0xee,0xe4,0xd,0xa,0xe0,0xe2,0xf2,0xee,0xf6,0xe5,0xed,0xf2,
  0xf0,0xd,0xa,0xe0,0xea,0xe8,0xec,0xee,0xe2,0xe8,0xf7,0xd,0xa,0xe0,0xea,0xf1,
  0xe5,0xeb,0xe5,0xf0,0xe0,0xf2,0xee,0xf0,0xd,0xa,0xe0,0xea,0xf2,0xe5,0xf0,0xf1,
  0xf2,0xe2,0xee,0xd,0xa,0xe0,0xea,0xf3,0xef,0xf3,0xed,0xea,0xf2,0xf3,0xf0,0xe0,
  0xd,0xa,0xe0,0xeb,0xe0,0xe4,0xe4,0xe8,0xed,0xd,0xa,0xe0,0xec,0xec,0xee,0xed,
  0xe8,0xe9,0xd,0xa,0xe0,0xed,0xe0,0xf2,0xee,0xeb,0xfc,0xe5,0xe2,0xed,0xe0,0xd,
  0xa,0xe0,0xed,0xf2,0xe0,0xf0,0xea,0xf2,0xe8,0xea,0xe0,0xd,0xa,0xe0,0xf0,0xe0,
  0xf0,0xe0,0xf2,0xd,0xa,0xe0,0xf0,0xf2,0xee,0xe1,0xf1,0xf2,0xf0,0xe5,0xeb,0xd,
  0xa,0xe0,0xf1,0xea,0xe5,0xf2,0xe8,0xe7,0xec,0xd,0xa,0xe1,0xe0,0xeb,0xeb,0xe0,
  0xf1,0xf2,0xd,0xa,0xe1,0xe0,0xf0,0xe8,0xe9,0xd,0xa,0xe1,0xe0,0xf0,0xee,0xec,
  0xe5,0xf2,0xf0,0xd,0xa,0xe1,0xe5,0xeb,0xe3,0xee,0xf0,0xee,0xe4,0xd,0xa,0xe1,
  0xe5,0xeb,0xe8,0xe1,0xe5,0xf0,0xe4,0xe0,0xd,0xa,0xe1,0xe5,0xeb,0xfc,0xe8,0xf8,
  0xea,0xee,0xd,0xa,0xe1,0xe5,0xf0,0xe5,0xe7,0xee,0xe2,0xe8,0xea,0xd,0xa,0xe1,
  0xe5,0xf0,0xe7,0xe8,0xed,0xd,0xa,0xe1,0xe5,0xf1,0xea,0xee,0xe7,0xfb,0xf0,0xea,
  0xe0,0xd,0xa,0xe1,0xe5,0xf1,0xef,0xee,0xeb,0xe5,0xe7,0xed,0xee,0xf1,0xf2,0xfc,
  0xd,0xa,0xe1,0xe5,0xf1,0xef,0xf0,0xe5,0xe4,0xe5,0xeb,0xfc,0xed,0xee,0xf1,0xf2,
  0xfc,0xd,0xa,0xe1,0xe8,0xe1,0xeb,0xe8,0xee,0xf4,0xe8,0xeb,0xd,0xa,0xe1,0xe8,
  0xe7,0xee,0xed,0xd,0xa,0xe1,0xe8,0xee,0xec,0xe0,0xf1,0xf1,0xe0,0xd,0xa,0xe1,
  0xe8,0xf2,0xeb,0xe7,0xd,0xa,0xe1,0xe8,0xf2,0xfe,0xe3,0xd,0xa,0xe1,0xeb,0xe0,
  0xe3,0xee,0xe4,0xe5,0xff,0xed,0xe8,0xe5,0xd,0xa,0xe1,0xee,0xe3,0xee,0xec,0xee,
  0xeb,0xd,0xa,0xe1,0xee,0xe4,0xf0,0xf1,0xf2,0xe2,0xee,0xe2,0xe0,0xed,0xe8,0xe5,
  0xd,0xa,0xe1,0xf0,0xe0,0xe7,0xe4,0xe0,0xd,0xa,0xe1,0xf0,0xee,0xec,0xd,0xa,
  0xe1,0xf0,0xfe,0xea,0xe2,0xe8,0xed,0xe0,0xd,0xa,0xe1,0xf3,0xe5,0xf0,0xe0,0xea,
  0xd,0xa,0xe2,0xe0,0xf1,0xfc,0xea,0xe8,0xed,0xd,0xa,0xe2,0xe0,0xf4,0xeb,0xff,
  0xd,0xa,0xe2,0xe5,0xea,0xf2,0xee,0xf0,0xd,0xa,0xe2,0xe5,0xeb,0xfe,0xf0,0xd,
  0xa,0xe2,0xe5,0xf0,0xee,0xf3,0xf7,0xe5,0xed,0xe8,0xe5,0xd,0xa,0xe2,0xee,0xe8,
  0xf2,0xe5,0xeb,0xfc,0xd,0xa,0xe2,0xf1,0xf5,0xee,0xe4,0xd,0xa,0xe2,0xf2,0xd,
  0xa,0xe2,0xfb,0xf1,0xfb,0xf5,0xe0,0xed,0xe8,0xe5,0xd,0xa,0xe2,0xfc,0xfe,0xed,
  0xd,0xa,0xe2,0xff,0xe7,0xe0,0xed,0xe8,0xe5,0xd,0xa,0xe3,0xe0,0xf0,0xef,0xf3,
  0xed,0xd,0xa,0xe3,0xe5,0xf0,0xea,0xf3,0xeb,0xe5,0xf1,0xd,0xa,0xe3,0xe8,0xe4,
  0xf0,0xee,0xea,0xe0,0xf0,0xe1,0xee,0xed,0xe0,0xf2,0xd,0xa,0xe3,0xe8,0xea,0xe0,
  0xed,0xfc,0xe5,0xd,0xa,0xe3,0xed,0xf3,0xf1,0xd,0xa,0xe3,0xee,0xeb,0xee,0xe2,
  0xe5,0xed,0xea,0xe0,0xd,0xa,0xe3,0xee,0xec,0xee,0xf1,0xe5,0xea,0xf1,0xf3,0xe0,
  0xeb,0xe8,0xe7,0xec,0xd,0xa,0xe3,0xee,0xf1,0xe1,0xfe,0xe4,0xe6,0xe5,0xf2,0xd,
  0xa,0xe3,0xf0,0xe5,0xe9,0xe4,0xe5,0xf0,0xd,0xa,0xe3,0xf3,0xe0,0xf8,0xfc,0xd,
  0xa,0xe4,0xe5,0xe1,0xe0,0xf0,0xea,0xe0,0xe4,0xe5,0xf0,0xd,0xa,0xe4,0xe5,0xe5,
  0xe2,0xd,0xa,0xe4,0xe5,0xec,0xd,0xa,0xe4,0xe5,0xed,0xe5,0xf7,0xe5,0xea,0xd,
  0xa,0xe4,0xe5,0xf1,0xed,0xe8,0xf6,0xe0,0xd,0xa,0xe4,0xe6,0xe5,0xec,0xd,0xa,
  0xe4,0xe7,0xfe,0xe4,0xee,0xd,0xa,0xe4,0xe8,0xf1,0xea,0xe0,0xed,0xf2,0xd,0xa,
  0xe4,0xe8,0xf1,0xf1,0xe8,0xe4,0xe5,0xed,0xf2,0xf1,0xf2,0xe2,0xee,0xd,0xa,0xe4,
  0xee,0xec,0xee,0xe2,0xeb,0xe0,0xe4,0xe5,0xeb,0xe5,0xf6,0xd,0xa,0xe4,0xee,0xed,
  0xee,0xf1,0xe8,0xf2,0xe5,0xeb,0xfc,0xf1,0xf2,0xe2,0xee,0xd,0xa,0xe4,0xee,0xf0,
  0xee,0xf4,0xe5,0xe5,0xed,0xea,0xee,0xd,0xa,0xe4,0xf3,0xf0,0xee,0xe2,0xe0,0xd,
  0xa,0xe5,0xe2,0xef,0xe0,0xf2,0xee,0xf0,0xe8,0xff,0xd,0xa,0xe5,0xf1,0xf1,0xe5,
  0xed,0xf2,0xf3,0xea,0xe8,0xd,0xa,0xe5,0xf1,0xf2,0xe5,0xf1,0xf2,0xe2,0xee,0xe7,
  0xed,0xe0,0xed,0xe8,0xe5,0xd,0xa,0xe6,0xe5,0xed,0xfc,0xf8,0xe5,0xed,0xfc,0xd,
  0xa,0xe6,0xe5,0xf0,0xe5,0xe1,0xe5,0xed,0xee,0xea,0xd,0xa,0xe6,0xf0,0xe8,0xf6,
  0xe0,0xd,0xa,0xe7,0xe0,0xe2,0xee,0xeb,0xe6,0xf1,0xea,0xd,0xa,0xe7,0xe0,0xf1,
  0xfb,0xef,0xe0,0xed,0xe8,0xe5,0xd,0xa,0xe7,0xe2,0xe5,0xe7,0xe4,0xee,0xf7,0xe5,
  0xf2,0xd,0xa,0xe7,0xe2,0xee,0xed,0xee,0xf7,0xe5,0xea,0xd,0xa,0xe7,0xe4,0xf0,
  0xe0,0xe2,0xe8,0xf6,0xe0,0xd,0xa,0xe7,0xe5,0xeb,0xe0,0xed,0xe4,0xe8,0xff,0xd,
  0xa,0xe7,0xec,0xe8,0xe9,0xd,0xa,0xe7,0xee,0xe4,0xf7,0xe5,0xf1,0xf2,0xe2,0xee,
  0xd,0xa,0xe7,0xee,0xed,0xe4,0xe8,0xf0,0xee,0xe2,0xe0,0xed,0xe8,0xe5,0xd,0xa,
  0xe8,0xe7,0xe2,0xee,0xf0,0xee,0xf2,0xeb,0xe8,0xe2,0xee,0xf1,0xf2,0xfc,0xd,0xa,
  0xe8,0xe7,0xf3,0xe2,0xe5,0xf0,0xd,0xa,0xe8,0xea,0xe5,0xe1,0xe0,0xed,0xe0,0xd,
  0xa,0xe8,0xf1,0xf6,0xe5,0xeb,0xe5,0xed,0xe8,0xe5,0xd,0xa,0xea,0xe0,0xe4,0xec,
  0xe8,0xe9,0xd,0xa,0xea,0xe0,0xf0,0xea,0xe0,0xed,0xfc,0xe5,0xd,0xa,0xea,0xe0,
  0xf1,0xe0,0xf2,0xe5,0xeb,0xfc,0xf1,0xf2,0xe2,0xee,0xd,0xa,0xea,0xe0,0xf1,0xef,
  0xe8,0xe9,0xd,0xa,0xea,0xe0,0xf2,0xe0,0xeb,0xfc,0xd,0xa,0xea,0xe0,0xf2,0xe0,
  0xf0,0xe8,0xed,0xe0,0xd,0xa,0xea,0xe2,0xee,0xf2,0xe0,0xd,0xa,0xea,0xe5,0xe4,
  0xf0,0xe0,0xf7,0xd,0xa,0xea,0xe5,0xe4,0xf0,0xee,0xe2,0xea,0xe0,0xd,0xa,0xea,
  0xe8,0xeb,0xee,0xea,0xe0,0xeb,0xee,0xf0,0xe8,0xff,0xd,0xa,0xea,0xe8,0xef,0xf0,
  0xe8,0xee,0xf2,0xd,0xa,0xea,0xe8,0xef,0xff,0xf7,0xe5,0xed,0xe8,0xe5,0xd,0xa,
  0xea,0xed,0xe8,0xe6,0xee,0xed,0xea,0xe0,0xd,0xa,0xea,0xed,0xf0,0xd,0xa,0xea,
  0xee,0xec,0xe0,0xed,0xe4,0xe8,0xf0,0xf8,0xe0,0xd,0xa,0xea,0xee,0xec,0xe8,0xea,
  0xf1,0xd,0xa,0xea,0xee,0xed,0xe4,0xe8,0xf6,0xe8,0xee,0xed,0xe8,0xf0,0xee,0xe2,
  0xe0,0xed,0xe8,0xe5,0xd,0xa,0xea,0xee,0xed,0xee,0xe3,0xee,0xed,0xd,0xa,0xea,
  0xee,0xed,0xf1,0xef,0xe8,0xf0,0xe0,0xf2,0xee,0xf0,0xd,0xa,0xea,0xee,0xed,0xf1,
  0xf2,0xf0,0xf3,0xe8,0xf0,0xee,0xe2,0xe0,0xed,0xe8,0xe5,0xd,0xa,0xea,0xee,0xee,
  0xf0,0xe4,0xe8,0xed,0xe0,0xf2,0xee,0xf0,0xd,0xa,0xea,0xee,0xf0,0xfb,0xf2,0xf6,
  0xe5,0xd,0xa,0xea,0xee,0xf1,0xec,0xee,0xef,0xee,0xeb,0xe8,0xf2,0xe8,0xe7,0xec,
  0xd,0xa,0xea,0xee,0xf2,0xeb,0xe5,0xf2,0xea,0xe0,0xd,0xa,0xea,0xee,0xf4,0xe5,
  0xe9,0xd,0xa,0xea,0xf0,0xe0,0xf2,0xd,0xa,0xea,0xf0,0xe8,0xe2,0xee,0xe9,0xd,
  0xa,0xea,0xf0,0xee,0xe2,0xe8,0xed,0xea,0xe0,0xd,0xa,0xea,0xf0,0xee,0xe2,0xe8,
  0xf9,0xe0,0xd,0xa,0xea,0xf0,0xff,0xf5,0xf2,0xe5,0xed,0xfc,0xe5,0xd,0xa,0xea,
  0xf3,0xeb,0xe0,0xf7,0xe8,0xf9,0xe5,0xd,0xa,0xea,0xf3,0xf0,0xf1,0xe8,0xe2,0xd,
  0xa,0xea,0xf3,0xf0,0xfc,0xff,0xd,0xa,0xeb,0xe0,0xe7,0xe0,0xf0,0xe5,0xed,0xea,
  0xee,0xd,0xa,0xeb,0xe0,0xed,0xe8,0xf2,0xe0,0xd,0xa,0xeb,0xe0,0xed,0xfc,0xd,
  0xa,0xeb,0xe0,0xef,0xf2,0xe0,0xd,0xa,0xeb,0xe5,0xe6,0xe1,0xe8,0xf9,0xe5,0xd,
  0xa,0xeb,0xe5,0xe9,0xea,0xe0,0xd,0xa,0xeb,0xe5,0xef,0xea,0xe0,0xd,0xa,0xeb,
  0xe5,0xef,0xed,0xe8,0xed,0xe0,0xd,0xa,0xeb,0xe5,0xef,0xf0,0xee,0xe7,0xee,0xf0,
  0xe8,0xe9,0xd,0xa,0xeb,0xe8,0xec,0xe0,0xed,0xd,0xa,0xeb,0xe8,0xec,0xf4,0xee,
  0xf6,0xe8,0xf2,0xd,0xa,0xeb,0xee,0xe4,0xfb,0xe6,0xea,0xe0,0xd,0xa,0xeb,0xf3,
  0xe7,0xe0,0xd,0xa,0xeb,0xfb,0xf7,0xea,0xee,0xd,0xa,0xeb,0xfe,0xe1,0xee,0xef,
  0xfb,0xf2,0xed,0xfb,0xe9,0xd,0xa,0xec,0xe0,0xe3,0xed,0xe5,0xf2,0xe8,0xe7,0xec,
  0xd,0xa,0xec,0xe0,0xeb,0xee,0xea,0xf0,0xee,0xe2,0xe8,0xe5,0xd,0xa,0xec,0xe0,
  0xed,0xee,0xec,0xe5,0xf2,0xf0,0xd,0xa,0xec,0xe0,0xed,0xf3,0xf1,0xea,0xf0,0xe8,
  0xef,0xf2,0xd,0xa,0xec,0xe0,0xf1,0xf2,0xe0,0xea,0xd,0xa,0xec,0xe0,0xf5,0xe0,
  0xf7,0xea,0xe0,0xeb,0xe0,0xd,0xa,0xec,0xe5,0xe4,0xe0,0xeb,0xe8,0xf1,0xf2,0xd,
  0xa,0xec,0xe5,0xe4,0xe8,0xf2,0xe0,0xf6,0xe8,0xff,0xd,0xa,0xec,0xe5,0xea,0xf1,
  0xe8,0xea,0xe0,0xed,0xe5,0xf6,0xd,0xa,0xec,0xe5,0xf2,0xe0,0xec,0xee,0xf0,0xf4,
  0xee,0xe7,0xd,0xa,0xec,0xe5,0xf2,0xe5,0xee,0xf0,0xe8,0xe7,0xec,0xd,0xa,0xec,
  0xe5,0xf8,0xe0,0xeb,0xea,0xe8,0xed,0xe0,0xd,0xa,0xec,0xeb,0xe0,0xe4,0xe5,0xed,
  0xf7,0xe8,0xea,0xd,0xa,0xec,0xee,0xea,0xe0,0xf1,0xe8,0xed,0xd,0xa,0xec,0xee,
  0xeb,0xee,0xf2,0xe8,0xeb,0xea,0xe0,0xd,0xa,0xec,0xee,0xed,0xee,0xeb,0xe8,0xf2,
  0xd,0xa,0xec,0xee,0xf0,0xf4,0xe8,0xe9,0xd,0xa,0xec,0xf3,0xeb,0xe0,0xf2,0xd,
  0xa,0xec,0xfb,0xf2,0xe0,0xf0,0xfc,0xd,0xa,0xed,0xe0,0xe6,0xe4,0xe0,0xea,0xd,
  0xa,0xed,0xe0,0xf0,0xe2,0xe0,0xeb,0xd,0xa,0xed,0xe0,0xf1,0xe5,0xf1,0xf2,0xd,
  0xa,0xed,0xe4,0xf1,0xd,0xa,0xed,0xe5,0xe0,0xe4,0xe5,0xea,0xe2,0xe0,0xf2,0xed,
  0xee,0xf1,0xf2,0xfc,0xd,0xa,0xed,0xe5,0xe2,0xe5,0xf0,0xed,0xee,0xf1,0xf2,0xfc,
  0xd,0xa,0xed,0xe5,0xe3,0xee,0xe4,0xed,0xee,0xf1,0xf2,0xfc,0xd,0xa,0xed,0xe5,
  0xe4,0xe5,0xf0,0xe6,0xe0,0xed,0xe8,0xe5,0xd,0xa,0xed,0xe5,0xe5,0xf1,0xf2,0xe5,
  0xf1,0xf2,0xe2,0xe5,0xed,0xed,0xee,0xf1,0xf2,0xfc,0xd,0xa,0xed,0xe5,0xef,0xf0,
  0xe8,0xf7,0xe0,0xf1,0xf2,0xed,0xee,0xf1,0xf2,0xfc,0xd,0xa,0xed,0xe5,0xf0,0xe5,
  0xe0,0xeb,0xfc,0xed,0xee,0xf1,0xf2,0xfc,0xd,0xa,0xed,0xe5,0xf4,0xf2,0xe5,0xef,
  0xf0,0xee,0xe4,0xf3,0xea,0xf2,0xd,0xa,0xed,0xf0,0xe0,0xe2,0xee,0xf3,0xf7,0xe5,
  0xed,0xe8,0xe5,0xd,0xa,0xee,0xe1,0xf3,0xe2,0xea,0xe0,0xd,0xa,0xee,0xe1,0xf9,
  0xe0,0xea,0xd,0xa,0xee,0xe7,0xe5,0xf0,0xea,0xee,0xd,0xa,0xee,0xf1,0xe5,0xe4,
  0xe0,0xed,0xe8,0xe5,0xd,0xa,0xee,0xf2,0xe3,0xe0,0xe4,0xea,0xe0,0xd,0xa,0xee,
  0xf2,0xec,0xee,0xf0,0xee,0xe6,0xe5,0xed,0xe8,0xe5,0xd,0xa,0xee,0xf8,0xe8,0xe1,
  0xee,0xf7,0xea,0xe0,0xd,0xa,0xef,0xe0,0xf0,0xee,0xf5,0xee,0xe4,0xe8,0xea,0xd,
  0xa,0xef,0xe0,0xf2,0xe5,0xf2,0xe8,0xea,0xe0,0xd,0xa,0xef,0xe0,0xf2,0xf0,0xe8,
  0xea,0xe5,0xe5,0xe2,0xe0,0xd,0xa,0xef,0xe5,0xf0,0xe5,0xef,0xf0,0xee,0xe4,0xe0,
  0xe6,0xe0,0xd,0xa,0xef,0xe5,0xf0,0xeb,0xfc,0xd,0xa,0xef,0xe5,0xf2,0xe5,0xf0,
  0xe3,0xee,0xf4,0xd,0xa,0xef,0xe8,0xee,0xed,0xd,0xa,0xef,0xeb,0xe0,0xf1,0xf2,
  0xe8,0xf7,0xed,0xee,0xf1,0xf2,0xfc,0xd,0xa,0xef,0xeb,0xee,0xe4,0xee,0xf0,0xee,
  0xe4,0xe8,0xe5,0xd,0xa,0xef,0xee,0xe3,0xf0,0xe5,0xec,0xf3,0xf8,0xea,0xe0,0xd,
  0xa,0xef,0xee,0xe4,0xe0,0xe3,0xf0,0xe0,0xd,0xa,0xef,0xee,0xe4,0xed,0xee,0xf8,
  0xe5,0xed,0xe8,0xe5,0xd,0xa,0xef,0xee,0xea,0xe0,0xeb,0xfb,0xe2,0xe0,0xed,0xe8,
  0xe5,0xd,0xa,0xef,0xee,0xea,0xf3,0xef,0xe0,0xf2,0xe5,0xeb,0xfc,0xed,0xe8,0xf6,
  0xe0,0xd,0xa,0xef,0xee,0xeb,0xed,0xee,0xf6,0xe5,0xed,0xed,0xee,0xf1,0xf2,0xfc,
  0xd,0xa,0xef,0xee,0xeb,0xf3,0xe7,0xe0,0xe1,0xfb,0xf2,0xfc,0xe5,0xd,0xa,0xef,
  0xee,0xf0,0xe8,0xf6,0xe0,0xed,0xe8,0xe5,0xd,0xa,0xef,0xee,0xf0,0xf3,0xe1,0xea,
  0xe0,0xd,0xa,0xef,0xee,0xf1,0xf2,0xee,0xe2,0xee,0xe9,0xd,0xa,0xef,0xf0,0xe0,
  0xe3,0xec,0xe0,0xf2,0xe8,0xea,0xd,0xa,0xef,0xf0,0xe0,0xef,0xf0,0xe0,0xe2,0xed,
  0xf3,0xea,0xd,0xa,0xef,0xf0,0xe5,0xe4,0xfb,0xf1,0xf2,0xee,0xf0,0xe8,0xff,0xd,
  0xa,0xef,0xf0,0xe5,0xef,0xe8,0xed,0xe0,0xed,0xe8,0xe5,0xd,0xa,0xef,0xf0,0xe8,
  0xf1,0xe2,0xe8,0xf1,0xf2,0xd,0xa,0xef,0xf0,0xe8,0xf1,0xe5,0xf1,0xf2,0xd,0xa,
  0xef,0xf0,0xee,0xe1,0xee,0xe4,0xe5,0xed,0xe8,0xe5,0xd,0xa,0xef,0xf0,0xee,0xe3,
  0xf0,0xe0,0xec,0xec,0xea,0xe0,0xd,0xa,0xef,0xf1,0xe0,0xeb,0xee,0xec,0xd,0xa,
  0xef,0xf3,0xe3,0xee,0xe2,0xe8,0xf7,0xea,0xe0,0xd,0xa,0xef,0xfb,0xe6,0xe8,0xea,
  0xd,0xa,0xef,0xff,0xf0,0xed,0xf3,0xd,0xa,0xf0,0xe0,0xe7,0xe2,0xff,0xe7,0xed,
  0xee,0xf1,0xf2,0xfc,0xd,0xa,0xf0,0xe0,0xe7,0xed,0xee,0xf7,0xe8,0xed,0xe5,0xf6,
  0xd,0xa,0xf0,0xe0,0xec,0xef,0xe0,0xd,0xa,0xf0,0xe0,0xf1,0xe8,0xf1,0xf2,0xd,
  0xa,0xf0,0xe0,0xf1,0xf1,0xe0,0xe4,0xe0,0xd,0xa,0xf0,0xe0,0xf1,0xf2,0xe5,0xf0,
  0xe7,0xe0,0xed,0xe8,0xe5,0xd,0xa,0xf0,0xe0,0xf1,0xf9,0xe5,0xef,0xeb,0xe5,0xed,
  0xe8,0xe5,0xd,0xa,0xf0,0xe0,0xf6,0xe8,0xee,0xed,0xe0,0xeb,0xfc,0xed,0xee,0xf1,
  0xf2,0xfc,0xd,0xa,0xf0,0xe5,0xe0,0xea,0xf2,0xe8,0xe2,0xed,0xee,0xf1,0xf2,0xfc,
  0xd,0xa,0xf0,0xe5,0xe3,0xe0,0xeb,0xe8,0xff,0xd,0xa,0xf0,0xe5,0xf7,0xe8,0xf2,
  0xe0,0xf2,0xe8,0xe2,0xd,0xa,0xf0,0xee,0xe4,0xee,0xed,0xe0,0xf7,0xe0,0xeb,0xfc,
  0xed,0xe8,0xea,0xd,0xa,0xf0,0xee,0xf1,0xe8,0xed,0xea,0xe0,0xd,0xa,0xf0,0xee,
  0xf2,0xee,0xed,0xe4,0xe0,0xd,0xa,0xf0,0xf3,0xe1,0xeb,0xe5,0xe2,0xea,0xe0,0xd,
  0xa,0xf0,0xf3,0xe7,0xe0,0xd,0xa,0xf0,0xfb,0xe1,0xe0,0xf7,0xea,0xe0,0xd,0xa,
  0xf0,0xff,0xe4,0xed,0xee,0xd,0xa,0xf1,0xe0,0xea,0xd,0xa,0xf1,0xe0,0xea,0xf1,
  0xee,0xf4,0xee,0xed,0xe8,0xf1,0xf2,0xd,0xa,0xf1,0xe0,0xec,0xee,0xe4,0xe5,0xf0,
  0xe6,0xe5,0xf6,0xd,0xa,0xf1,0xe0,0xec,0xee,0xee,0xe1,0xf0,0xe0,0xe7,0xee,0xe2,
  0xe0,0xed,0xe8,0xe5,0xd,0xa,0xf1,0xe0,0xef,0xf4,0xe8,0xf0,0xd,0xa,0xf1,0xe0,
  0xf4,0xfc,0xff,0xed,0xd,0xa,0xf1,0xe5,0xe7,0xee,0xed,0xed,0xe8,0xea,0xd,0xa,
  0xf1,0xe5,0xec,0xe8,0xed,0xe0,0xf0,0xe8,0xe9,0xd,0xa,0xf1,0xe5,0xf0,0xe5,0xe4,
  0xe0,0xd,0xa,0xf1,0xe5,0xf2,0xee,0xf7,0xea,0xe0,0xd,0xa,0xf1,0xe5,0xff,0xf2,
  0xe5,0xeb,0xfc,0xd,0xa,0xf1,0xe8,0xeb,0xee,0xf1,0xd,0xa,0xf1,0xe8,0xed,0xe5,
  0xeb,0xfc,0xd,0xa,0xf1,0xe8,0xed,0xf2,0xe5,0xf2,0xe8,0xea,0xd,0xa,0xf1,0xe8,
  0xf0,0xee,0xf2,0xf1,0xf2,0xe2,0xee,0xd,0xa,0xf1,0xea,0xe0,0xf2,0xe5,0xf0,0xea,
  0xe0,0xd,0xa,0xf1,0xea,0xeb,0xe0,0xe4,0xf7,0xe8,0xed,0xe0,0xd,0xa,0xf1,0xea,
  0xf0,0xfb,0xf2,0xed,0xee,0xf1,0xf2,0xfc,0xd,0xa,0xf1,0xea,0xf3,0xec,0xe1,0xf0,
  0xe8,0xff,0xd,0xa,0xf1,0xeb,0xfe,0xed,0xf2,0xff,0xe9,0xd,0xa,0xf1,0xeb,0xff,
  0xe1,0xd,0xa,0xf1,0xee,0xe6,0xe8,0xf2,0xe5,0xeb,0xfc,0xf1,0xf2,0xe2,0xee,0xd,
  0xa,0xf1,0xee,0xf0,0xf2,0xe8,0xf0,0xee,0xe2,0xea,0xe0,0xd,0xa,0xf1,0xef,0xe0,
  0xeb,0xfc,0xed,0xe8,0xea,0xd,0xa,0xf1,0xef,0xe5,0xe2,0xea,0xe0,0xd,0xa,0xf1,
  0xef,0xe8,0xf1,0xe0,0xed,0xe8,0xe5,0xd,0xa,0xf1,0xf2,0xe0,0xf0,0xe8,0xf6,0xe0,
  0xd,0xa,0xf1,0xf2,0xe2,0xee,0xf0,0xd,0xa,0xf1,0xf2,0xee,0xec,0xe0,0xf2,0xe8,
  0xf2,0xd,0xa,0xf1,0xf2,0xf0,0xee,0xe9,0xef,0xeb,0xee,0xf9,0xe0,0xe4,0xea,0xe0,
  0xd,0xa,0xf1,0xf2,0xfb,0xe4,0xeb,0xe8,0xe2,0xee,0xf1,0xf2,0xfc,0xd,0xa,0xf1,
  0xf3,0xe4,0xe5,0xed,0xfb,0xf8,0xea,0xee,0xd,0xa,0xf2,0xe0,0xeb,0xe5,0xf0,0xd,
  0xa,0xf2,0xe0,0xeb,0xee,0xed,0xf7,0xe8,0xea,0xd,0xa,0xf2,0xe5,0xee,0xeb,0xee,
  0xe3,0xd,0xa,0xf2,0xe5,0xf0,0xef,0xe5,0xed,0xfc,0xe5,0xd,0xa,0xf2,0xe8,0xef,
  0xf3,0xed,0xd,0xa,0xf2,0xf0,0xe0,0xed,0xf1,0xec,0xe8,0xf1,0xf1,0xe8,0xff,0xd,
  0xa,0xf2,0xf0,0xe5,0xed,0xee,0xe6,0xed,0xe8,0xea,0xd,0xa,0xf2,0xf0,0xe8,0xef,
  0xef,0xe5,0xf0,0xd,0xa,0xf2,0xf3,0xf0,0xe8,0xed,0xd,0xa,0xf2,0xfe,0xeb,0xfc,
  0xea,0xe0,0xd,0xa,0xf3,0xe1,0xee,0xe3,0xee,0xf1,0xf2,0xfc,0xd,0xa,0xf3,0xe4,
  0xf3,0xf8,0xe5,0xed,0xe8,0xe5,0xd,0xa,0xf3,0xea,0xeb,0xee,0xed,0xe5,0xed,0xe8,
  0xe5,0xd,0xa,0xf3,0xf2,0xe5,0xed,0xee,0xea,0xd,0xa,0xf4,0xe5,0xe4,0xe5,0xf0,
  0xe0,0xeb,0xe8,0xf1,0xf2,0xd,0xa,0xf4,0xe5,0xf0,0xe3,0xe0,0xed,0xe0,0xd,0xa,
  0xf4,0xe8,0xeb,0xe0,0xed,0xf2,0xf0,0xee,0xef,0xd,0xa,0xf4,0xe8,0xf4,0xe0,0xd,
  0xa,0xf4,0xeb,0xee,0xf2,0xee,0xe2,0xee,0xe4,0xe5,0xf6,0xd,0xa,0xf4,0xee,0xed,
  0xee,0xe3,0xf0,0xe0,0xec,0xec,0xe0,0xd,0xa,0xf4,0xee,0xf0,0xec,0xe0,0xeb,0xe8,
  0xed,0xd,0xa,0xf5,0xe0,0xef,0xf3,0xe3,0xe0,0xd,0xa,0xf5,0xe8,0xe1,0xe0,0xf0,
  0xea,0xe0,0xd,0xa,0xf5,0xe8,0xec,0xe8,0xea,0xe0,0xf2,0xd,0xa,0xf5,0xeb,0xe5,
  0xe1,0xee,0xf0,0xee,0xe1,0xd,0xa,0xf5,0xeb,0xfe,0xef,0xe8,0xea,0xd,0xa,0xf6,
  0xe5,0xf0,0xea,0xee,0xe2,0xed,0xe8,0xea,0xd,0xa,0xf6,0xfb,0xe3,0xe0,0xed,0xee,
  0xf7,0xea,0xe0,0xd,0xa,0xf7,0xe0,0xeb,0xea,0xe0,0xd,0xa,0xf7,0xe0,0xf1,0xee,
  0xe2,0xf9,0xe8,0xea,0xd,0xa,0xf7,0xe8,0xe6,0xe8,0xea,0xee,0xe2,0xe0,0xd,0xa,
  0xf7,0xe8,0xed,0xee,0xe2,0xed,0xe8,0xf7,0xe5,0xf1,0xf2,0xe2,0xee,0xd,0xa,0xf7,
  0xe8,0xf7,0xe0,0xd,0xa,0xf7,0xf3,0xe4,0xee,0xf2,0xe2,0xee,0xf0,0xe5,0xf6,0xd,
  0xa,0xf7,0xf3,0xeb,0xe0,0xed,0xf7,0xe8,0xea,0xd,0xa,0xf8,0xe2,0xe5,0xe4,0xea,
  0xe0,0xd,0xa,0xf8,0xe8,0xeb,0xeb,0xe8,0xed,0xe3,0xd,0xa,0xf8,0xeb,0xe0,0xea,
  0xee,0xe1,0xeb,0xee,0xea,0xd,0xa,0xf8,0xed,0xf3,0xf0,0xee,0xe2,0xea,0xe0,0xd,
  0xa,0xf8,0xee,0xe1,0xeb,0xe0,0xd,0xa,0xf8,0xf3,0xec,0xee,0xe2,0xea,0xe0,0xd,
  0xa,0xf8,0xf3,0xf0,0xf3,0xef,0xd,0xa,0xfd,0xea,0xe7,0xe5,0xf0,0xf1,0xe8,0xf1,
  0xd,0xa,0xfd,0xea,0xf1,0xea,0xf3,0xf0,0xf1,0xd,0xa,0xfd,0xec,0xee,0xf6,0xe8,
  0xee,0xed,0xe0,0xeb,0xfc,0xed,0xee,0xf1,0xf2,0xfc,0xd,0xa,0xfd,0xf2,0xed,0xee,
  0xf1,0xd,0xa,0xe0,0xeb,0xeb,0xe8,0xeb,0xf3,0xe5,0xe2,0xe0,0xd,0xa,0xe0,0xed,
  0xe4,0xe6,0xe5,0xeb,0xe5,0xf1,0xd,0xa,0xe0,0xf1,0xf2,0xf0,0xee,0xed,0xee,0xec,
  0xe8,0xff,0xd,0xa,0xe0,0xf2,0xe5,0xf0,0xee,0xf1,0xea,0xeb,0xe5,0xf0,0xee,0xe7,
  0xd,0xa,0xe3,0xeb,0xe0,0xe3,0xee,0xeb,0xd,0xa,0xe3,0xee,0xe2,0xff,0xe4,0xe8,
  0xed,0xe0,0xd,0xa,0xe3,0xf3,0xf1,0xe0,0xf0,0xd,0xa,0xe4,0xe8,0xe2,0xee,0xd,
  0xa,0xe4,0xee,0xea,0xf2,0xf0,0xe8,0xed,0xe0,0xd,0xa,0xe5,0xe2,0xe0,0xed,0xe3,
  0xe5,0xeb,0xe8,0xf1,0xf2,0xd,0xa,0xe6,0xe5,0xeb,0xe2,0xe0,0xea,0xd,0xa,0xe7,
  0xe0,0xe4,0xe8,0xf0,0xe0,0xd,0xa,0xe7,0xe0,0xea,0xee,0xed,0xee,0xe4,0xe0,0xf2,
  0xe5,0xeb,0xfc,0xd,0xa,0xea,0xe0,0xeb,0xfc,0xec,0xe0,0xf0,0xd,0xa,0xea,0xe0,
  0xec,0xe7,0xee,0xeb,0xd,0xa,0xea,0xe0,0xf0,0xed,0xe0,0xe2,0xe0,0xeb,0xd,0xa,
  0xea,0xee,0xeb,0xfc,0xf7,0xf3,0xe3,0xe0,0xd,0xa,0xea,0xee,0xec,0xef,0xee,0xed,
  0xe5,0xed,0xf2,0xd,0xa,0xea,0xf0,0xe5,0xf9,0xe5,0xed,0xe8,0xe5,0xd,0xa,0xeb,
  0xe0,0xf2,0xfb,0xf8,0xd,0xa,0xeb,0xe8,0xf1,0xf2,0xe8,0xea,0xd,0xa,0xeb,0xee,
  0xe2,0xe5,0xf6,0xd,0xa,0xec,0xe0,0xf2,0xe5,0xf0,0xe8,0xe0,0xeb,0xe8,0xe7,0xec,
  0xd,0xa,0xec,0xe5,0xed,0xf1,0xf2,0xf0,0xf3,0xe0,0xf6,0xe8,0xff,0xd,0xa,0xec,
  0xee,0xf0,0xd,0xa,0xec,0xf3,0xeb,0xd,0xa,0xec,0xf3,0xf0,0xe0,0xf8,0xea,0xe0,
  0xd,0xa,0xec,0xff,0xea,0xee,0xf2,0xfc,0xd,0xa,0xed,0xe0,0xe3,0xf0,0xee,0xec,
  0xee,0xe6,0xe4,0xe5,0xed,0xe8,0xe5,0xd,0xa,0xed,0xee,0xf1,0xee,0xf0,0xee,0xe3,
  0xd,0xa,0xee,0xe4,0xed,0xee,0xee,0xe1,0xf0,0xe0,0xe7,0xe8,0xe5,0xd,0xa,0xee,
  0xf2,0xf0,0xee,0xe3,0xd,0xa,0xef,0xe5,0xf0,0xe5,0xf1,0xe5,0xeb,0xe5,0xed,0xe8,
  0xe5,0xd,0xa,0xef,0xeb,0xe0,0xed,0xf8,0xe5,0xf2,0xea,0xe0,0xd,0xa,0xef,0xee,
  0xe2,0xee,0xeb,0xee,0xea,0xe0,0xd,0xa,0xef,0xee,0xe4,0xf2,0xe5,0xea,0xf1,0xf2,
  0xd,0xa,0xef,0xee,0xe6,0xe0,0xf0,0xed,0xe8,0xea,0xd,0xa,0xef,0xee,0xf1,0xf2,
  0xe0,0xe2,0xf9,0xe8,0xea,0xd,0xa,0xef,0xf0,0xe0,0xe2,0xe5,0xe4,0xed,0xe8,0xea,
  0xd,0xa,0xef,0xf0,0xe8,0xec,0xe8,0xf0,0xe5,0xed,0xe8,0xe5,0xd,0xa,0xef,0xfc,
  0xe5,0xe4,0xe5,0xf1,0xf2,0xe0,0xeb,0xd,0xa,0xf0,0xe0,0xe1,0xee,0xf2,0xee,0xf1,
  0xef,0xee,0xf1,0xee,0xe1,0xed,0xee,0xf1,0xf2,0xfc,0xd,0xa,0xf0,0xe0,0xe7,0xec,
  0xed,0xee,0xe6,0xe5,0xed,0xe8,0xe5,0xd,0xa,0xf0,0xe5,0xe3,0xf3,0xeb,0xe8,0xf0,
  0xee,0xe2,0xe0,0xed,0xe8,0xe5,0xd,0xa,0xf1,0xe0,0xed,0xe8,0xed,0xf1,0xf2,0xf0,
  0xf3,0xea,0xf2,0xee,0xf0,0xd,0xa,0xf1,0xeb,0xee,0xe2,0xe5,0xf1,0xed,0xee,0xf1,
  0xf2,0xfc,0xd,0xa,0xf1,0xeb,0xee,0xe6,0xe5,0xed,0xe8,0xe5,0xd,0xa,0xf1,0xed,
  0xe0,0xf1,0xf2,0xfc,0xd,0xa,0xf1,0xee,0xeb,0xe5,0xff,0xd,0xa,0xf1,0xf2,0xf0,
  0xe0,0xf5,0xee,0xe2,0xe0,0xed,0xe8,0xe5,0xd,0xa,0xf1,0xf3,0xe2,0xe5,0xf0,0xe5,
  0xed,0xe8,0xf2,0xe5,0xf2,0xd,0xa,0xf2,0xe0,0xe8,0xed,0xf1,0xf2,0xe2,0xee,0xd,
  0xa,0xf2,0xe0,0xe9,0xec,0xf1,0xd,0xa,0xf2,0xe0,0xf1,0xf1,0xd,0xa,0xf2,0xe5,
  0xee,0xf0,0xe5,0xec,0xe0,0xd,0xa,0xf2,0xf0,0xe5,0xe7,0xe2,0xee,0xf1,0xf2,0xfc,
  0xd,0xa,0xf2,0xf3,0xed,0xe5,0xff,0xe4,0xe5,0xf6,0xd,0xa,0xf3,0xe2,0xe5,0xf7,
  0xfc,0xe5,0xd,0xa,0xf4,0xe8,0xe0,0xeb,0xea,0xe0,0xd,0xa,0xf6,0xe0,0xf0,0xe5,
  0xe2,0xe8,0xf7,0xd,0xa,0xf8,0xe8,0xf2,0xfc,0xe5,0xd,0xa,0xf9,0xe5,0xe1,0xe5,
  0xed,0xfc,0xd,0xa,0xe0,0xe1,0xf1,0xf6,0xe5,0xf1,0xf1,0xd,0xa,0xe0,0xeb,0xea,
  0xee,0xe3,0xee,0xeb,0xe8,0xe7,0xec,0xd,0xa,0xe0,0xf1,0xf2,0xf0,0xee,0xed,0xee,
  0xec,0xd,0xa,0xe1,0xf3,0xf5,0xe3,0xe0,0xeb,0xf2,0xe5,0xf0,0xe8,0xff,0xd,0xa,
  0xe2,0xfb,0xef,0xe8,0xf1,0xea,0xe0,0xd,0xa,0xe3,0xee,0xf0,0xee,0xe4,0xee,0xe2,
  0xee,0xe9,0xd,0xa,0xe3,0xee,0xf0,0xff,0xf7,0xea,0xe0,0xd,0xa,0xe6,0xe5,0xf1,
  0xf2,0xfc,0xd,0xa,0xe8,0xe7,0xee,0xeb,0xff,0xf2,0xee,0xf0,0xd,0xa,0xe8,0xeb,
  0xfc,0xe8,0xed,0xe8,0xf7,0xed,0xe0,0xd,0xa,0xea,0xe0,0xe2,0xea,0xe0,0xe7,0xe5,
  0xf6,0xd,0xa,0xea,0xe0,0xeb,0xe8,0xe9,0xd,0xa,0xea,0xe8,0xf1,0xe5,0xeb,0xfc,
  0xd,0xa,0xea,0xee,0xed,0xee,0xe2,0xe0,0xeb,0xd,0xa,0xec,0xee,0xe7,0xee,0xeb,
  0xfc,0xd,0xa,0xed,0xe5,0xe6,0xe5,0xeb,0xe0,0xed,0xe8,0xe5,0xd,0xa,0xed,0xe5,
  0xef,0xee,0xeb,0xed,0xee,0xf6,0xe5,0xed,0xed,0xee,0xf1,0xf2,0xfc,0xd,0xa,0xed,
  0xe8,0xe8,0xd,0xa,0xee,0xe1,0xf0,0xe5,0xe7,0xd,0xa,0xee,0xf1,0xed,0xee,0xe2,
  0xe0,0xf2,0xe5,0xeb,0xfc,0xd,0xa,0xee,0xf2,0xeb,0xe8,0xf7,0xed,0xe8,0xea,0xd,
  0xa,0xef,0xf0,0xe5,0xf2,0xe5,0xed,0xe4,0xe5,0xed,0xf2,0xd,0xa,0xef,0xf0,0xff,
  0xe4,0xfc,0xd,0xa,0xef,0xfb,0xeb,0xe8,0xed,0xea,0xe0,0xd,0xa,0xf0,0xe5,0xec,
  0xe0,0xd,0xa,0xf0,0xee,0xe4,0xf1,0xf2,0xe2,0xe5,0xed,0xed,0xe8,0xf6,0xe0,0xd,
  0xa,0xf1,0xe5,0xf3,0xeb,0xd,0xa,0xf1,0xec,0xff,0xf2,0xe5,0xed,0xe8,0xe5,0xd,
  0xa,0xf1,0xed,0xe5,0xe6,0xe8,0xed,0xea,0xe0,0xd,0xa,0xf1,0xed,0xe5,0xe6,0xee,
  0xea,0xd,0xa,0xf1,0xee,0xe4,0xe5,0xe9,0xf1,0xf2,0xe2,0xe8,0xe5,0xd,0xa,0xf1,
  0xf2,0xe0,0xed,0xd,0xa,0xf1,0xf2,0xe5,0xef,0xd,0xa,0xf2,0xe5,0xf2,0xe5,0xf0,
  0xe8,0xed,0xd,0xa,0xf2,0xf0,0xf3,0xf1,0xee,0xf1,0xf2,0xfc,0xd,0xa,0xf2,0xf3,
  0xf4,0xe5,0xeb,0xfc,0xea,0xe0,0xd,0xa,0xe1,0xe5,0xf1,0xf1,0xe8,0xeb,0xe8,0xe5,
  0xd,0xa,0xe2,0xfb,0xef,0xfc,0xd,0xa,0xe3,0xee,0xeb,0xe5,0xed,0xe8,0xf9,0xe5,
  0xd,0xa,0xe6,0xe5,0xf0,0xe4,0xfc,0xd,0xa,0xe7,0xe0,0xf1,0xf2,0xee,0xeb,0xfc,
  0xe5,0xd,0xa,0xea,0xe0,0xf1,0xf1,0xe5,0xf2,0xe0,0xd,0xa,0xec,0xe0,0xf0,0xf2,
  0xfb,0xf8,0xea,0xe0,0xd,0xa,0xed,0xe0,0xe2,0xfb,0xea,0xd,0xa,0xed,0xe5,0xf3,
  0xe4,0xe0,0xf7,0xed,0xe8,0xea,0xd,0xa,0xee,0xe4,0xfb,0xf8,0xea,0xe0,0xd,0xa,
  0xee,0xf2,0xf1,0xe5,0xea,0xd,0xa,0xef,0xf0,0xe8,0xe3,0xee,0xf0,0xee,0xea,0xd,
  0xa,0xf0,0xe5,0xf6,0xe5,0xed,0xe7,0xe8,0xff,0xd,0xa,0xe0,0xec,0xe0,0xe7,0xee,
  0xed,0xea,0xe0,0xd,0xa,0xe0,0xf0,0xe1,0xe0,0xd,0xa,0xe1,0xe0,0xf0,0xfb,0xed,
  0xff,0xd,0xa,0xe1,0xe5,0xf1,0xf1,0xf2,0xf0,0xe0,0xf8,0xe8,0xe5,0xd,0xa,0xe1,
  0xee,0xeb,0xf2,0xd,0xa,0xe1,0xf3,0xeb,0xe0,0xe2,0xe0,0xd,0xa,0xe2,0xe0,0xf0,
  0xe8,0xe0,0xf6,0xe8,0xff,0xd,0xa,0xe2,0xee,0xe7,0xe1,0xf3,0xe4,0xe8,0xec,0xee,
  0xf1,0xf2,0xfc,0xd,0xa,0xe2,0xee,0xf0,0xfe,0xe3,0xe0,0xd,0xa,0xe2,0xf0,0xe5,
  0xe4,0xed,0xee,0xf1,0xf2,0xfc,0xd,0xa,0xe2,0xfb,0xf1,0xe0,0xe4,0xee,0xea,0xd,
  0xa,0xe3,0xe5,0xec,0xee,0xf0,0xf0,0xee,0xe9,0xd,0xa,0xe4,0xe5,0xe2,0xe0,0xf5,
  0xe0,0xd,0xa,0xe4,0xee,0xe2,0xe5,0xf0,0xe5,0xed,0xed,0xee,0xf1,0xf2,0xfc,0xd,
  0xa,0xe4,0xee,0xec,0xee,0xf7,0xe0,0xe4,0xe5,0xf6,0xd,0xa,0xe4,0xfb,0xec,0xea,
  0xe0,0xd,0xa,0xe6,0xe0,0xeb,0xfe,0xe7,0xe8,0xd,0xa,0xe6,0xe5,0xe7,0xeb,0xd,
  0xa,0xe6,0xe5,0xeb,0xf2,0xe8,0xe7,0xed,0xe0,0xd,0xa,0xe7,0xe0,0xe4,0xe2,0xee,
  0xf0,0xea,0xe8,0xd,0xa,0xe7,0xe0,0xea,0xeb,0xff,0xf2,0xe8,0xe5,0xd,0xa,0xe7,
  0xe0,0xec,0xe5,0xe4,0xeb,0xe5,0xed,0xe8,0xe5,0xd,0xa,0xe7,0xe0,0xec,0xef,0xf0,
  0xe5,0xe4,0xd,0xa,0xe7,0xe5,0xec,0xeb,0xe5,0xe4,0xe5,0xeb,0xe8,0xe5,0xd,0xa,
  0xe7,0xeb,0xee,0xea,0xeb,0xfe,0xf7,0xe5,0xed,0xe8,0xe5,0xd,0xa,0xe7,0xee,0xe1,
  0xd,0xa,0xe8,0xe7,0xe3,0xee,0xf2,0xee,0xe2,0xe8,0xf2,0xe5,0xeb,0xfc,0xd,0xa,
  0xe8,0xed,0xe4,0xe8,0xea,0xe0,0xf2,0xee,0xf0,0xd,0xa,0xea,0xe0,0xe7,0xf3,0xf1,
  0xd,0xa,0xea,0xe0,0xeb,0xe0,0xf7,0xe8,0xea,0xd,0xa,0xea,0xe8,0xf0,0xee,0xe2,
  0xe0,0xd,0xa,0xea,0xed,0xe8,0xe3,0xee,0xeb,0xfe,0xe1,0xd,0xa,0xea,0xed,0xe8,
  0xe6,0xed,0xe8,0xea,0xd,0xa,0xea,0xee,0xed,0xf4,0xf3,0xe7,0xd,0xa,0xeb,0xe5,
  0xe6,0xe0,0xed,0xea,0xe0,0xd,0xa,0xeb,0xee,0xf2,0xd,0xa,0xec,0xe0,0xeb,0xff,
  0xf0,0xe8,0xff,0xd,0xa,0xec,0xe0,0xff,0xf2,0xed,0xe8,0xea,0xd,0xa,0xec,0xe8,
  0xe4,0xe8,0xff,0xd,0xa,0xec,0xe8,0xed,0xf4,0xe8,0xed,0xd,0xa,0xec,0xee,0xf0,
  0xee,0xe7,0xe5,0xf6,0xd,0xa,0xed,0xe0,0xe3,0xeb,0xe5,0xf6,0xd,0xa,0xed,0xe0,
  0xe3,0xf0,0xe5,0xe2,0xe0,0xed,0xe8,0xe5,0xd,0xa,0xed,0xe0,0xea,0xe0,0xf2,0xd,
  0xa,0xed,0xe5,0xea,0xf0,0xee,0xeb,0xee,0xe3,0xd,0xa,0xed,0xee,0xec,0xe8,0xed,
  0xe0,0xf6,0xe8,0xff,0xd,0xa,0xed,0xee,0xf7,0xea,0xe0,0xd,0xa,0xee,0xe1,0xf0,
  0xe5,0xe7,0xee,0xea,0xd,0xa,0xee,0xe2,0xe0,0xeb,0xd,0xa,0xee,0xef,0xf0,0xe5,
  0xe4,0xe5,0xeb,0xe5,0xed,0xed,0xee,0xf1,0xf2,0xfc,0xd,0xa,0xee,0xf1,0xe2,0xe5,
  0xe4,0xee,0xec,0xeb,0xe5,0xed,0xed,0xee,0xf1,0xf2,0xfc,0xd,0xa,0xee,0xf2,0xf7,
  0xe8,0xe7,0xed,0xe0,0xd,0xa,0xef,0xe0,0xf0,0xe8,0xe6,0xe0,0xed,0xe8,0xed,0xd,
  0xa,0xef,0xe5,0xf0,0xe5,0xf7,0xe8,0xf1,0xeb,0xe5,0xed,0xe8,0xe5,0xd,0xa,0xef,
  0xe8,0xf5,0xf2,0xe0,0xd,0xa,0xef,0xee,0xe4,0xe7,0xe0,0xf2,0xfb,0xeb,0xfc,0xed,
  0xe8,0xea,0xd,0xa,0xef,0xee,0xe4,0xf8,0xf2,0xe0,0xed,0xed,0xe8,0xea,0xe8,0xd,
  0xa,0xef,0xee,0xf0,0xee,0xf1,0xeb,0xfc,0xd,0xa,0xef,0xf0,0xee,0xe2,0xe8,0xe4,
  0xe5,0xed,0xe8,0xe5,0xd,0xa,0xef,0xf3,0xe1,0xeb,0xe8,0xf6,0xe8,0xf1,0xf2,0xd,
  0xa,0xef,0xf3,0xf1,0xf2,0xee,0xf8,0xfc,0xd,0xa,0xf0,0xe0,0xe4,0xe8,0xee,0xeb,
  0xe0,0xd,0xa,0xf0,0xe0,0xe7,0xe4,0xee,0xf0,0xd,0xa,0xf0,0xe0,0xea,0xe5,0xf2,
  0xea,0xe0,0xd,0xa,0xf0,0xe0,0xea,0xf3,0xf0,0xf1,0xd,0xa,0xf0,0xe5,0xf1,0xf2,
  0xe0,0xe2,0xf0,0xe0,0xf2,0xee,0xf0,0xd,0xa,0xf0,0xe8,0xf1,0xee,0xe2,0xe0,0xed,
  0xe8,0xe5,0xd,0xa,0xf0,0xee,0xec,0xe0,0xed,0xf2,0xe8,0xe7,0xec,0xd,0xa,0xf1,
  0xe0,0xe4,0xee,0xe2,0xee,0xe4,0xd,0xa,0xf1,0xe0,0xea,0xf1,0xee,0xf4,0xee,0xed,
  0xd,0xa,0xf1,0xe0,0xec,0xee,0xf3,0xe2,0xe5,0xf0,0xe5,0xed,0xed,0xee,0xf1,0xf2,
  0xfc,0xd,0xa,0xf1,0xe2,0xee,0xe5,0xee,0xe1,0xf0,0xe0,0xe7,0xe8,0xe5,0xd,0xa,
  0xf1,0xe8,0xed,0xee,0xed,0xe8,0xec,0xd,0xa,0xf1,0xea,0xe8,0xf0,0xe4,0xe0,0xd,
  0xa,0xf1,0xea,0xeb,0xee,0xea,0xe0,0xd,0xa,0xf1,0xea,0xee,0xef,0xe8,0xf9,0xe5,
  0xd,0xa,0xf1,0xeb,0xee,0xe2,0xee,0xf1,0xee,0xf7,0xe5,0xf2,0xe0,0xed,0xe8,0xe5,
  0xd,0xa,0xf1,0xed,0xee,0xf0,0xee,0xe2,0xea,0xe0,0xd,0xa,0xf1,0xee,0xe4,0xf0,
  0xf3,0xe6,0xe5,0xf1,0xf2,0xe2,0xee,0xd,0xa,0xf1,0xee,0xeb,0xe4,0xe0,0xf2,0xea,
  0xe0,0xd,0xa,0xf2,0xe5,0xf0,0xf0,0xee,0xf0,0xe8,0xe7,0xec,0xd,0xa,0xf2,0xf0,
  0xe5,0xef,0xe0,0xf7,0xd,0xa,0xf3,0xf5,0xe0,0xd,0xa,0xf4,0xe0,0xeb,0xfc,0xf6,
  0xe5,0xf2,0xd,0xa,0xf5,0xee,0xf0,0xfc,0xd,0xa,0xf8,0xf2,0xe8,0xe1,0xeb,0xe5,
  0xf2,0xe0,0xd,0xa,0xf8,0xf3,0xf0,0xf8,0xe0,0xed,0xe8,0xe5,0xd,0xa,0xfd,0xef,
  0xe8,0xeb,0xee,0xe3,0xd,0xa,0xe1,0xe0,0xe9,0xea,0xe0,0xd,0xa,0xe1,0xe0,0xe9,
  0xea,0xe0,0xeb,0xd,0xa,0xe1,0xeb,0xee,0xed,0xe4,0xe8,0xed,0xd,0xa,0xe1,0xee,
  0xe3,0xe0,0xf2,0xfb,0xe9,0xd,0xa,0xe1,0xee,0xf0,0xe0,0xd,0xa,0xe1,0xf0,0xe0,
  0xed,0xfc,0xd,0xa,0xe1,0xfe,0xeb,0xeb,0xe5,0xf2,0xe5,0xed,0xfc,0xd,0xa,0xe2,
  0xe0,0xe3,0xee,0xed,0xf7,0xe8,0xea,0xd,0xa,0xe3,0xe0,0xed,0xe3,0xf1,0xf2,0xe5,
  0xf0,0xd,0xa,0xe4,0xe5,0xeb,0xfc,0xf4,0xe8,0xed,0xd,0xa,0xe4,0xe8,0xea,0xee,
  0xe1,0xf0,0xe0,0xe7,0xd,0xa,0xe7,0xeb,0xee,0xf3,0xef,0xee,0xf2,0xf0,0xe5,0xe1,
  0xeb,0xe5,0xed,0xe8,0xe5,0xd,0xa,0xe8,0xf1,0xf2,0xf0,0xe5,0xe1,0xeb,0xe5,0xed,
  0xe8,0xe5,0xd,0xa,0xea,0xee,0xf1,0xf2,0xfe,0xec,0xf7,0xe8,0xea,0xd,0xa,0xea,
  0xf3,0xf0,0xee,0xea,0xd,0xa,0xec,0xe0,0xf8,0xe8,0xed,0xe8,0xf1,0xf2,0xea,0xe0,
  0xd,0xa,0xed,0xe8,0xe7,0xe8,0xed,0xe0,0xd,0xa,0xee,0xf0,0xe4,0xe5,0xf0,0xd,
  0xa,0xee,0xf2,0xe2,0xe0,0xf0,0xd,0xa,0xef,0xee,0xe4,0xec,0xee,0xe3,0xe0,0xd,
  0xa,0xef,0xee,0xeb,0xe8,0xf0,0xee,0xe2,0xea,0xe0,0xd,0xa,0xef,0xee,0xec,0xe8,
  0xed,0xd,0xa,0xef,0xee,0xf1,0xeb,0xe5,0xe4,0xee,0xe2,0xe0,0xf2,0xe5,0xeb,0xfc,
  0xd,0xa,0xef,0xf0,0xe8,0xf1,0xef,0xee,0xf1,0xee,0xe1,0xeb,0xe5,0xed,0xe8,0xe5,
  0xd,0xa,0xef,0xf0,0xee,0xef,0xee,0xf0,0xf6,0xe8,0xff,0xd,0xa,0xef,0xf0,0xee,
  0xf1,0xec,0xee,0xf2,0xf0,0xd,0xa,0xf0,0xee,0xe7,0xfb,0xe3,0xf0,0xfb,0xf8,0xd,
  0xa,0xf0,0xee,0xeb,0xe8,0xea,0xd,0xa,0xf1,0xe5,0xed,0xe0,0xf2,0xd,0xa,0xf1,
  0xf3,0xf5,0xee,0xf1,0xf2,0xfc,0xd,0xa,0xf1,0xf7,0xe5,0xf2,0xf7,0xe8,0xea,0xd,
  0xa,0xf2,0xe5,0xeb,0xfc,0xf6,0xe5,0xd,0xa,0xf3,0xf2,0xe5,0xf7,0xea,0xe0,0xd,
  0xa,0xf7,0xe5,0xf2,0xd,0xa,0xf7,0xef,0xd,0xa,0xe1,0xe0,0xeb,0xe0,0xed,0xf1,
  0xd,0xa,0xe1,0xe0,0xeb,0xe5,0xf2,0xd,0xa,0xe1,0xee,0xe3,0xe0,0xf2,0xfb,0xf0,
  0xfc,0xd,0xa,0xe1,0xf0,0xe8,0xf2,0xe0,0xed,0xe8,0xff,0xd,0xa,0xe4,0xe5,0xed,
  0xe5,0xea,0xd,0xa,0xe6,0xe0,0xed,0xe4,0xe0,0xf0,0xec,0xd,0xa,0xe7,0xe0,0xe2,
  0xe5,0xf9,0xe0,0xed,0xe8,0xe5,0xd,0xa,0xea,0xe0,0xf0,0xef,0xd,0xa,0xea,0xee,
  0xed,0xf2,0xe8,0xed,0xe5,0xed,0xf2,0xd,0xa,0xeb,0xe8,0xf1,0xf2,0xee,0xe2,0xea,
  0xe0,0xd,0xa,0xed,0xe5,0xf5,0xe2,0xe0,0xf2,0xea,0xe0,0xd,0xa,0xee,0xf2,0xe4,
  0xe5,0xeb,0xfc,0xed,0xee,0xf1,0xf2,0xfc,0xd,0xa,0xef,0xee,0xe7,0xe2,0xee,0xed,
  0xee,0xf7,0xed,0xe8,0xea,0xd,0xa,0xef,0xee,0xf1,0xe5,0xeb,0xe5,0xed,0xe8,0xe5,
  0xd,0xa,0xef,0xf0,0xee,0xed,0xe8,0xea,0xed,0xee,0xe2,0xe5,0xed,0xe8,0xe5,0xd,
  0xa,0xf1,0xf2,0xe8,0xf5,0xd,0xa,0xf2,0xee,0xef,0xf7,0xe0,0xed,0xd,0xa,0xf2,
  0xf0,0xe0,0xe2,0xe8,0xed,0xea,0xe0,0xd,0xa,0xf4,0xe8,0xe7,0xea,0xf3,0xeb,0xfc,
  0xf2,0xf3,0xf0,0xe0,0xd,0xa,0xf6,0xe0,0xf0,0xe8,0xf6,0xe0,0xd,0xa,0xf8,0xe0,
  0xeb,0xe0,0xf8,0xd,0xa,0xff,0xec,0xea,0xe0,0xd,0xa,0xed,0xe0,0xef,0xe0,0xf0,
  0xed,0xe8,0xea,0xd,0xa,0xee,0xe1,0xf9,0xe8,0xed,0xe0,0xd,0xa,0xee,0xf1,0xf2,
  0xf0,0xee,0xf2,0xe0,0xd,0xa,0xef,0xf3,0xe3,0xe0,0xeb,0xee,0xd,0xa,0xf3,0xe7,
  0xee,0xf0,0xd,0xa,0xf7,0xe8,0xf1,0xf2,0xea,0xe0,0xd,0xa,0xf8,0xe0,0xf8,0xea,
  0xe0,0xd,0xa,0xe0,0xe1,0xf1,0xf2,0xf0,0xe0,0xea,0xf6,0xe8,0xff,0xd,0xa,0xe0,
  0xe2,0xe8,0xe0,0xf2,0xee,0xf0,0xd,0xa,0xe0,0xef,0xee,0xf4,0xe5,0xee,0xe7,0xd,
  0xa,0xe0,0xf0,0xf5,0xe0,0xed,0xe3,0xe5,0xeb,0xd,0xa,0xe1,0xe5,0xe7,0xe4,0xe0,
  0xf0,0xfc,0xd,0xa,0xe1,0xe5,0xe7,0xf3,0xec,0xf1,0xf2,0xe2,0xee,0xd,0xa,0xe1,
  0xe5,0xeb,0xeb,0xe0,0xe4,0xee,0xed,0xed,0xe0,0xd,0xa,0xe1,0xe5,0xeb,0xee,0xe3,
  0xe2,0xe0,0xf0,0xe4,0xe5,0xe5,0xf6,0xd,0xa,0xe1,0xe5,0xf0,0xed,0xd,0xa,0xe1,
  0xeb,0xf3,0xe7,0xe0,0xd,0xa,0xe1,0xee,0xeb,0xfc,0xf8,0xe0,0xea,0xd,0xa,0xe1,
  0xf0,0xe0,0xe3,0xe0,0xd,0xa,0xe1,0xf3,0xec,0xe5,0xf0,0xe0,0xed,0xe3,0xd,0xa,
  0xe1,0xf3,0xf0,0xe0,0xf2,0xe8,0xed,0xee,0xd,0xa,0xe1,0xf3,0xf0,0xe6,0xf3,0xe9,
  0xea,0xe0,0xd,0xa,0xe2,0xe0,0xea,0xf3,0xeb,0xe8,0xed,0xd,0xa,0xe2,0xe0,0xf1,
  0xfe,0xea,0xee,0xe2,0xd,0xa,0xe2,0xe8,0xed,0xf6,0xee,0xd,0xa,0xe2,0xe8,0xf2,
  0xe0,0xec,0xe8,0xed,0xee,0xf2,0xe5,0xf0,0xe0,0xef,0xe8,0xff,0xd,0xa,0xe2,0xee,
  0xe4,0xee,0xef,0xf0,0xee,0xe2,0xee,0xe4,0xf7,0xe8,0xea,0xd,0xa,0xe2,0xee,0xeb,
  0xe4,0xfb,0xf0,0xfc,0xd,0xa,0xe2,0xee,0xeb,0xee,0xea,0xe8,0xf2,0xe0,0xd,0xa,
  0xe2,0xee,0xf0,0xf7,0xe0,0xed,0xe8,0xe5,0xd,0xa,0xe2,0xee,0xf1,0xf1,0xee,0xe5,
  0xe4,0xe8,0xed,0xe5,0xed,0xe8,0xe5,0xd,0xa,0xe2,0xfb,0xef,0xe5,0xf7,0xea,0xe0,
  0xd,0xa,0xe2,0xfb,0xf0,0xe0,0xe7,0xe8,0xf2,0xe5,0xeb,0xfc,0xed,0xee,0xf1,0xf2,
  0xfc,0xd,0xa,0xe2,0xfb,0xf7,0xe5,0xf2,0xd,0xa,0xe2,0xfb,0xf7,0xe8,0xf1,0xeb,
  0xe8,0xf2,0xe5,0xeb,0xfc,0xd,0xa,0xe2,0xfb,0xf8,0xe8,0xe2,0xe0,0xeb,0xfc,0xf9,
  0xe8,0xf6,0xe0,0xd,0xa,0xe3,0xe0,0xe7,0xee,0xef,0xf0,0xee,0xe2,0xee,0xe4,0xd,
  0xa,0xe3,0xe1,0xd,0xa,0xe3,0xe8,0xe1,0xea,0xee,0xf1,0xf2,0xfc,0xd,0xa,0xe3,
  0xeb,0xe0,0xe2,0xe2,0xf0,0xe0,0xf7,0xd,0xa,0xe3,0xed,0xe8,0xeb,0xfc,0xe5,0xd,
  0xa,0xe3,0xee,0xeb,0xee,0xe2,0xed,0xff,0xd,0xa,0xe3,0xee,0xf0,0xf8,0xee,0xf7,
  0xe5,0xea,0xd,0xa,0xe3,0xf3,0xeb,0xff,0xed,0xea,0xe0,0xd,0xa,0xe3,0xf3,0xec,
  0xe0,0xed,0xed,0xee,0xf1,0xf2,0xfc,0xd,0xa,0xe3,0xf3,0xec,0xed,0xee,0xd,0xa,
  0xe4,0xe0,0xed,0xf2,0xe8,0xf1,0xf2,0xd,0xa,0xe4,0xe0,0xf7,0xea,0xe0,0xd,0xa,
  0xe4,0xe5,0xe1,0xe0,0xf2,0xfb,0xd,0xa,0xe4,0xe5,0xed,0xee,0xec,0xe8,0xed,0xe0,
  0xf6,0xe8,0xff,0xd,0xa,0xe4,0xe8,0xe2,0xe8,0xe4,0xe5,0xed,0xe4,0xd,0xa,0xe4,
  0xe8,0xed,0xe0,0xec,0xe8,0xf2,0xd,0xa,0xe4,0xf3,0xe1,0xee,0xea,0xd,0xa,0xe4,
  0xfb,0xeb,0xe4,0xe0,0xd,0xa,0xe5,0xe4,0xee,0xea,0xd,0xa,0xe6,0xe5,0xeb,0xf2,
  0xee,0xea,0xd,0xa,0xe6,0xe8,0xf0,0xee,0xea,0xd,0xa,0xe7,0xe0,0xe2,0xe0,0xf0,
  0xea,0xe0,0xd,0xa,0xe7,0xe0,0xe3,0xee,0xf2,0xee,0xe2,0xe8,0xf2,0xe5,0xeb,0xfc,
  0xd,0xa,0xe7,0xe0,0xed,0xe0,0xe2,0xe5,0xf1,0xfc,0xd,0xa,0xe7,0xe0,0xee,0xd,
  0xa,0xe7,0xe5,0xed,0xea,0xe8,0xd,0xa,0xe8,0xed,0xe6,0xe8,0xf0,0xd,0xa,0xe8,
  0xed,0xee,0xf1,0xf2,0xf0,0xe0,0xed,0xea,0xe0,0xd,0xa,0xea,0xe0,0xe2,0xe0,0xeb,
  0xe5,0xf0,0xe8,0xf1,0xf2,0xd,0xa,0xea,0xe0,0xeb,0xec,0xfb,0xea,0xd,0xa,0xea,
  0xe0,0xf0,0xe0,0xea,0xf3,0xeb,0xff,0xd,0xa,0xea,0xe8,0xf1,0xe0,0xd,0xa,0xea,
  0xeb,0xf3,0xe1,0xe5,0xed,0xfc,0xd,0xa,0xea,0xee,0xe2,0xf7,0xe5,0xe3,0xd,0xa,
  0xea,0xee,0xeb,0xf5,0xee,0xe7,0xed,0xe8,0xf6,0xe0,0xd,0xa,0xea,0xee,0xed,0xf2,
  0xf0,0xe0,0xd,0xa,0xea,0xee,0xed,0xf4,0xf0,0xee,0xed,0xf2,0xe0,0xf6,0xe8,0xff,
  0xd,0xa,0xea,0xee,0xf1,0xec,0xee,0xef,0xee,0xeb,0xe8,0xf2,0xd,0xa,0xea,0xee,
  0xf4,0xe5,0xe8,0xed,0xd,0xa,0xea,0xee,0xf7,0xe0,0xed,0xd,0xa,0xea,0xee,0xf9,
  0xf3,0xed,0xf1,0xf2,0xe2,0xee,0xd,0xa,0xea,0xf0,0xe0,0xfe,0xf8,0xea,0xe8,0xed,
  0xd,0xa,0xea,0xf0,0xe5,0xef,0xee,0xf1,0xf2,0xed,0xee,0xe9,0xd,0xa,0xea,0xf0,
  0xe8,0xf2,0xd,0xa,0xea,0xf0,0xee,0xea,0xf3,0xf1,0xd,0xa,0xea,0xf0,0xf3,0xe8,
  0xe7,0xd,0xa,0xea,0xf3,0xf0,0xff,0xf2,0xe8,0xed,0xe0,0xd,0xa,0xea,0xf3,0xf9,
  0xe0,0xd,0xa,0xeb,0xe0,0xe7,0xe5,0xe9,0xea,0xe0,0xd,0xa,0xeb,0xe0,0xf1,0xe0,
  0xd,0xa,0xeb,0xe8,0xf2,0xe5,0xf0,0xe0,0xf2,0xf3,0xf0,0xee,0xe2,0xe5,0xe4,0xe5,
  0xed,0xe8,0xe5,0xd,0xa,0xeb,0xee,0xe4,0xfb,0xf0,0xfc,0xd,0xa,0xec,0xe0,0xec,
  0xe5,0xed,0xfc,0xea,0xe0,0xd,0xa,0xec,0xe0,0xf0,0xea,0xe8,0xe7,0xd,0xa,0xec,
  0xe0,0xf2,0xe5,0xf0,0xe8,0xed,0xf1,0xf2,0xe2,0xee,0xd,0xa,0xec,0xe0,0xf2,0xf0,
  0xe8,0xf6,0xe0,0xd,0xa,0xec,0xe5,0xe4,0xe2,0xe5,0xe6,0xe0,0xf2,0xed,0xe8,0xea,
  0xd,0xa,0xec,0xe5,0xe4,0xe2,0xe5,0xe6,0xee,0xed,0xee,0xea,0xd,0xa,0xec,0xe8,
  0xea,0xf0,0xee,0xe0,0xe2,0xf2,0xee,0xe1,0xf3,0xf1,0xd,0xa,0xec,0xeb,0xe0,0xe4,
  0xe5,0xed,0xf7,0xe5,0xf1,0xf2,0xe2,0xee,0xd,0xa,0xec,0xee,0xed,0xee,0xea,0xeb,
  0xfc,0xd,0xa,0xec,0xf3,0xeb,0xfc,0xf2,0xf4,0xe8,0xeb,0xfc,0xec,0xd,0xa,0xec,
  0xfb,0xf8,0xe5,0xeb,0xee,0xe2,0xea,0xe0,0xd,0xa,0xed,0xe0,0xf0,0xfb,0xe2,0xd,
  0xa,0xed,0xe5,0xe2,0xee,0xe7,0xec,0xf3,0xf2,0xe8,0xec,0xee,0xf1,0xf2,0xfc,0xd,
  0xa,0xed,0xe5,0xef,0xf0,0xe8,0xff,0xf2,0xe5,0xeb,0xfc,0xd,0xa,0xed,0xee,0xe2,
  0xee,0xe2,0xe2,0xe5,0xe4,0xe5,0xed,0xe8,0xe5,0xd,0xa,0xed,0xee,0xf2,0xe0,0xf6,
  0xe8,0xff,0xd,0xa,0xee,0xe1,0xf8,0xeb,0xe0,0xe3,0xd,0xa,0xee,0xe3,0xf0,0xe0,
  0xed,0xe8,0xf7,0xe5,0xed,0xed,0xee,0xf1,0xf2,0xfc,0xd,0xa,0xee,0xed,0xe0,0xed,
  0xe8,0xe7,0xec,0xd,0xa,0xee,0xef,0xee,0xe7,0xed,0xe0,0xed,0xe8,0xe5,0xd,0xa,
  0xee,0xf2,0xf1,0xf2,0xe0,0xeb,0xee,0xf1,0xf2,0xfc,0xd,0xa,0xee,0xf2,0xf7,0xf3,
  0xe6,0xe4,0xe5,0xed,0xed,0xee,0xf1,0xf2,0xfc,0xd,0xa,0xef,0xe0,0xe1,0xd,0xa,
  0xef,0xe0,0xf0,0xd,0xa,0xef,0xe5,0xe4,0xe8,0xed,0xf1,0xf2,0xe8,0xf2,0xf3,0xf2,
  0xd,0xa,0xef,0xe5,0xf0,0xe5,0xf3,0xeb,0xee,0xf7,0xe5,0xea,0xd,0xa,0xef,0xe5,
  0xf1,0xf1,0xe8,0xec,0xe8,0xe7,0xec,0xd,0xa,0xef,0xee,0xe1,0xee,0xf0,0xd,0xa,
  0xef,0xee,0xe4,0xed,0xff,0xf2,0xe8,0xe5,0xd,0xa,0xef,0xee,0xe4,0xee,0xef,0xeb,
  0xe5,0xea,0xe0,0xd,0xa,0xef,0xee,0xe7,0xee,0xeb,0xee,0xf2,0xe0,0xd,0xa,0xef,
  0xee,0xeb,0xe0,0xf2,0xe8,0xd,0xa,0xef,0xee,0xeb,0xe8,0xf6,0xe5,0xe9,0xec,0xe5,
  0xe9,0xf1,0xf2,0xe5,0xf0,0xd,0xa,0xef,0xee,0xeb,0xf3,0xef,0xf0,0xe0,0xe2,0xe4,
  0xe0,0xd,0xa,0xef,0xee,0xf0,0xe5,0xe7,0xd,0xa,0xef,0xee,0xf1,0xff,0xe3,0xe0,
  0xf2,0xe5,0xeb,0xfc,0xf1,0xf2,0xe2,0xee,0xd,0xa,0xef,0xee,0xf2,0xe0,0xf1,0xee,
  0xe2,0xea,0xe0,0xd,0xa,0xef,0xf0,0xe0,0xe2,0xe4,0xe8,0xe2,0xee,0xf1,0xf2,0xfc,
  0xd,0xa,0xef,0xf0,0xe0,0xe2,0xee,0xed,0xe0,0xf0,0xf3,0xf8,0xe5,0xed,0xe8,0xe5,
  0xd,0xa,0xef,0xf0,0xe5,0xe4,0xe2,0xe5,0xf1,0xf2,0xed,0xe8,0xea,0xd,0xa,0xef,
  0xf0,0xee,0xf1,0xf2,0xf0,0xe0,0xf6,0xe8,0xff,0xd,0xa,0xef,0xf0,0xff,0xf2,0xea,
  0xe8,0xd,0xa,0xef,0xff,0xe4,0xfc,0xd,0xa,0xf0,0xe0,0xe4,0xe6,0xe0,0xd,0xa,
  0xf0,0xe0,0xe4,0xe8,0xee,0xf2,0xe5,0xeb,0xe5,0xf4,0xee,0xed,0xd,0xa,0xf0,0xe0,
  0xe7,0xeb,0xe0,0xe4,0xd,0xa,0xf0,0xe0,0xe7,0xf0,0xe0,0xe1,0xee,0xf2,0xf7,0xe8,
  0xea,0xd,0xa,0xf0,0xe0,0xf1,0xef,0xf0,0xee,0xf1,0xf2,0xf0,0xe0,0xed,0xe5,0xed,
  0xed,0xee,0xf1,0xf2,0xfc,0xd,0xa,0xf0,0xe0,0xf1,0xf2,0xff,0xef,0xe0,0xd,0xa,
  0xf0,0xe0,0xf1,0xf6,0xe5,0xed,0xee,0xea,0xd,0xa,0xf0,0xe6,0xe0,0xed,0xe8,0xe5,
  0xd,0xa,0xf1,0xe0,0xec,0xee,0xec,0xed,0xe5,0xed,0xe8,0xe5,0xd,0xa,0xf1,0xea,
  0xf3,0xef,0xee,0xf1,0xf2,0xfc,0xd,0xa,0xf1,0xec,0xe5,0xed,0xf9,0xe8,0xea,0xd,
  0xa,0xf1,0xee,0xe6,0xe8,0xf2,0xe5,0xeb,0xfc,0xd,0xa,0xf1,0xee,0xf8,0xea,0xe0,
  0xd,0xa,0xf1,0xef,0xe0,0xe9,0xea,0xe0,0xd,0xa,0xf1,0xf2,0xe5,0xe7,0xff,0xd,
  0xa,0xf1,0xf2,0xe5,0xeb,0xfc,0xea,0xe0,0xd,0xa,0xf1,0xf2,0xe5,0xed,0xee,0xe3,
  0xf0,0xe0,0xec,0xec,0xe0,0xd,0xa,0xf1,0xf2,0xe5,0xed,0xee,0xea,0xe0,0xf0,0xe4,
  0xe8,0xff,0xd,0xa,0xf1,0xf2,0xee,0xef,0xee,0xf7,0xea,0xe0,0xd,0xa,0xf2,0xe0,
  0xea,0xf1,0xe0,0xd,0xa,0xf2,0xe5,0xe7,0xe0,0xf3,0xf0,0xf3,0xf1,0xd,0xa,0xf2,
  0xee,0xeb,0xf9,0xfc,0xd,0xa,0xf2,0xf0,0xe8,0xeb,0xee,0xe1,0xe8,0xf2,0xd,0xa,
  0xf2,0xfb,0xf7,0xee,0xea,0xd,0xa,0xf3,0xe4,0xe0,0xeb,0xfc,0xd,0xa,0xf4,0xee,
  0xea,0xf1,0xf2,0xf0,0xee,0xf2,0xd,0xa,0xf5,0xeb,0xee,0xef,0xf7,0xe8,0xea,0xd,
  0xa,0xf5,0xee,0xea,0xea,0xe5,0xe8,0xf1,0xf2,0xd,0xa,0xf6,0xe8,0xe0,0xed,0xee,
  0xe7,0xd,0xa,0xf7,0xe0,0xe4,0xd,0xa,0xf7,0xe0,0xe9,0xf5,0xe0,0xed,0xe0,0xd,
  0xa,0xf8,0xe5,0xef,0xee,0xf2,0xee,0xea,0xd,0xa,0xf8,0xf3,0xd,0xa,0xf9,0xe5,
  0xef,0xe0,0xd,0xa,0xf9,0xe5,0xef,0xee,0xf7,0xea,0xe0,0xd,0xa,0xfd,0xea,0xf1,
  0xef,0xeb,0xf3,0xe0,0xf2,0xe0,0xf2,0xee,0xf0,0xd,0xa,0xfd,0xea,0xf1,0xf2,0xf0,
  0xe0,0xd,0xa,0xff,0xed,0xf2,0xe0,0xf0,0xfc,0xd,0xa,0xe0,0xed,0xe0,0xeb,0xee,
  0xe3,0xd,0xa,0xe1,0xf3,0xeb,0xee,0xf7,0xea,0xe0,0xd,0xa,0xe1,0xf3,0xf0,0xe6,
  0xf3,0xe9,0xd,0xa,0xe2,0xe5,0xeb,0xe8,0xea,0xee,0xeb,0xe5,0xef,0xe8,0xe5,0xd,
  0xa,0xe2,0xe7,0xed,0xee,0xf1,0xd,0xa,0xe2,0xee,0xf1,0xf5,0xee,0xe6,0xe4,0xe5,
  0xed,0xe8,0xe5,0xd,0xa,0xe2,0xfb,0xe4,0xee,0xf5,0xd,0xa,0xe3,0xe0,0xe7,0xe5,
  0xf2,0xea,0xe0,0xd,0xa,0xe4,0xee,0xe1,0xf0,0xee,0xe4,0xe5,0xf2,0xe5,0xeb,0xfc,
  0xd,0xa,0xe6,0xe5,0xed,0xe5,0xe2,0xe0,0xd,0xa,0xe8,0xe5,0xf0,0xe0,0xf0,0xf5,
  0xe8,0xff,0xd,0xa,0xea,0xe0,0xeb,0xd,0xa,0xec,0xee,0xe1,0xe8,0xeb,0xe8,0xe7,
  0xe0,0xf6,0xe8,0xff,0xd,0xa,0xec,0xf3,0xec,0xe8,0xff,0xd,0xa,0xed,0xe0,0xea,
  0xeb,0xe5,0xe9,0xea,0xe0,0xd,0xa,0xed,0xe5,0xf0,0xe0,0xe7,0xe1,0xe5,0xf0,0xe8,
  0xf5,0xe0,0xd,0xa,0xed,0xe5,0xf1,0xee,0xee,0xf2,0xe2,0xe5,0xf2,0xf1,0xf2,0xe2,
  0xe8,0xe5,0xd,0xa,0xee,0xe1,0xee,0xe7,0xf0,0xe5,0xed,0xe8,0xe5,0xd,0xa,0xee,
  0xe3,0xee,0xf0,0xee,0xe4,0xed,0xe8,0xea,0xd,0xa,0xee,0xe3,0xef,0xf3,0xd,0xa,
  0xee,0xf2,0xf1,0xf7,0xe5,0xf2,0xd,0xa,0xef,0xe0,0xf0,0xe0,0xf8,0xfe,0xf2,0xe8,
  0xf1,0xf2,0xd,0xa,0xef,0xe0,0xf0,0xf2,0xee,0xf0,0xe3,0xd,0xa,0xef,0xe5,0xeb,
  0xe5,0xed,0xea,0xe0,0xd,0xa,0xef,0xe5,0xf0,0xe5,0xeb,0xe5,0xf1,0xee,0xea,0xd,
  0xa,0xef,0xe5,0xf0,0xe5,0xf1,0xf2,0xf0,0xe5,0xeb,0xea,0xe0,0xd,0xa,0xef,0xf0,
  0xee,0xe1,0xee,0xe8,0xed,0xe0,0xd,0xa,0xf0,0xe0,0xe1,0xee,0xf2,0xee,0xe4,0xe0,
  0xf2,0xe5,0xeb,0xfc,0xd,0xa,0xf0,0xe0,0xe7,0xe1,0xe5,0xe3,0xd,0xa,0xf0,0xf3,
  0xf1,0xe0,0xeb,0xea,0xe0,0xd,0xa,0xf1,0xe5,0xea,0xf0,0xe5,0xf6,0xe8,0xff,0xd,
  0xa,0xf1,0xe5,0xf0,0xe5,0xe3,0xe8,0xed,0xd,0xa,0xf1,0xea,0xee,0xe1,0xe0,0xd,
  0xa,0xf1,0xf0,0xf3,0xe1,0xd,0xa,0xf1,0xf2,0xe0,0xf0,0xe5,0xe9,0xf8,0xe8,0xed,
  0xe0,0xd,0xa,0xf2,0xf0,0xe0,0xef,0xe5,0xe7,0xe0,0xd,0xa,0xf2,0xf3,0xf0,0xe8,
  0xe7,0xec,0xd,0xa,0xf3,0xea,0xf0,0xe0,0xe8,0xed,0xe5,0xf6,0xd,0xa,0xf8,0xea,
  0xee,0xeb,0xfc,0xed,0xe8,0xf6,0xe0,0xd,0xa,0xfd,0xec,0xe1,0xeb,0xe5,0xec,0xe0,
  0xd,0xa,0xfd,0xf2,0xe8,0xea,0xe0,0xd,0xa,0xe1,0xe0,0xed,0xe0,0xed,0xd,0xa,
  0xe1,0xf3,0xf0,0xfc,0xff,0xed,0xd,0xa,0xe3,0xeb,0xf3,0xf5,0xe0,0xf0,0xfc,0xd,
  0xa,0xe3,0xee,0xf1,0xe1,0xe5,0xe7,0xee,0xef,0xe0,0xf1,0xed,0xee,0xf1,0xf2,0xfc,
  0xd,0xa,0xe7,0xe0,0xe5,0xec,0xd,0xa,0xe7,0xe0,0xf0,0xff,0xe4,0xea,0xe0,0xd,
  0xa,0xe7,0xed,0xee,0xe9,0xd,0xa,0xea,0xe0,0xeb,0xe8,0xf4,0xee,0xf0,0xed,0xe8,
  0xe9,0xd,0xa,0xea,0xe0,0xf2,0xee,0xea,0xd,0xa,0xef,0xe5,0xf5,0xee,0xf2,0xe8,
  0xed,0xe5,0xf6,0xd,0xa,0xef,0xeb,0xee,0xf2,0xea,0xe8,0xed,0xd,0xa,0xef,0xee,
  0xef,0xf3,0xf2,0xf7,0xe8,0xea,0xd,0xa,0xef,0xf1,0xea,0xee,0xe2,0xd,0xa,0xf0,
  0xe0,0xe4,0xe8,0xee,0xe3,0xf0,0xe0,0xec,0xec,0xe0,0xd,0xa,0xf0,0xf3,0xea,0xee,
  0xff,0xf2,0xfc,0xd,0xa,0xf0,0xfb,0xe4,0xe0,0xed,0xe8,0xe5,0xd,0xa,0xf0,0xfe,
  0xec,0xee,0xf7,0xea,0xe0,0xd,0xa,0xf1,0xe5,0xec,0xe8,0xed,0xe0,0xf0,0xd,0xa,
  0xf1,0xea,0xe2,0xee,0xe7,0xed,0xff,0xea,0xd,0xa,0xf1,0xee,0xeb,0xee,0xe2,0xe5,
  0xe9,0xd,0xa,0xf1,0xfb,0xef,0xfc,0xd,0xa,0xf2,0xe0,0xeb,0xeb,0xe8,0xed,0xed,
  0xd,0xa,0xf4,0xe0,0xed,0xe5,0xf0,0xe0,0xd,0xa,0xfd,0xeb,0xe5,0xea,0xf2,0xf0,
  0xee,0xe4,0xd,0xa,0xff,0xf0,0xec,0xe0,0xf0,0xea,0xe0,0xd,0xa,0xe1,0xee,0xec,
  0xe1,0xe0,0xf0,0xe4,0xe8,0xf0,0xee,0xe2,0xf9,0xe8,0xea,0xd,0xa,0xe2,0xe5,0xeb,
  0xe8,0xea,0xee,0xe1,0xf0,0xe8,0xf2,0xe0,0xed,0xe8,0xff,0xd,0xa,0xe2,0xfb,0xe4,
  0xe5,0xf0,0xe6,0xea,0xe0,0xd,0xa,0xe8,0xe7,0xe4,0xe0,0xf2,0xe5,0xeb,0xfc,0xd,
  0xa,0xea,0xeb,0xe0,0xe2,0xe8,0xf8,0xe0,0xd,0xa,0xea,0xee,0xed,0xf2,0xf3,0xf0,
  0xd,0xa,0xeb,0xe5,0xef,0xe5,0xf8,0xea,0xe0,0xd,0xa,0xeb,0xf3,0xe1,0xff,0xed,
  0xea,0xe0,0xd,0xa,0xed,0xe8,0xe7,0xd,0xa,0xef,0xe8,0xf0,0xee,0xe6,0xee,0xea,
  0xd,0xa,0xef,0xee,0xe4,0xed,0xee,0xe6,0xe8,0xe5,0xd,0xa,0xf1,0xf2,0xf0,0xe0,
  0xe6,0xd,0xa,0xf3,0xf1,0xf2,0xe0,0xed,0xee,0xe2,0xeb,0xe5,0xed,0xe8,0xe5,0xd,
  0xa,0xe1,0xe0,0xe1,0xe5,0xed,0xea,0xe0,0xd,0xa,0xe1,0xe0,0xeb,0xe0,0xeb,0xe0,
  0xe9,0xea,0xe0,0xd,0xa,0xe1,0xe0,0xeb,0xeb,0xe0,0xe4,0xe0,0xd,0xa,0xe2,0xe5,
  0xf1,0xf2,0xed,0xe8,0xea,0xd,0xa,0xe2,0xe5,0xf9,0xe8,0xf6,0xe0,0xd,0xa,0xe2,
  0xe7,0xf0,0xfb,0xe2,0xe0,0xf2,0xe5,0xeb,0xfc,0xd,0xa,0xe2,0xf0,0xe0,0xe6,0xe4,
  0xe5,0xe1,0xed,0xee,0xf1,0xf2,0xfc,0xd,0xa,0xe2,0xfb,0xf1,0xee,0xf2,0xea,0xe0,
  0xd,0xa,0xe3,0xee,0xeb,0xf3,0xe1,0xe8,0xe7,0xed,0xe0,0xd,0xa,0xe3,0xee,0xf0,
  0xee,0xf8,0xe5,0xea,0xd,0xa,0xe3,0xf3,0xeb,0xe0,0xe3,0xd,0xa,0xe4,0xe5,0xeb,
  0xe8,0xea,0xe0,0xf2,0xe5,0xf1,0xd,0xa,0xe4,0xe5,0xeb,0xfc,0xf6,0xe5,0xd,0xa,
  0xe5,0xef,0xe8,0xf1,0xea,0xee,0xef,0xd,0xa,0xe6,0xe8,0xeb,0xef,0xeb,0xee,0xf9,
  0xe0,0xe4,0xfc,0xd,0xa,0xe8,0xe7,0xe3,0xed,0xe0,0xed,0xed,0xe8,0xea,0xd,0xa,
  0xe8,0xe7,0xe6,0xee,0xe3,0xe0,0xd,0xa,0xe9,0xee,0xe3,0xd,0xa,0xea,0xe0,0xed,
  0xe7,0xe0,0xf1,0xd,0xa,0xea,0xe0,0xf1,0xf2,0xe5,0xf2,0xd,0xa,0xea,0xeb,0xe0,
  0xf1,0xf1,0xe8,0xea,0xe0,0xd,0xa,0xea,0xee,0xeb,0xe1,0xe0,0xf1,0xea,0xe0,0xd,
  0xa,0xea,0xee,0xed,0xe4,0xf3,0xea,0xf2,0xee,0xf0,0xd,0xa,0xea,0xee,0xed,0xfc,
  0xff,0xf7,0xee,0xea,0xd,0xa,0xea,0xee,0xf2,0xeb,0xee,0xe2,0xe8,0xed,0xe0,0xd,
  0xa,0xec,0xe0,0xe3,0xe0,0xe4,0xe0,0xed,0xd,0xa,0xed,0xe5,0xf1,0xef,0xee,0xf1,
  0xee,0xe1,0xed,0xee,0xf1,0xf2,0xfc,0xd,0xa,0xee,0xe3,0xeb,0xff,0xe4,0xea,0xe0,
  0xd,0xa,0xee,0xea,0xe8,0xf1,0xfc,0xd,0xa,0xef,0xe5,0xf0,0xe5,0xe4,0xee,0xea,
  0xd,0xa,0xef,0xeb,0xe0,0xf5,0xe0,0xd,0xa,0xef,0xee,0xe4,0xf1,0xea,0xe0,0xe7,
  0xea,0xe0,0xd,0xa,0xef,0xee,0xf5,0xe8,0xf2,0xe8,0xf2,0xe5,0xeb,0xfc,0xd,0xa,
  0xef,0xf0,0xee,0xea,0xd,0xa,0xef,0xf0,0xee,0xec,0xfb,0xf1,0xe5,0xeb,0xd,0xa,
  0xef,0xf0,0xee,0xef,0xe8,0xf2,0xe0,0xed,0xe8,0xe5,0xd,0xa,0xef,0xf0,0xee,0xf3,
  0xeb,0xee,0xea,0xd,0xa,0xef,0xf2,0xe5,0xed,0xe5,0xf6,0xd,0xa,0xef,0xff,0xf2,
  0xe5,0xf0,0xed,0xff,0xd,0xa,0xf0,0xe0,0xea,0xf3,0xf8,0xea,0xe0,0xd,0xa,0xf0,
  0xe5,0xe0,0xeb,0xe8,0xf1,0xf2,0xd,0xa,0xf1,0xe5,0xea,0xe8,0xf0,0xe0,0xd,0xa,
  0xf1,0xec,0xe5,0xeb,0xfc,0xf7,0xe0,0xea,0xd,0xa,0xf1,0xee,0xe1,0xf3,0xf2,0xfb,
  0xeb,0xfc,0xed,0xe8,0xea,0xd,0xa,0xf1,0xee,0xeb,0xe8,0xe4,0xe0,0xf0,0xed,0xee,
  0xf1,0xf2,0xfc,0xd,0xa,0xf1,0xf2,0xf0,0xe5,0xea,0xee,0xe7,0xe0,0xd,0xa,0xf2,
  0xf0,0xe0,0xf2,0xe0,0xd,0xa,0xf4,0xe8,0xea,0xf3,0xf1,0xd,0xa,0xf5,0xf3,0xed,
  0xf2,0xe0,0xd,0xa,0xf7,0xe5,0xf0,0xf2,0xee,0xe2,0xf9,0xe8,0xed,0xe0,0xd,0xa,
  0xf7,0xe8,0xf4,0xd,0xa,0xf8,0xe5,0xeb,0xf3,0xf5,0xe0,0xd,0xa,0xf9,0xe5,0xeb,
  0xee,0xf7,0xea,0xe0,0xd,0xa,0xff,0xec,0xee,0xf7,0xea,0xe0,0xd,0xa,0xff,0xf3,
  0xe7,0xe0,0xd,0xa,0xe0,0xe2,0xf2,0xee,0xf0,0xf3,0xf7,0xea,0xe0,0xd,0xa,0xe0,
  0xf1,0xf1,0xe8,0xf1,0xf2,0xe5,0xed,0xf2,0xd,0xa,0xe1,0xe0,0xf0,0xe4,0xe0,0xea,
  0xd,0xa,0xe2,0xee,0xe6,0xe6,0xe0,0xd,0xa,0xe3,0xe0,0xeb,0xe8,0xf4,0xe5,0xd,
  0xa,0xe3,0xeb,0xe0,0xf1,0xed,0xee,0xf1,0xf2,0xfc,0xd,0xa,0xe3,0xee,0xf1,0xf2,
  0xfc,0xff,0xd,0xa,0xe3,0xf0,0xe5,0xf8,0xed,0xe8,0xea,0xd,0xa,0xe7,0xe0,0xeb,
  0xee,0xe6,0xed,0xe8,0xea,0xd,0xa,0xe7,0xe0,0xf1,0xee,0xe2,0xd,0xa,0xe8,0xe4,
  0xee,0xeb,0xd,0xa,0xea,0xe0,0xeb,0xee,0xf8,0xe0,0xd,0xa,0xea,0xe0,0xf0,0xf2,
  0xee,0xed,0xd,0xa,0xea,0xeb,0xf3,0xec,0xe1,0xe0,0xd,0xa,0xea,0xee,0xeb,0xf7,
  0xe0,0xed,0xd,0xa,0xeb,0xe5,0xea,0xf2,0xee,0xf0,0xd,0xa,0xec,0xe0,0xe3,0xe8,
  0xf1,0xf2,0xf0,0xe0,0xeb,0xfc,0xd,0xa,0xed,0xe0,0xf1,0xec,0xee,0xf0,0xea,0xd,
  0xa,0xee,0xef,0xfc,0xff,0xed,0xe5,0xed,0xe8,0xe5,0xd,0xa,0xef,0xe0,0xf0,0xe8,
  0xd,0xa,0xef,0xee,0xea,0xee,0xf0,0xed,0xee,0xf1,0xf2,0xfc,0xd,0xa,0xef,0xf0,
  0xe5,0xe4,0xef,0xee,0xf1,0xfb,0xeb,0xea,0xe0,0xd,0xa,0xef,0xff,0xf2,0xe8,0xeb,
  0xe5,0xf2,0xea,0xe0,0xd,0xa,0xf0,0xe5,0xea,0xee,0xed,0xf1,0xf2,0xf0,0xf3,0xea,
  0xf6,0xe8,0xff,0xd,0xa,0xf2,0xe8,0xef,0xee,0xe3,0xf0,0xe0,0xf4,0xe8,0xff,0xd,
  0xa,0xf2,0xf3,0xf1,0xee,0xe2,0xea,0xe0,0xd,0xa,0xf3,0xec,0xed,0xe8,0xea,0xd,
  0xa,0xf6,0xe8,0xf1,0xf2,0xe5,0xf0,0xed,0xe0,0xd,0xa,0xf7,0xe5,0xf5,0xee,0xf1,
  0xeb,0xee,0xe2,0xe0,0xea,0xe8,0xff,0xd,0xa,0xf8,0xe0,0xf5,0xf2,0xe5,0xf0,0xd,
  0xa,0xfd,0xeb,0xe5,0xea,0xf2,0xf0,0xee,0xf1,0xf2,0xe0,0xed,0xf6,0xe8,0xff,0xd,
  0xa,0xfd,0xeb,0xe5,0xea,0xf2,0xf0,0xee,0xfd,0xed,0xe5,0xf0,0xe3,0xe8,0xff,0xd,
  0xa,0xe1,0xe8,0xee,0xeb,0xee,0xe3,0xd,0xa,0xe2,0xee,0xe7,0xf0,0xee,0xe6,0xe4,
  0xe5,0xed,0xe8,0xe5,0xd,0xa,0xe8,0xed,0xf2,0xf3,0xe8,0xf6,0xe8,0xff,0xd,0xa,
  0xea,0xe0,0xe1,0xe0,0xea,0xd,0xa,0xea,0xe0,0xed,0xe4,0xe8,0xe4,0xe0,0xf2,0xf3,
  0xf0,0xe0,0xd,0xa,0xea,0xee,0xed,0xf1,0xf3,0xeb,0xfc,0xf2,0xe0,0xf6,0xe8,0xff,
  0xd,0xa,0xea,0xee,0xed,0xf2,0xe5,0xe9,0xed,0xe5,0xf0,0xd,0xa,0xea,0xf0,0xe5,
  0xec,0xd,0xa,0xea,0xf3,0xef,0xfe,0xf0,0xe0,0xd,0xa,0xeb,0xf3,0xf7,0xed,0xe8,
  0xea,0xd,0xa,0xed,0xe0,0xf0,0xf3,0xf8,0xe8,0xf2,0xe5,0xeb,0xfc,0xd,0xa,0xef,
  0xe5,0xeb,0xe5,0xed,0xe0,0xd,0xa,0xef,0xee,0xf1,0xf2,0xe0,0xe2,0xea,0xe0,0xd,
  0xa,0xf0,0xe0,0xe7,0xe1,0xee,0xf0,0xea,0xe0,0xd,0xa,0xf0,0xe0,0xf1,0xef,0xf0,
  0xe0,0xe2,0xe0,0xd,0xa,0xf3,0xe1,0xee,0xf0,0xf9,0xe8,0xf6,0xe0,0xd,0xa,0xf5,
  0xee,0xeb,0xee,0xe4,0xee,0xea,0xd,0xa,0xf7,0xe5,0xf2,0xe2,0xe5,0xf0,0xea,0xe0,
  0xd,0xa,0xf8,0xef,0xf0,0xe8,0xf6,0xd,0xa,0xe0,0xe2,0xf2,0xee,0xea,0xee,0xeb,
  0xee,0xed,0xed,0xe0,0xd,0xa,0xe0,0xe3,0xf3,0xf2,0xe8,0xd,0xa,0xe0,0xeb,0xea,
  0xe0,0xeb,0xee,0xe8,0xe4,0xd,0xa,0xe0,0xeb,0xeb,0xe8,0xe3,0xe0,0xf2,0xee,0xf0,
  0xd,0xa,0xe0,0xeb,0xeb,0xfe,0xe7,0xe8,0xff,0xd,0xa,0xe0,0xeb,0xfb,0xf7,0xe0,
  0xd,0xa,0xe0,0xf0,0xe5,0xed,0xe4,0xe0,0xf2,0xee,0xf0,0xd,0xa,0xe0,0xf3,0xf2,
  0xf1,0xe0,0xe9,0xe4,0xe5,0xf0,0xd,0xa,0xe1,0xe0,0xe1,0xf3,0xe8,0xed,0xd,0xa,
  0xe1,0xe5,0xe4,0xeb,0xe0,0xec,0xd,0xa,0xe1,0xe5,0xe7,0xed,0xf0,0xe0,0xe2,0xf1,
  0xf2,0xe2,0xe5,0xed,0xed,0xee,0xf1,0xf2,0xfc,0xd,0xa,0xe1,0xe5,0xeb,0xeb,0xe5,
  0xf2,0xf0,0xe8,0xf1,0xf2,0xd,0xa,0xe1,0xe5,0xf2,0xe0,0xd,0xa,0xe1,0xe8,0xee,
  0xef,0xf1,0xe8,0xff,0xd,0xa,0xe1,0xeb,0xe0,0xe3,0xee,0xf3,0xf5,0xe0,0xed,0xe8,
  0xe5,0xd,0xa,0xe1,0xee,0xe1,0xe8,0xea,0xd,0xa,0xe1,0xee,0xe3,0xee,0xf1,0xeb,
  0xf3,0xe6,0xe5,0xed,0xe8,0xe5,0xd,0xa,0xe1,0xee,0xe4,0xff,0xe3,0xe0,0xd,0xa,
  0xe1,0xee,0xf0,0xee,0xe7,0xe4,0xea,0xe0,0xd,0xa,0xe1,0xee,0xf2,0xe8,0xed,0xee,
  0xf7,0xe5,0xea,0xd,0xa,0xe1,0xf3,0xf0,0xe0,0xea,0xd,0xa,0xe1,0xf3,0xff,0xed,
  0xd,0xa,0xe1,0xfb,0xeb,0xfc,0xe5,0xd,0xa,0xe1,0xfe,0xe4,0xe6,0xe5,0xf2,0xed,
  0xe8,0xea,0xd,0xa,0xe2,0xe0,0xe7,0xee,0xed,0xd,0xa,0xe2,0xe0,0xed,0xe4,0xe0,
  0xeb,0xd,0xa,0xe2,0xe5,0xf0,0xf5,0xee,0xf2,0xf3,0xf0,0xe0,0xd,0xa,0xe2,0xeb,
  0xe0,0xf1,0xf2,0xed,0xee,0xf1,0xf2,0xfc,0xd,0xa,0xe2,0xee,0xe2,0xeb,0xe5,0xf7,
  0xe5,0xed,0xe8,0xe5,0xd,0xa,0xe2,0xee,0xe4,0xed,0xe8,0xea,0xd,0xa,0xe2,0xee,
  0xe7,0xe3,0xee,0xf0,0xe0,0xed,0xe8,0xe5,0xd,0xa,0xe2,0xee,0xf0,0xee,0xe2,0xea,
  0xe0,0xd,0xa,0xe2,0xee,0xf0,0xee,0xed,0xe8,0xed,0xe0,0xd,0xa,0xe2,0xf0,0xe0,
  0xea,0xe8,0xd,0xa,0xe2,0xfb,0xea,0xeb,0xfe,0xf7,0xe5,0xed,0xe8,0xe5,0xd,0xa,
  0xe2,0xfb,0xf0,0xe0,0xe7,0xe8,0xf2,0xe5,0xeb,0xfc,0xd,0xa,0xe2,0xfb,0xff,0xd,
  0xa,0xe3,0xe0,0xeb,0xe8,0xec,0xe0,0xf2,0xfc,0xff,0xd,0xa,0xe3,0xe0,0xf0,0xe4,
  0xe8,0xed,0xe0,0xd,0xa,0xe3,0xe5,0xf0,0xe1,0xe0,0xf0,0xe8,0xe9,0xd,0xa,0xe3,
  0xe5,0xf0,0xf6,0xee,0xe3,0xe8,0xed,0xff,0xd,0xa,0xe3,0xe8,0xe4,0xf0,0xee,0xea,
  0xee,0xf0,0xf2,0xe8,0xe7,0xee,0xed,0xd,0xa,0xe3,0xe8,0xef,0xe5,0xf0,0xe1,0xee,
  0xeb,0xe0,0xd,0xa,0xe3,0xeb,0xe0,0xe4,0xe8,0xee,0xeb,0xf3,0xf1,0xd,0xa,0xe3,
  0xeb,0xe8,0xf1,0xf1,0xe5,0xf0,0xd,0xa,0xe3,0xed,0xee,0xe9,0xed,0xe8,0xf7,0xee,
  0xea,0xd,0xa,0xe3,0xee,0xe4,0xed,0xee,0xf1,0xf2,0xfc,0xd,0xa,0xe3,0xee,0xec,
  0xe5,0xee,0xef,0xe0,0xf2,0xd,0xa,0xe3,0xee,0xec,0xee,0xf1,0xe5,0xea,0xf1,0xf3,
  0xe0,0xeb,0xfc,0xed,0xee,0xf1,0xf2,0xfc,0xd,0xa,0xe3,0xee,0xed,0xf7,0xe0,0xf0,
  0xe5,0xed,0xea,0xee,0xd,0xa,0xe3,0xee,0xf0,0xed,0xe8,0xf1,0xf2,0xd,0xa,0xe3,
  0xf0,0xe8,0xec,0xe5,0xf0,0xd,0xa,0xe3,0xf0,0xf3,0xed,0xf2,0xee,0xe2,0xea,0xe0,
  0xd,0xa,0xe4,0xe5,0xe2,0xf1,0xf2,0xe2,0xe5,0xed,0xed,0xe8,0xf6,0xe0,0xd,0xa,
  0xe4,0xe5,0xe7,0xee,0xe4,0xee,0xf0,0xe0,0xed,0xf2,0xd,0xa,0xe4,0xe5,0xeb,0xfc,
  0xf2,0xe0,0xd,0xa,0xe4,0xe5,0xec,0xfc,0xff,0xed,0xd,0xa,0xe4,0xe5,0xf2,0xe4,
  0xee,0xec,0xee,0xe2,0xe5,0xf6,0xd,0xa,0xe4,0xe8,0xeb,0xe5,0xec,0xec,0xe0,0xd,
  0xa,0xe4,0xee,0xef,0xeb,0xe0,0xf2,0xe0,0xd,0xa,0xe4,0xf0,0xe0,0xed,0xe4,0xf3,
  0xeb,0xe5,0xf2,0xd,0xa,0xe4,0xf0,0xee,0xf2,0xe8,0xea,0xd,0xa,0xe6,0xe8,0xe7,
  0xed,0xe5,0xf0,0xe0,0xe4,0xee,0xf1,0xf2,0xed,0xee,0xf1,0xf2,0xfc,0xd,0xa,0xe6,
  0xe8,0xed,0xea,0xe0,0xd,0xa,0xe7,0xe0,0xe2,0xe0,0xf0,0xf3,0xf8,0xea,0xe0,0xd,
  0xa,0xe7,0xe0,0xe2,0xe8,0xe2,0xea,0xe0,0xd,0xa,0xe7,0xe0,0xe8,0xec,0xf1,0xf2,
  0xe2,0xee,0xe2,0xe0,0xed,0xe8,0xe5,0xd,0xa,0xe7,0xe0,0xea,0xe0,0xeb,0xe8,0xe2,
  0xe0,0xed,0xe8,0xe5,0xd,0xa,0xe7,0xe0,0xec,0xe0,0xf5,0xd,0xa,0xe7,0xe0,0xef,
  0xee,0xe7,0xe4,0xe0,0xed,0xe8,0xe5,0xd,0xa,0xe7,0xe0,0xf7,0xe8,0xf1,0xeb,0xe5,
  0xed,0xe8,0xe5,0xd,0xa,0xe7,0xe5,0xe2,0xee,0xea,0xd,0xa,0xe7,0xe8,0xef,0xf3,
  0xed,0xd,0xa,0xe7,0xee,0xeb,0xee,0xf2,0xe0,0xf0,0xfc,0xd,0xa,0xe7,0xf3,0xe1,
  0xf0,0xe8,0xeb,0xee,0xd,0xa,0xe8,0xec,0xef,0xf0,0xe5,0xf1,0xf1,0xe8,0xee,0xed,
  0xe8,0xf1,0xf2,0xd,0xa,0xe8,0xed,0xe4,0xe8,0xe5,0xf6,0xd,0xa,0xe8,0xed,0xee,
  0xea,0xe8,0xed,0xff,0xd,0xa,0xe8,0xed,0xf1,0xf6,0xe5,0xed,0xe8,0xf0,0xee,0xe2,
  0xea,0xe0,0xd,0xa,0xe8,0xf1,0xea,0xf0,0xe8,0xe2,0xeb,0xe5,0xed,0xe8,0xe5,0xd,
  0xa,0xe8,0xf1,0xea,0xf3,0xf1,0xd,0xa,0xe8,0xf1,0xef,0xee,0xeb,0xed,0xe8,0xf2,
  0xe5,0xeb,0xfc,0xed,0xe8,0xf6,0xe0,0xd,0xa,0xea,0xe0,0xe7,0xed,0xe0,0xf7,0xe5,
  0xe9,0xf1,0xf2,0xe2,0xee,0xd,0xa,0xea,0xe0,0xec,0xe8,0xea,0xe0,0xe4,0xe7,0xe5,
  0xd,0xa,0xea,0xe0,0xed,0xe4,0xe8,0xe4,0xe0,0xf2,0xea,0xe0,0xd,0xa,0xea,0xe0,
  0xef,0xee,0xed,0xe8,0xf0,0xd,0xa,0xea,0xe0,0xf0,0xe0,0xe3,0xe0,0xf7,0xd,0xa,
  0xea,0xe0,0xf0,0xe0,0xf2,0xe8,0xf1,0xf2,0xd,0xa,0xea,0xe0,0xf0,0xe8,0xe0,0xf2,
  0xe8,0xe4,0xe0,0xd,0xa,0xea,0xe2,0xe0,0xed,0xf2,0xd,0xa,0xea,0xe5,0xf2,0xf7,
  0xf3,0xef,0xd,0xa,0xea,0xe8,0xed,0xe5,0xec,0xe0,0xf2,0xee,0xe3,0xf0,0xe0,0xf4,
  0xe8,0xff,0xd,0xa,0xea,0xe8,0xed,0xee,0xe0,0xef,0xef,0xe0,0xf0,0xe0,0xf2,0xd,
  0xa,0xea,0xe8,0xed,0xee,0xe0,0xf0,0xf2,0xe8,0xf1,0xf2,0xd,0xa,0xea,0xe8,0xed,
  0xee,0xef,0xeb,0xe5,0xed,0xea,0xe0,0xd,0xa,0xea,0xe8,0xed,0xee,0xf1,0xfa,0xe5,
  0xec,0xea,0xe0,0xd,0xa,0xea,0xe8,0xef,0xf3,0xd,0xa,0xea,0xeb,0xe0,0xe2,0xe5,
  0xf1,0xe8,0xed,0xd,0xa,0xea,0xeb,0xee,0xf3,0xed,0xe0,0xe4,0xe0,0xd,0xa,0xea,
  0xed,0xe8,0xea,0xf1,0xe5,0xed,0xd,0xa,0xea,0xee,0xeb,0xe1,0xee,0xf7,0xea,0xe0,
  0xd,0xa,0xea,0xee,0xed,0xe2,0xf3,0xeb,0xfc,0xf1,0xe8,0xff,0xd,0xa,0xea,0xee,
  0xed,0xea,0xf3,0xf0,0xe5,0xed,0xf2,0xee,0xf1,0xef,0xee,0xf1,0xee,0xe1,0xed,0xee,
  0xf1,0xf2,0xfc,0xd,0xa,0xea,0xee,0xef,0xe8,0xf0,0xee,0xe2,0xe0,0xed,0xe8,0xe5,
  0xd,0xa,0xea,0xee,0xef,0xfc,0xd,0xa,0xea,0xee,0xf0,0xee,0xf1,0xf2,0xe0,0xd,
  0xa,0xea,0xee,0xf1,0xe8,0xeb,0xea,0xe0,0xd,0xa,0xea,0xee,0xf1,0xed,0xee,0xf1,
  0xf2,0xfc,0xd,0xa,0xea,0xee,0xf1,0xf2,0xf0,0xe5,0xf6,0xd,0xa,0xea,0xee,0xf4,
  0xf0,0xd,0xa,0xea,0xee,0xf7,0xe5,0xf0,0xfb,0xe6,0xea,0xe0,0xd,0xa,0xea,0xf0,
  0xe5,0xe4,0xe8,0xf2,0xee,0xe2,0xe0,0xed,0xe8,0xe5,0xd,0xa,0xea,0xf0,0xe5,0xf1,
  0xf2,0xed,0xfb,0xe9,0xd,0xa,0xea,0xf0,0xe8,0xf1,0xf2,0xe0,0xeb,0xeb,0xe8,0xea,
  0xd,0xa,0xea,0xf0,0xee,0xe2,0xee,0xf1,0xee,0xf1,0xd,0xa,0xea,0xf0,0xee,0xe2,
  0xee,0xf5,0xe0,0xf0,0xea,0xe0,0xed,0xfc,0xe5,0xd,0xa,0xea,0xf1,0xe5,0xf0,0xee,
  0xea,0xee,0xef,0xe8,0xff,0xd,0xa,0xea,0xf3,0xe1,0xe0,0xed,0xe5,0xf6,0xd,0xa,
  0xea,0xf3,0xeb,0xe8,0xf7,0xd,0xa,0xea,0xf3,0xec,0xfb,0xf1,0xd,0xa,0xea,0xf3,
  0xed,0xe8,0xf6,0xe0,0xd,0xa,0xea,0xf3,0xef,0xe0,0xd,0xa,0xea,0xf3,0xf1,0xf2,
  0xe0,0xf0,0xfc,0xd,0xa,0xeb,0xe0,0xe7,0xf3,0xf0,0xfc,0xd,0xa,0xeb,0xe5,0xe2,
  0xe8,0xf2,0xe0,0xf6,0xe8,0xff,0xd,0xa,0xeb,0xe5,0xed,0xf6,0xe0,0xd,0xa,0xeb,
  0xe5,0xf1,0xee,0xef,0xe8,0xeb,0xea,0xe0,0xd,0xa,0xeb,0xe8,0xef,0xe5,0xf6,0xea,
  0xd,0xa,0xeb,0xf3,0xf7,0xe8,0xed,0xea,0xe0,0xd,0xa,0xec,0xe0,0xe3,0xed,0xe8,
  0xf2,0xee,0xe3,0xee,0xf0,0xf1,0xea,0xd,0xa,0xec,0xe0,0xeb,0xe8,0xed,0xed,0xe8,
  0xea,0xd,0xa,0xec,0xe0,0xed,0xe4,0xee,0xeb,0xe8,0xed,0xe0,0xd,0xa,0xec,0xe0,
  0xf0,0xe0,0xe1,0xf3,0xd,0xa,0xec,0xe0,0xf0,0xe3,0xe0,0xed,0xf6,0xee,0xe2,0xea,
  0xe0,0xd,0xa,0xec,0xe0,0xf0,0xe3,0xe0,0xf0,0xe5,0xf2,0xd,0xa,0xec,0xe0,0xf0,
  0xec,0xe5,0xeb,0xe0,0xe4,0xd,0xa,0xec,0xe0,0xf1,0xeb,0xe8,0xf6,0xe5,0xd,0xa,
  0xec,0xe0,0xf1,0xf2,0xe8,0xf2,0xd,0xa,0xec,0xe0,0xf2,0xe5,0xec,0xe0,0xf2,0xe8,
  0xf7,0xea,0xe0,0xd,0xa,0xec,0xe0,0xf2,0xee,0xe2,0xee,0xf1,0xf2,0xfc,0xd,0xa,
  0xec,0xe5,0xe6,0xe4,0xee,0xf3,0xf1,0xee,0xe1,0xe8,0xf6,0xe0,0xd,0xa,0xec,0xe5,
  0xf0,0xf2,0xe2,0xe5,0xf7,0xe8,0xed,0xe0,0xd,0xa,0xec,0xe8,0xe7,0xe0,0xed,0xf2,
  0xf0,0xee,0xef,0xd,0xa,0xec,0xee,0xe7,0xe6,0xe5,0xf7,0xee,0xea,0xd,0xa,0xec,
  0xee,0xeb,0xee,0xe4,0xf3,0xf5,0xe0,0xd,0xa,0xec,0xee,0xeb,0xee,0xf2,0xe8,0xeb,
  0xee,0xd,0xa,0xec,0xee,0xf0,0xe5,0xf5,0xee,0xe4,0xd,0xa,0xec,0xee,0xf0,0xe7,
  0xff,0xed,0xea,0xe0,0xd,0xa,0xec,0xee,0xf1,0xe3,0xee,0xf0,0xf1,0xf3,0xe4,0xd,
  0xa,0xec,0xee,0xf1,0xea,0xe8,0xf2,0xd,0xa,0xec,0xee,0xf2,0xd,0xa,0xed,0xe0,
  0xe4,0xf1,0xec,0xee,0xf2,0xf0,0xf9,0xe8,0xea,0xd,0xa,0xed,0xe5,0xe2,0xe5,0xf0,
  0xed,0xfb,0xe9,0xd,0xa,0xed,0xe5,0xe4,0xee,0xec,0xee,0xeb,0xe2,0xea,0xe0,0xd,
  0xa,0xed,0xe5,0xe4,0xee,0xf1,0xec,0xee,0xf2,0xf0,0xd,0xa,0xed,0xe5,0xe4,0xee,
  0xf1,0xf2,0xf3,0xef,0xed,0xee,0xf1,0xf2,0xfc,0xd,0xa,0xed,0xe5,0xe9,0xf0,0xee,
  0xeb,0xe5,0xef,0xf2,0xe8,0xea,0xd,0xa,0xed,0xe5,0xeb,0xfe,0xe4,0xe8,0xd,0xa,
  0xed,0xe5,0xed,0xee,0xf0,0xec,0xe0,0xeb,0xfc,0xed,0xee,0xf1,0xf2,0xfc,0xd,0xa,
  0xed,0xe5,0xef,0xee,0xe2,0xf2,0xee,0xf0,0xe8,0xec,0xee,0xf1,0xf2,0xfc,0xd,0xa,
  0xed,0xe5,0xef,0xf0,0xe8,0xec,0xe8,0xf0,0xe8,0xec,0xee,0xf1,0xf2,0xfc,0xd,0xa,
  0xed,0xe5,0xf2,0xee,0xf0,0xee,0xef,0xeb,0xe8,0xe2,0xee,0xf1,0xf2,0xfc,0xd,0xa,
  0xed,0xe5,0xf3,0xec,0xe5,0xf1,0xf2,0xed,0xee,0xf1,0xf2,0xfc,0xd,0xa,0xed,0xe5,
  0xf7,0xe8,0xf1,0xf2,0xfb,0xe9,0xd,0xa,0xed,0xee,0xf0,0xee,0xe2,0xd,0xa,0xee,
  0xe1,0xe6,0xee,0xf0,0xf1,0xf2,0xe2,0xee,0xd,0xa,0xee,0xe1,0xf5,0xe2,0xe0,0xf2,
  0xd,0xa,0xee,0xe2,0xf1,0xff,0xed,0xea,0xe0,0xd,0xa,0xee,0xe3,0xeb,0xe0,0xf8,
  0xe5,0xed,0xe8,0xe5,0xd,0xa,0xee,0xea,0xe8,0xf1,0xe5,0xeb,0xd,0xa,0xee,0xea,
  0xf1,0xf4,0xee,0xf0,0xe4,0xd,0xa,0xee,0xeb,0xe5,0xe0,0xed,0xe4,0xf0,0xd,0xa,
  0xee,0xef,0xe5,0xf0,0xe5,0xe6,0xe5,0xed,0xe8,0xe5,0xd,0xa,0xee,0xf0,0xe3,0xea,
  0xee,0xec,0xe8,0xf2,0xe5,0xf2,0xd,0xa,0xee,0xf0,0xf5,0xe8,0xe4,0xe5,0xff,0xd,
  0xa,0xee,0xf1,0xe0,0xe4,0xea,0xe0,0xd,0xa,0xee,0xf1,0xe5,0xf2,0xe8,0xff,0xd,
  0xa,0xee,0xf1,0xf2,0xe8,0xed,0xd,0xa,0xee,0xf2,0xef,0xee,0xe2,0xe5,0xe4,0xfc,
  0xd,0xa,0xee,0xf2,0xf5,0xee,0xe6,0xe4,0xe5,0xed,0xe8,0xe5,0xd,0xa,0xef,0xe0,
  0xe2,0xee,0xe4,0xee,0xea,0xd,0xa,0xef,0xe0,0xec,0xff,0xf2,0xea,0xe0,0xd,0xa,
  0xef,0xe0,0xed,0xe0,0xf6,0xe5,0xff,0xd,0xa,0xef,0xe0,0xef,0xf3,0xe0,0xf1,0xd,
  0xa,0xef,0xe0,0xf0,0xee,0xea,0xd,0xa,0xef,0xe0,0xf1,0xf1,0xe0,0xe6,0xe8,0xf0,
  0xea,0xe0,0xd,0xa,0xef,0xe0,0xf2,0xeb,0xfb,0xd,0xa,0xef,0xe5,0xe9,0xe4,0xe6,
  0xe5,0xf0,0xd,0xa,0xef,0xe5,0xf0,0xe5,0xee,0xe4,0xe5,0xe2,0xe0,0xed,0xe8,0xe5,
  0xd,0xa,0xef,0xe8,0xea,0xf3,0xeb,0xfc,0xd,0xa,0xef,0xe8,0xed,0xe5,0xe3,0xe8,
  0xed,0xd,0xa,0xef,0xe8,0xee,0xe4,0xe5,0xf0,0xec,0xe8,0xff,0xd,0xa,0xef,0xe8,
  0xf1,0xf2,0xee,0xed,0xd,0xa,0xef,0xe8,0xf1,0xfc,0xec,0xe5,0xed,0xe0,0xd,0xa,
  0xef,0xe8,0xf1,0xfc,0xec,0xee,0xe2,0xee,0xe4,0xe8,0xf2,0xe5,0xeb,0xfc,0xd,0xa,
  0xef,0xeb,0xe5,0xff,0xe4,0xe0,0xd,0xa,0xef,0xee,0xe4,0xe5,0xeb,0xea,0xe0,0xd,
  0xa,0xef,0xee,0xe4,0xef,0xe5,0xe2,0xe0,0xeb,0xe0,0xd,0xa,0xef,0xee,0xeb,0xe8,
  0xf2,0xe8,0xed,0xf4,0xee,0xf0,0xec,0xe0,0xf6,0xe8,0xff,0xd,0xa,0xef,0xee,0xeb,
  0xe8,0xf2,0xf3,0xf0,0xe0,0xd,0xa,0xef,0xee,0xeb,0xe8,0xf2,0xfd,0xea,0xee,0xed,
  0xee,0xec,0xe8,0xff,0xd,0xa,0xef,0xee,0xeb,0xeb,0xe8,0xf2,0xf0,0xee,0xe2,0xea,
  0xe0,0xd,0xa,0xef,0xee,0xef,0xe5,0xf0,0xe5,0xf7,0xed,0xe8,0xea,0xd,0xa,0xef,
  0xee,0xf1,0xf0,0xe5,0xe4,0xf1,0xf2,0xe2,0xe5,0xed,0xed,0xee,0xf1,0xf2,0xfc,0xd,
  0xa,0xef,0xf0,0xe5,0xf0,0xee,0xe3,0xe0,0xf2,0xe8,0xe2,0xe0,0xd,0xa,0xef,0xf0,
  0xe5,0xf0,0xfb,0xe2,0xe0,0xed,0xe8,0xe5,0xd,0xa,0xef,0xf0,0xee,0xe2,0xee,0xe7,
  0xd,0xa,0xef,0xf0,0xee,0xec,0xf2,0xee,0xe2,0xe0,0xf0,0xfb,0xd,0xa,0xef,0xf1,
  0xee,0xf0,0xe8,0xe0,0xe7,0xd,0xa,0xef,0xf3,0xe3,0xe0,0xf7,0xd,0xa,0xef,0xf3,
  0xea,0xd,0xa,0xef,0xfc,0xff,0xed,0xf7,0xf3,0xe6,0xea,0xe0,0xd,0xa,0xf0,0xe0,
  0xe1,0xee,0xf2,0xed,0xe8,0xf7,0xe5,0xea,0xd,0xa,0xf0,0xe0,0xe4,0xf3,0xe6,0xea,
  0xe0,0xd,0xa,0xf0,0xe0,0xe5,0xea,0xd,0xa,0xf0,0xe0,0xe7,0xe1,0xf0,0xee,0xf1,
  0xd,0xa,0xf0,0xe0,0xe7,0xee,0xf7,0xe5,0xea,0xd,0xa,0xf0,0xe0,0xf1,0xf1,0xeb,
  0xe0,0xe1,0xeb,0xe5,0xed,0xed,0xee,0xf1,0xf2,0xfc,0xd,0xa,0xf0,0xe0,0xf1,0xf1,
  0xeb,0xee,0xe5,0xed,0xe8,0xe5,0xd,0xa,0xf0,0xe2,0xe0,0xed,0xfc,0xd,0xa,0xf0,
  0xe5,0xe2,0xe5,0xf0,0xe0,0xed,0xf1,0xd,0xa,0xf0,0xe5,0xed,0xee,0xec,0xe5,0xd,
  0xa,0xf0,0xe5,0xef,0xea,0xe0,0xd,0xa,0xf0,0xe5,0xf1,0xef,0xe8,0xf0,0xe0,0xf2,
  0xee,0xf0,0xd,0xa,0xf0,0xe8,0xe7,0xe0,0xd,0xa,0xf0,0xee,0xed,0xe0,0xd,0xa,
  0xf0,0xf3,0xe1,0xf7,0xe8,0xea,0xd,0xa,0xf1,0xe0,0xec,0xee,0xed,0xe0,0xe4,0xe5,
  0xff,0xed,0xed,0xee,0xf1,0xf2,0xfc,0xd,0xa,0xf1,0xe0,0xec,0xee,0xf3,0xef,0xf0,
  0xe0,0xe2,0xf1,0xf2,0xe2,0xee,0xd,0xa,0xf1,0xe0,0xed,0xe0,0xf6,0xe8,0xff,0xd,
  0xa,0xf1,0xe0,0xed,0xee,0xe1,0xf0,0xe0,0xe1,0xee,0xf2,0xea,0xe0,0xd,0xa,0xf1,
  0xe2,0xe5,0xf0,0xf2,0xfb,0xe2,0xe0,0xed,0xe8,0xe5,0xd,0xa,0xf1,0xe2,0xe5,0xf0,
  0xf5,0xe4,0xe5,0xf0,0xe6,0xe0,0xe2,0xe0,0xd,0xa,0xf1,0xe2,0xe5,0xf2,0xee,0xe1,
  0xee,0xff,0xe7,0xed,0xfc,0xd,0xa,0xf1,0xe2,0xe5,0xf2,0xee,0xf7,0xd,0xa,0xf1,
  0xe3,0xeb,0xe0,0xe7,0xd,0xa,0xf1,0xe5,0xef,0xe0,0xf0,0xe0,0xf2,0xe8,0xf1,0xf2,
  0xd,0xa,0xf1,0xe8,0xec,0xe1,0xe8,0xf0,0xf1,0xea,0xd,0xa,0xf1,0xea,0xe8,0xf0,
  0xe4,0xd,0xa,0xf1,0xea,0xeb,0xe5,0xf0,0xe0,0xd,0xa,0xf1,0xee,0xe2,0xeb,0xe0,
  0xe4,0xe5,0xeb,0xe5,0xf6,0xd,0xa,0xf1,0xee,0xeb,0xee,0xec,0xe8,0xed,0xe0,0xd,
  0xa,0xf1,0xee,0xec,0xed,0xe5,0xed,0xfc,0xe5,0xd,0xa,0xf1,0xee,0xef,0xeb,0xee,
  0xd,0xa,0xf1,0xee,0xf5,0xe0,0xf2,0xfb,0xe9,0xd,0xa,0xf1,0xef,0xe8,0xf1,0xee,
  0xf7,0xe5,0xea,0xd,0xa,0xf1,0xf0,0xe5,0xf2,0xe5,0xed,0xea,0xe0,0xd,0xa,0xf1,
  0xf2,0xe0,0xed,0xee,0xe2,0xee,0xe9,0xd,0xa,0xf1,0xf2,0xe8,0xeb,0xe5,0xf2,0xd,
  0xa,0xf1,0xf2,0xe8,0xec,0xf3,0xeb,0xe8,0xf0,0xee,0xe2,0xe0,0xed,0xe8,0xe5,0xd,
  0xa,0xf1,0xf2,0xf0,0xe0,0xf8,0xe8,0xeb,0xe8,0xf9,0xe5,0xd,0xa,0xf1,0xfb,0xe7,
  0xf0,0xe0,0xed,0xfc,0xd,0xa,0xf2,0xe0,0xf0,0xe0,0xf0,0xe0,0xec,0xd,0xa,0xf2,
  0xe0,0xf2,0xe0,0xd,0xa,0xf2,0xe5,0xe3,0xe5,0xf0,0xe0,0xed,0xd,0xa,0xf2,0xe5,
  0xeb,0xe5,0xf1,0xe5,0xf0,0xe8,0xe0,0xeb,0xd,0xa,0xf2,0xe5,0xeb,0xee,0xe4,0xe2,
  0xe8,0xe6,0xe5,0xed,0xe8,0xe5,0xd,0xa,0xf2,0xe5,0xf0,0xe7,0xe0,0xed,0xe8,0xe5,
  0xd,0xa,0xf2,0xf0,0xe0,0xeb,0xfc,0xf9,0xe8,0xea,0xd,0xa,0xf2,0xf0,0xe5,0xef,
  0xee,0xf2,0xed,0xff,0xd,0xa,0xf2,0xf0,0xe5,0xf1,0xf2,0xe0,0xd,0xa,0xf2,0xf0,
  0xe8,0xf2,0xee,0xed,0xd,0xa,0xf2,0xf3,0xec,0xe0,0xea,0xd,0xa,0xf2,0xf3,0xed,
  0xe8,0xea,0xe0,0xd,0xa,0xf2,0xf3,0xef,0xe8,0xf7,0xee,0xea,0xd,0xa,0xf2,0xf3,
  0xf4,0xd,0xa,0xf2,0xfd,0xf6,0xd,0xa,0xf3,0xe6,0xe8,0xec,0xea,0xe0,0xd,0xa,
  0xf3,0xea,0xf0,0xe0,0xe8,0xed,0xea,0xe0,0xd,0xa,0xf3,0xf1,0xec,0xe0,0xed,0xee,
  0xe2,0xd,0xa,0xf3,0xf1,0xec,0xe5,0xf8,0xe5,0xf7,0xea,0xe0,0xd,0xa,0xf4,0xe0,
  0xed,0xf2,0xe8,0xea,0xd,0xa,0xf4,0xe0,0xf0,0xf2,0xd,0xa,0xf4,0xe5,0xec,0xe8,
  0xed,0xe8,0xe7,0xec,0xd,0xa,0xf4,0xee,0xf0,0xf2,0xe5,0xef,0xfc,0xff,0xed,0xee,
  0xd,0xa,0xf4,0xfb,0xf0,0xea,0xe0,0xed,0xfc,0xe5,0xd,0xa,0xf5,0xe0,0xeb,0xe4,
  0xe5,0xe9,0xd,0xa,0xf5,0xe2,0xe0,0xf2,0xd,0xa,0xf5,0xeb,0xe5,0xe1,0xee,0xe7,
  0xe0,0xe3,0xee,0xf2,0xee,0xe2,0xea,0xe0,0xd,0xa,0xf6,0xe5,0xf0,0xea,0xee,0xe2,
  0xea,0xe0,0xd,0xa,0xf6,0xe8,0xf0,0xea,0xe0,0xf7,0xea,0xe0,0xd,0xa,0xf7,0xe8,
  0xf1,0xf2,0xe8,0xeb,0xfc,0xf9,0xe8,0xea,0xd,0xa,0xf8,0xe5,0xf1,0xf2,0xe5,0xf0,
  0xe5,0xed,0xea,0xe0,0xd,0xa,0xf8,0xe5,0xf4,0xf1,0xf2,0xe2,0xee,0xd,0xa,0xf8,
  0xe8,0xf4,0xf0,0xee,0xe2,0xe0,0xeb,0xfc,0xf9,0xe8,0xea,0xd,0xa,0xf8,0xee,0xec,
  0xef,0xee,0xeb,0xd,0xa,0xf8,0xf3,0xec,0xe8,0xf5,0xe0,0xd,0xa,0xf9,0xe5,0xef,
  0xee,0xf2,0xfc,0xd,0xa,0xfd,0xeb,0xe5,0xea,0xf2,0xf0,0xee,0xea,0xe0,0xf0,0xe4,
  0xe8,0xee,0xe3,0xf0,0xe0,0xec,0xec,0xe0,0xd,0xa,0xfd,0xeb,0xe5,0xea,0xf2,0xf0,
  0xee,0xf4,0xee,0xf0,0xe5,0xe7,0xd,0xa,0xfe,0xed,0xee,0xf8,0xe5,0xf1,0xf2,0xe2,
  0xee,0xd,0xa,0xff,0xf0,0xe0,0xed,0xe3,0xe0,0xd,0xa,0xff,0xf1,0xd,0xa,0xff,
  0xf1,0xed,0xee,0xe2,0xe8,0xe4,0xe5,0xed,0xe8,0xe5,0xd,0xa,0xf1,0xf2,0xe5,0xef,
  0xe5,0xed,0xfc,0xd,0xa,0xf1,0xf2,0xe8,0xf5,0xe8,0xd,0xa,0xe6,0xf3,0xf0,0xed,
  0xe0,0xeb,0xd,0xa,0xea,0xee,0xed,0xfc,0xd,0xa,0xf2,0xe0,0xed,0xea,0xd,0xa,
  0xf5,0xe2,0xee,0xf1,0xf2,0xd,0xa,0xf2,0xe5,0xe0,0xf2,0xf0,0xd,0xa,0xea,0xee,
  0xf1,0xf2,0xfe,0xec,0xd,0xa,0xef,0xf0,0xee,0xe3,0xf0,0xe0,0xec,0xec,0xe0,0xd,
  0xa,0xe4,0xe5,0xff,0xf2,0xe5,0xeb,0xfc,0xed,0xee,0xf1,0xf2,0xfc,0xd,0xa,0xe8,
  0xed,0xe6,0xe5,0xed,0xe5,0xf0,0xd,0xa,0xec,0xe0,0xe9,0xee,0xf0,0xd,0xa,0xef,
  0xf0,0xe5,0xe4,0xec,0xe5,0xf2,0xd,0xa,0xed,0xee,0xe6,0xd,0xa,0xee,0xf7,0xea,
  0xee,0xd,0xa,0xf1,0xf2,0xf3,0xe4,0xe5,0xed,0xf2,0xd,0xa,0xf1,0xee,0xf2,0xed,
  0xff,0xd,0xa,0xe4,0xee,0xec,0xd,0xa,0xe4,0xf0,0xf3,0xe3,0xd,0xa,0xe4,0xee,
  0xeb,0xeb,0xe0,0xf0,0xd,0xa,0xe3,0xeb,0xf3,0xe1,0xe8,0xed,0xe0,0xd,0xa,0xef,
  0xe0,0xf3,0xe7,0xe0,0xd,0xa,0xe2,0xef,0xe5,0xf7,0xe0,0xf2,0xeb,0xe5,0xed,0xe8,
  0xe5,0xd,0xa,0xf2,0xe5,0xf2,0xff,0xd,0xa,0xe0,0xe2,0xf2,0xee,0xec,0xe0,0xf2,
  0xd,0xa,0xf8,0xf3,0xec,0xd,0xa,0xe7,0xed,0xe0,0xed,0xe8,0xe5,0xd,0xa,0xea,
  0xf0,0xe8,0xea,0xd,0xa,0xec,0xe0,0xf2,0xe5,0xf0,0xe8,0xe0,0xeb,0xd,0xa,0xf3,
  0xe6,0xe0,0xf1,0xd,0xa,0xf1,0xf0,0xee,0xea,0xd,0xa,0xe2,0xee,0xe9,0xf1,0xea,
  0xee,0xd,0xa,0xf1,0xf2,0xe0,0xf0,0xf3,0xf5,0xe0,0xd,0xa,0xe7,0xe0,0xe4,0xe0,
  0xf7,0xe0,0xd,0xa,0xe2,0xee,0xeb,0xed,0xe0,0xd,0xa,0xec,0xe8,0xeb,0xe8,0xf6,
  0xe8,0xff,0xd,0xa,0xe7,0xe4,0xe0,0xed,0xe8,0xe5,0xd,0xa,0xee,0xf9,0xf3,0xf9,
  0xe5,0xed,0xe8,0xe5,0xd,0xa,0xf7,0xf3,0xe4,0xee,0xd,0xa,0xea,0xf3,0xf0,0xf1,
  0xd,0xa,0xe8,0xf1,0xea,0xf3,0xf1,0xf1,0xf2,0xe2,0xee,0xd,0xa,0xf2,0xe5,0xec,
  0xe0,0xd,0xa,0xea,0xf3,0xf1,0xee,0xea,0xd,0xa,0xee,0xe4,0xe5,0xe6,0xe4,0xe0,
  0xd,0xa,0xef,0xf0,0xee,0xf1,0xf2,0xf0,0xe0,0xed,0xf1,0xf2,0xe2,0xee,0xd,0xa,
  0xee,0xef,0xe5,0xf0,0xe0,0xf6,0xe8,0xff,0xd,0xa,0xeb,0xe5,0xf7,0xe5,0xed,0xe8,
  0xe5,0xd,0xa,0xf1,0xf3,0xf2,0xea,0xe8,0xd,0xa,0xf0,0xee,0xf2,0xd,0xa,0xf1,
  0xf2,0xe0,0xea,0xe0,0xed,0xd,0xa,0xea,0xf3,0xeb,0xe0,0xea,0xd,0xa,0xe7,0xe0,
  0xe2,0xee,0xe4,0xd,0xa,0xe7,0xed,0xe0,0xea,0xd,0xa,0xea,0xf3,0xf1,0xf2,0xd,
  0xa,0xf5,0xf3,0xe4,0xee,0xe6,0xed,0xe8,0xea,0xd,0xa,0xef,0xf0,0xe8,0xea,0xe0,
  0xe7,0xd,0xa,0xf3,0xef,0xf0,0xe0,0xe2,0xeb,0xe5,0xed,0xe8,0xe5,0xd,0xa,0xe1,
  0xee,0xeb,0xfc,0xf8,0xe8,0xed,0xf1,0xf2,0xe2,0xee,0xd,0xa,0xec,0xe5,0xf8,0xee,
  0xea,0xd,0xa,0xe2,0xfb,0xf0,0xe0,0xe6,0xe5,0xed,0xe8,0xe5,0xd,0xa,0xf0,0xe0,
  0xe9,0xee,0xed,0xd,0xa,0xf9,0xe5,0xea,0xe0,0xd,0xa,0xf4,0xf0,0xee,0xed,0xf2,
  0xd,0xa,0xf2,0xe8,0xf8,0xe8,0xed,0xe0,0xd,0xa,0xe6,0xe8,0xe2,0xee,0xf2,0xd,
  0xa,0xe7,0xe0,0xe1,0xee,0xeb,0xe5,0xe2,0xe0,0xed,0xe8,0xe5,0xd,0xa,0xea,0xee,
  0xec,0xe0,0xed,0xe4,0xe0,0xd,0xa,0xe3,0xf0,0xe0,0xe6,0xe4,0xe0,0xed,0xe8,0xed,
  0xd,0xa,0xf1,0xf2,0xe0,0xed,0xf6,0xe8,0xff,0xd,0xa,0xf2,0xe5,0xec,0xed,0xee,
  0xf2,0xe0,0xd,0xa,0xe2,0xee,0xe4,0xea,0xe0,0xd,0xa,0xee,0xf1,0xf2,0xf0,0xee,
  0xe2,0xd,0xa,0xf1,0xf2,0xe0,0xf2,0xfc,0xff,0xd,0xa,0xe4,0xe5,0xf2,0xf1,0xf2,
  0xe2,0xee,0xd,0xa,0xe3,0xee,0xeb,0xee,0xe2,0xe0,0xd,0xa,0xeb,0xe5,0xf1,0xf2,
  0xed,0xe8,0xf6,0xe0,0xd,0xa,0xea,0xf0,0xee,0xe2,0xe0,0xf2,0xfc,0xd,0xa,0xea,
  0xe8,0xeb,0xee,0xec,0xe5,0xf2,0xf0,0xd,0xa,0xe7,0xe8,0xec,0xe0,0xd,0xa,0xec,
  0xed,0xe5,0xed,0xe8,0xe5,0xd,0xa,0xea,0xee,0xf0,0xe0,0xe1,0xeb,0xfc,0xd,0xa,
  0xef,0xf2,0xe8,0xf6,0xe0,0xd,0xa,0xeb,0xe0,0xe3,0xe5,0xf0,0xfc,0xd,0xa,0xef,
  0xee,0xe2,0xee,0xe4,0xd,0xa,0xea,0xf0,0xf3,0xe3,0xd,0xa,0xef,0xe0,0xef,0xe0,
  0xd,0xa,0xf3,0xf7,0xe8,0xf2,0xe5,0xeb,0xfc,0xd,0xa,0xe2,0xe8,0xed,0xee,0xd,
  0xa,0xe1,0xe0,0xe1,0xf3,0xf8,0xea,0xe0,0xd,0xa,0xe3,0xee,0xeb,0xee,0xe2,0xed,
  0xee,0xe9,0xd,0xa,0xe4,0xe5,0xf4,0xe8,0xf6,0xe8,0xf2,0xd,0xa,0xe5,0xec,0xea,
  0xee,0xf1,0xf2,0xfc,0xd,0xa,0xe7,0xe0,0xea,0xe0,0xe7,0xf7,0xe8,0xea,0xd,0xa,
  0xea,0xee,0xed,0xe2,0xee,0xe9,0xd,0xa,0xec,0xe2,0xe4,0xd,0xa,0xee,0xe1,0xee,
  0xf1,0xf2,0xf0,0xe5,0xed,0xe8,0xe5,0xd,0xa,0xef,0xee,0xeb,0xff,0xed,0xe8,0xed,
  0xd,0xa,0xf1,0xee,0xf0,0xf2,0xe8,0xf0,0xd,0xa,0xf2,0xfe,0xeb,0xfc,0xef,0xe0,
  0xed,0xd,0xa,0xf5,0xeb,0xee,0xef,0xe5,0xf6,0xd,0xa,0xf0,0xfb,0xe1,0xe0,0xd,
  0xa,0xf4,0xe0,0xea,0xf2,0xd,0xa,0xe4,0xfb,0xec,0xd,0xa,0xe7,0xe5,0xf0,0xea,
  0xe0,0xeb,0xee,0xd,0xa,0xef,0xf0,0xe8,0xec,0xe5,0xf0,0xd,0xa,0xed,0xe0,0xe7,
  0xe2,0xe0,0xed,0xe8,0xe5,0xd,0xa,0xef,0xf0,0xe0,0xe2,0xe8,0xf2,0xe5,0xeb,0xfc,
  0xf1,0xf2,0xe2,0xee,0xd,0xa,0xf1,0xe0,0xe4,0xd,0xa,0xe4,0xe0,0xec,0xe0,0xd,
  0xa,0xea,0xf0,0xfb,0xf8,0xe0,0xd,0xa,0xee,0xe1,0xeb,0xe0,0xf1,0xf2,0xfc,0xd,
  0xa,0xe2,0xee,0xeb,0xff,0xd,0xa,0xf3,0xe4,0xee,0xe2,0xee,0xeb,0xfc,0xf1,0xf2,
  0xe2,0xe8,0xe5,0xd,0xa,0xec,0xee,0xe7,0xe3,0xd,0xa,0xe8,0xed,0xf4,0xee,0xf0,
  0xec,0xe0,0xf6,0xe8,0xff,0xd,0xa,0xe1,0xee,0xea,0xd,0xa,0xf6,0xe5,0xed,0xe0,
  0xd,0xa,0xef,0xee,0xeb,0xea,0xee,0xe2,0xed,0xe8,0xea,0xd,0xa,0xea,0xee,0xf0,
  0xee,0xeb,0xfc,0xd,0xa,0xf1,0xeb,0xe0,0xe2,0xe0,0xd,0xa,0xea,0xe0,0xf0,0xf2,
  0xe0,0xd,0xa,0xee,0xf0,0xe3,0xe0,0xed,0xd,0xa,0xe2,0xee,0xe7,0xf0,0xe0,0xf1,
  0xf2,0xd,0xa,0xf0,0xe0,0xe4,0xee,0xf1,0xf2,0xfc,0xd,0xa,0xef,0xeb,0xee,0xf9,
  0xe0,0xe4,0xfc,0xd,0xa,0xf1,0xf3,0xe4,0xd,0xa,0xf2,0xe8,0xef,0xd,0xa,0xeb,
  0xee,0xf8,0xe0,0xe4,0xfc,0xd,0xa,0xef,0xee,0xeb,0xe5,0xd,0xa,0xf2,0xe5,0xed,
  0xfc,0xd,0xa,0xe4,0xe5,0xed,0xfc,0xd,0xa,0xec,0xf3,0xe7,0xfb,0xea,0xe0,0xd,
  0xa,0xef,0xee,0xe5,0xe7,0xe4,0xd,0xa,0xf1,0xf2,0xf3,0xeb,0xd,0xa,0xf1,0xe2,
  0xee,0xe1,0xee,0xe4,0xe0,0xd,0xa,0xe8,0xe7,0xe0,0xe1,0xe5,0xeb,0xeb,0xe0,0xd,
  0xa,0xea,0xee,0xec,0xe0,0xed,0xe4,0xf3,0xfe,0xf9,0xe8,0xe9,0xd,0xa,0xed,0xe5,
  0xf1,0xef,0xf0,0xe0,0xe2,0xe5,0xe4,0xeb,0xe8,0xe2,0xee,0xf1,0xf2,0xfc,0xd,0xa,
  0xef,0xe0,0xf0,0xe0,0xe4,0xee,0xea,0xf1,0xd,0xa,0xef,0xf0,0xe8,0xe1,0xeb,0xe8,
  0xe6,0xe5,0xed,0xe8,0xe5,0xd,0xa,0xf1,0xf2,0xee,0xf0,0xee,0xe6,0xd,0xa,0xf2,
  0xe5,0xf1,0xf2,0xfc,0xd,0xa,0xfd,0xe2,0xee,0xeb,0xfe,0xf6,0xe8,0xff,0xd,0xa,
  0xe7,0xe0,0xe2,0xe5,0xf0,0xf8,0xe5,0xed,0xe8,0xe5,0xd,0xa,0xea,0xee,0xeb,0xe4,
  0xee,0xe2,0xf1,0xf2,0xe2,0xee,0xd,0xa,0xeb,0xee,0xf0,0xd,0xa,0xec,0xe0,0xf0,
  0xe8,0xd,0xa,0xee,0xf1,0xfc,0xd,0xa,0xf0,0xe0,0xf1,0xef,0xe8,0xf1,0xe0,0xed,
  0xe8,0xe5,0xd,0xa,0xf1,0xe0,0xe4,0xe8,0xea,0xd,0xa,0xf1,0xee,0xea,0xee,0xeb,
  0xd,0xa,0xe1,0xeb,0xe0,0xed,0xea,0xd,0xa,0xe1,0xf3,0xeb,0xfc,0xe4,0xee,0xe7,
  0xe5,0xf0,0xd,0xa,0xe3,0xe0,0xeb,0xea,0xe0,0xd,0xa,0xe4,0xe0,0xf2,0xf7,0xe8,
  0xea,0xd,0xa,0xea,0xe0,0xf0,0xee,0xeb,0xe8,0xed,0xe0,0xd,0xa,0xec,0xe5,0xeb,
  0xfc,0xed,0xe8,0xf6,0xe0,0xd,0xa,0xf0,0xf3,0xea,0xe0,0xe2,0xe8,0xf6,0xe0,0xd,
  0xa,0xf1,0xe8,0xed,0xe4,0xf0,0xee,0xec,0xd,0xa,0xf2,0xe0,0xf7,0xea,0xe0,0xd,
  0xa,0xf8,0xee,0xe2,0xd,0xa,0xe2,0xfb,0xe3,0xee,0xe2,0xee,0xf0,0xd,0xa,0xe2,
  0xfb,0xe4,0xf3,0xec,0xea,0xe0,0xd,0xa,0xe7,0xe0,0xea,0xee,0xed,0xee,0xec,0xe5,
  0xf0,0xed,0xee,0xf1,0xf2,0xfc,0xd,0xa,0xe7,0xe0,0xef,0xf0,0xee,0xf1,0xd,0xa,
  0xe7,0xe0,0xf2,0xe5,0xff,0xd,0xa,0xea,0xeb,0xe0,0xed,0xd,0xa,0xea,0xee,0xf1,
  0xff,0xea,0xd,0xa,0xef,0xe0,0xe2,0xe8,0xeb,0xfc,0xee,0xed,0xd,0xa,0xef,0xee,
  0xf0,0xee,0xf1,0xe5,0xed,0xee,0xea,0xd,0xa,0xf8,0xe0,0xf8,0xeb,0xfb,0xea,0xd,
  0xa,0xe0,0xe4,0xec,0xe8,0xed,0xe8,0xf1,0xf2,0xf0,0xe0,0xf2,0xee,0xf0,0xd,0xa,
  0xe1,0xee,0xf0,0xf9,0xd,0xa,0xe3,0xee,0xf0,0xf1,0xf2,0xfc,0xd,0xa,0xe3,0xf0,
  0xe0,0xe4,0xd,0xa,0xe8,0xed,0xf1,0xf2,0xe0,0xed,0xf6,0xe8,0xff,0xd,0xa,0xea,
  0xe0,0xe7,0xe0,0xf5,0xf1,0xf2,0xe0,0xed,0xd,0xa,0xec,0xe0,0xf1,0xf2,0xe5,0xf0,
  0xf1,0xf2,0xe2,0xee,0xd,0xa,0xec,0xee,0xf7,0xfc,0xd,0xa,0xf0,0xe5,0xec,0xe5,
  0xf1,0xeb,0xee,0xd,0xa,0xf1,0xe2,0xee,0xe4,0xea,0xe0,0xd,0xa,0xf4,0xee,0xf2,
  0xee,0xd,0xa,0xff,0xe1,0xeb,0xee,0xed,0xff,0xd,0xa,0xe3,0xf0,0xe0,0xf4,0xd,
  0xa,0xe4,0xf3,0xf0,0xe0,0xf7,0xee,0xea,0xd,0xa,0xe8,0xf2,0xe0,0xeb,0xfc,0xff,
  0xed,0xe5,0xf6,0xd,0xa,0xea,0xee,0xed,0xf1,0xf3,0xeb,0xfc,0xf1,0xf2,0xe2,0xee,
  0xd,0xa,0xea,0xf3,0xeb,0xfc,0xf2,0xd,0xa,0xec,0xe5,0xf0,0xf2,0xe2,0xfb,0xe9,
  0xd,0xa,0xef,0xe0,0xf0,0xe0,0xe7,0xe8,0xf2,0xd,0xa,0xef,0xe8,0xf0,0xee,0xe3,
  0xe0,0xd,0xa,0xef,0xee,0xeb,0xea,0xee,0xe2,0xee,0xe4,0xe5,0xf6,0xd,0xa,0xf0,
  0xfb,0xe1,0xe0,0xeb,0xea,0xe0,0xd,0xa,0xf1,0xe8,0xed,0xff,0xea,0xd,0xa,0xf2,
  0xe0,0xef,0xee,0xf7,0xea,0xe8,0xd,0xa,0xf2,0xe5,0xeb,0xee,0xe3,0xf0,0xe5,0xe9,
  0xea,0xe0,0xd,0xa,0xf2,0xe8,0xd,0xa,0xf3,0xec,0xee,0xeb,0xea,0xd,0xa,0xf8,
  0xe2,0xe5,0xe9,0xf6,0xe0,0xf0,0xd,0xa,0xf8,0xf2,0xf3,0xf0,0xec,0xd,0xa,0xe1,
  0xe5,0xe7,0xee,0xe1,0xf0,0xe0,0xe7,0xe8,0xe5,0xd,0xa,0xe3,0xf0,0xe0,0xec,0xee,
  0xf2,0xe0,0xd,0xa,0xe8,0xec,0xef,0xf3,0xeb,0xfc,0xf1,0xd,0xa,0xed,0xe0,0xf5,
  0xee,0xe4,0xea,0xe0,0xd,0xa,0xf1,0xf2,0xf0,0xe0,0xf2,0xe5,0xe3,0xe8,0xff,0xd,
  0xa,0xf1,0xf2,0xf3,0xef,0xed,0xff,0xd,0xa,0xe4,0xe5,0xe2,0xe0,0xd,0xa,0xe8,
  0xe7,0xe1,0xfb,0xf2,0xee,0xea,0xd,0xa,0xe8,0xed,0xe2,0xe5,0xf1,0xf2,0xe8,0xf6,
  0xe8,0xff,0xd,0xa,0xea,0xeb,0xe0,0xe4,0xd,0xa,0xea,0xee,0xec,0xed,0xe0,0xf2,
  0xea,0xe0,0xd,0xa,0xeb,0xe5,0xe2,0xfb,0xe9,0xd,0xa,0xed,0xe5,0xe4,0xee,0xf0,
  0xe0,0xe7,0xf3,0xec,0xe5,0xed,0xe8,0xe5,0xd,0xa,0xf1,0xe8,0xff,0xed,0xe8,0xe5,
  0xd,0xa,0xf7,0xe5,0xf0,0xe2,0xfc,0xd,0xa,0xf7,0xe8,0xf1,0xeb,0xe5,0xed,0xed,
  0xee,0xf1,0xf2,0xfc,0xd,0xa,0xf7,0xf3,0xf7,0xe5,0xeb,0xee,0xd,0xa,0xe2,0xe4,
  0xee,0xf5,0xed,0xee,0xe2,0xe5,0xed,0xe8,0xe5,0xd,0xa,0xe4,0xe8,0xea,0xf2,0xe0,
  0xf2,0xf3,0xf0,0xe0,0xd,0xa,0xea,0xe8,0xe9,0xd,0xa,0xea,0xe8,0xf2,0xe5,0xeb,
  0xfc,0xd,0xa,0xee,0xf1,0xee,0xe1,0xe0,0xd,0xa,0xef,0xf0,0xe5,0xe4,0xef,0xf0,
  0xe8,0xed,0xe8,0xec,0xe0,0xf2,0xe5,0xeb,0xfc,0xd,0xa,0xf0,0xe5,0xea,0xee,0xec,
  0xe5,0xed,0xe4,0xe0,0xf6,0xe8,0xff,0xd,0xa,0xf0,0xe5,0xf6,0xe5,0xef,0xf2,0xd,
  0xa,0xf0,0xee,0xf1,0xf1,0xe8,0xff,0xed,0xe8,0xed,0xd,0xa,0xe2,0xe5,0xed,0xee,
  0xea,0xd,0xa,0xe2,0xe8,0xed,0xf2,0xd,0xa,0xea,0xe8,0xee,0xf1,0xea,0xd,0xa,
  0xeb,0xe8,0xea,0xd,0xa,0xed,0xe5,0xe4,0xee,0xe2,0xee,0xeb,0xfc,0xf1,0xf2,0xe2,
  0xee,0xd,0xa,0xef,0xf0,0xe8,0xec,0xe0,0xd,0xa,0xef,0xf3,0xf5,0xd,0xa,0xf1,
  0xea,0xf3,0xeb,0xfc,0xef,0xf2,0xf3,0xf0,0xe0,0xd,0xa,0xf1,0xf3,0xe6,0xe4,0xe5,
  0xed,0xe8,0xe5,0xd,0xa,0xe1,0xe0,0xed,0xea,0xe8,0xf0,0xd,0xa,0xe2,0xe8,0xf5,
  0xf0,0xfc,0xd,0xa,0xe4,0xe6,0xe8,0xed,0xf1,0xfb,0xd,0xa,0xeb,0xe0,0xf1,0xea,
  0xe0,0xd,0xa,0xee,0xef,0xe0,0xf1,0xe5,0xed,0xe8,0xe5,0xd,0xa,0xef,0xe0,0xf0,
  0xe0,0xf8,0xfe,0xf2,0xd,0xa,0xef,0xf0,0xee,0xf0,0xfb,0xe2,0xd,0xa,0xe1,0xf3,
  0xf5,0xf2,0xe0,0xd,0xa,0xe4,0xe5,0xf2,0xe8,0xf8,0xea,0xe8,0xd,0xa,0xea,0xf0,
  0xe8,0xf2,0xe5,0xf0,0xe8,0xe9,0xd,0xa,0xeb,0xfb,0xf1,0xe8,0xed,0xe0,0xd,0xa,
  0xed,0xe5,0xe4,0xee,0xe2,0xe5,0xf0,0xe8,0xe5,0xd,0xa,0xee,0xea,0xf0,0xe0,0xf1,
  0xea,0xe0,0xd,0xa,0xee,0xef,0xee,0xf0,0xe0,0xd,0xa,0xef,0xee,0xef,0xf0,0xe0,
  0xe2,0xea,0xe0,0xd,0xa,0xef,0xee,0xef,0xf3,0xe3,0xe0,0xe9,0xd,0xa,0xf1,0xe5,
  0xec,0xe5,0xf7,0xea,0xee,0xd,0xa,0xf1,0xee,0xef,0xe5,0xf0,0xed,0xe8,0xea,0xd,
  0xa,0xf1,0xef,0xf0,0xee,0xf1,0xd,0xa,0xf3,0xf0,0xe0,0xeb,0xd,0xa,0xe2,0xe0,
  0xeb,0xe5,0xf0,0xfc,0xff,0xed,0xea,0xe0,0xd,0xa,0xe4,0xee,0xe2,0xee,0xe4,0xd,
  0xa,0xea,0xee,0xec,0xee,0xea,0xd,0xa,0xeb,0xe8,0xef,0xe0,0xd,0xa,0xeb,0xee,
  0xe6,0xe5,0xf7,0xea,0xe0,0xd,0xa,0xec,0xe0,0xea,0xf1,0xe8,0xec,0xf3,0xec,0xd,
  0xa,0xef,0xee,0xf1,0xee,0xf5,0xd,0xa,0xf0,0xee,0xe4,0xed,0xff,0xd,0xa,0xf3,
  0xed,0xe8,0xe6,0xe5,0xed,0xe8,0xe5,0xd,0xa,0xf8,0xe8,0xf8,0xea,0xe0,0xd,0xa,
  0xe2,0xfb,0xf8,0xea,0xe0,0xd,0xa,0xe4,0xe6,0xe5,0xed,0xf2,0xeb,0xfc,0xec,0xe5,
  0xed,0xd,0xa,0xec,0xe8,0xed,0xf3,0xf2,0xee,0xf7,0xea,0xe0,0xd,0xa,0xef,0xf0,
  0xe8,0xed,0xff,0xf2,0xe8,0xe5,0xd,0xa,0xf3,0xe4,0xee,0xe1,0xf1,0xf2,0xe2,0xee,
  0xd,0xa,0xf3,0xf2,0xfe,0xe3,0xd,0xa,0xf4,0xf3,0xed,0xe4,0xe0,0xec,0xe5,0xed,
  0xf2,0xd,0xa,0xf6,0xe2,0xe5,0xf2,0xd,0xa,0xe3,0xf0,0xe0,0xed,0xe8,0xf6,0xe0,
  0xd,0xa,0xeb,0xe5,0xf2,0xee,0xd,0xa,0xf1,0xee,0xfe,0xe7,0xd,0xa,0xe4,0xf3,
  0xf0,0xe0,0xea,0xd,0xa,0xf1,0xee,0xe2,0xe5,0xf2,0xd,0xa,0xe2,0xfb,0xf5,0xee,
  0xe4,0xd,0xa,0xea,0xee,0xeb,0xe8,0xf7,0xe5,0xf1,0xf2,0xe2,0xee,0xd,0xa,0xe6,
  0xe8,0xe7,0xed,0xfc,0xd,0xa,0xf1,0xe8,0xf2,0xf3,0xe0,0xf6,0xe8,0xff,0xd,0xa,
  0xf1,0xe5,0xf1,0xf2,0xf0,0xe0,0xd,0xa,0xf1,0xee,0xf1,0xe5,0xe4,0xd,0xa,0xf0,
  0xe5,0xe2,0xee,0xeb,0xfe,0xf6,0xe8,0xff,0xd,0xa,0xe3,0xeb,0xe0,0xe7,0xd,0xa,
  0xfd,0xf2,0xe0,0xe6,0xd,0xa,0xff,0xf9,0xe8,0xea,0xd,0xa,0xe2,0xee,0xf0,0xee,
  0xf2,0xd,0xa,0xe1,0xee,0xf0,0xfc,0xe1,0xe0,0xd,0xa,0xf3,0xeb,0xfb,0xe1,0xea,
  0xe0,0xd,0xa,0xeb,0xee,0xe1,0xd,0xa,0xe4,0xee,0xe6,0xe4,0xfc,0xd,0xa,0xe6,
  0xe5,0xeb,0xe0,0xed,0xe8,0xe5,0xd,0xa,0xf6,0xe2,0xe5,0xf2,0xee,0xea,0xd,0xa,
  0xe4,0xe5,0xf1,0xff,0xf2,0xee,0xea,0xd,0xa,0xf7,0xeb,0xe5,0xed,0xd,0xa,0xe4,
  0xee,0xf7,0xfc,0xd,0xa,0xf1,0xf2,0xe5,0xea,0xeb,0xee,0xd,0xa,0xef,0xf0,0xe0,
  0xe2,0xe8,0xeb,0xee,0xd,0xa,0xf1,0xe0,0xef,0xee,0xe3,0xd,0xa,0xe1,0xe0,0xed,
  0xea,0xd,0xa,0xee,0xef,0xfb,0xf2,0xd,0xa,0xf1,0xe5,0xea,0xf3,0xed,0xe4,0xe0,
  0xd,0xa,0xe1,0xe0,0xe1,0xe0,0xd,0xa,0xea,0xf0,0xe5,0xf1,0xeb,0xee,0xd,0xa,
  0xf3,0xf0,0xee,0xe2,0xe5,0xed,0xfc,0xd,0xa,0xf2,0xee,0xeb,0xef,0xe0,0xd,0xa,
  0xee,0xf4,0xe8,0xf6,0xe5,0xf0,0xd,0xa,0xe1,0xf0,0xf3,0xf1,0xf2,0xe2,0xe5,0xf0,
  0xd,0xa,0xef,0xe8,0xf0,0xe0,0xf2,0xd,0xa,0xef,0xee,0xe2,0xee,0xe7,0xea,0xe0,
  0xd,0xa,0xef,0xee,0xf2,0xe5,0xed,0xf6,0xe8,0xe0,0xeb,0xd,0xa,0xef,0xf0,0xee,
  0xed,0xff,0xea,0xe8,0xed,0xe0,0xd,0xa,0xf0,0xe5,0xe2,0xee,0xeb,0xfe,0xf6,0xe8,
  0xee,0xed,0xe5,0xf0,0xd,0xa,0xf1,0xea,0xf3,0xeb,0xe0,0xd,0xa,0xf1,0xec,0xf3,
  0xf9,0xe5,0xed,0xe8,0xe5,0xd,0xa,0xf2,0xe0,0xea,0xf2,0xd,0xa,0xe0,0xe7,0xe0,
  0xf0,0xf2,0xd,0xa,0xe2,0xfb,0xef,0xe8,0xe2,0xea,0xe0,0xd,0xa,0xe8,0xe7,0xec,
  0xe5,0xed,0xe0,0xd,0xa,0xea,0xe0,0xf0,0xe0,0xe1,0xe8,0xed,0xd,0xa,0xeb,0xfe,
  0xe1,0xea,0xe0,0xd,0xa,0xec,0xe0,0xec,0xe0,0xf8,0xe0,0xd,0xa,0xec,0xe8,0xd,
  0xa,0xf2,0xf0,0xe0,0xe2,0xea,0xe0,0xd,0xa,0xf4,0xe0,0xe7,0xe0,0xd,0xa,0xe0,
  0xef,0xef,0xe0,0xf0,0xe0,0xf2,0xf3,0xf0,0xe0,0xd,0xa,0xe2,0xf3,0xe7,0xd,0xa,
  0xea,0xeb,0xe5,0xe9,0xd,0xa,0xeb,0xe0,0xef,0xea,0xe0,0xd,0xa,0xed,0xe5,0xeb,
  0xee,0xe2,0xea,0xee,0xf1,0xf2,0xfc,0xd,0xa,0xed,0xe5,0xef,0xf0,0xe8,0xff,0xe7,
  0xed,0xfc,0xd,0xa,0xee,0xe1,0xf1,0xf2,0xf0,0xe5,0xeb,0xd,0xa,0xee,0xe3,0xe0,
  0xf0,0xee,0xea,0xd,0xa,0xef,0xe8,0xf0,0xee,0xe3,0xd,0xa,0xf0,0xe0,0xe7,0xe3,
  0xe0,0xf0,0xd,0xa,0xf2,0xee,0xeb,0xf1,0xf2,0xff,0xea,0xd,0xa,0xf3,0xe1,0xe8,
  0xf2,0xfb,0xe9,0xd,0xa,0xf5,0xee,0xe1,0xee,0xf2,0xd,0xa,0xe1,0xe5,0xe7,0xe4,
  0xed,0xe0,0xd,0xa,0xe2,0xe5,0xed,0xe5,0xf0,0xe0,0xd,0xa,0xe4,0xf3,0xe3,0xe0,
  0xd,0xa,0xe7,0xe0,0xf2,0xf0,0xe0,0xf2,0xe0,0xd,0xa,0xe8,0xe7,0xee,0xe1,0xf0,
  0xe5,0xf2,0xe5,0xed,0xe8,0xe5,0xd,0xa,0xeb,0xe8,0xf5,0xee,0xf0,0xe0,0xe4,0xea,
  0xe0,0xd,0xa,0xee,0xf7,0xe5,0xf0,0xea,0xd,0xa,0xef,0xf0,0xe5,0xe2,0xf0,0xe0,
  0xf9,0xe5,0xed,0xe8,0xe5,0xd,0xa,0xef,0xf0,0xe8,0xea,0xe0,0xe7,0xe0,0xed,0xe8,
  0xe5,0xd,0xa,0xef,0xfc,0xff,0xed,0xe8,0xf6,0xe0,0xd,0xa,0xf1,0xee,0xee,0xe1,
  0xf9,0xe5,0xf1,0xf2,0xe2,0xee,0xd,0xa,0xfd,0xeb,0xe8,0xf2,0xe0,0xd,0xa,0xfd,
  0xf0,0xe0,0xd,0xa,0xe7,0xe0,0xea,0xeb,0xe8,0xed,0xe0,0xed,0xe8,0xe5,0xd,0xa,
  0xea,0xee,0xed,0xfe,0xf8,0xed,0xff,0xd,0xa,0xed,0xe5,0xe4,0xf0,0xe0,0xd,0xa,
  0xef,0xeb,0xe5,0xed,0xd,0xa,0xf1,0xee,0xe1,0xe0,0xf7,0xea,0xe0,0xd,0xa,0xf3,
  0xf0,0xee,0xe4,0xd,0xa,0xe1,0xf0,0xfb,0xe7,0xe3,0xe8,0xd,0xa,0xe2,0xee,0xf0,
  0xee,0xed,0xe0,0xd,0xa,0xec,0xe3,0xed,0xee,0xe2,0xe5,0xed,0xfc,0xe5,0xd,0xa,
  0xee,0xef,0xeb,0xe0,0xf2,0xe0,0xd,0xa,0xee,0xf1,0xea,0xee,0xf0,0xe1,0xeb,0xe5,
  0xed,0xe8,0xe5,0xd,0xa,0xef,0xe8,0xf0,0xe0,0xec,0xe8,0xe4,0xe0,0xd,0xa,0xef,
  0xee,0xe2,0xe5,0xf1,0xf2,0xe2,0xee,0xe2,0xe0,0xed,0xe8,0xe5,0xd,0xa,0xef,0xf0,
  0xe8,0xf6,0xe5,0xeb,0xd,0xa,0xef,0xf0,0xee,0xe5,0xe7,0xe4,0xd,0xa,0xef,0xf3,
  0xf9,0xe0,0xd,0xa,0xf0,0xe0,0xf1,0xef,0xe0,0xe4,0xd,0xa,0xf0,0xee,0xf1,0xea,
  0xee,0xf8,0xfc,0xd,0xa,0xf1,0xea,0xeb,0xee,0xed,0xed,0xee,0xf1,0xf2,0xfc,0xd,
  0xa,0xf2,0xfb,0xf1,0xff,0xf7,0xe5,0xeb,0xe5,0xf2,0xe8,0xe5,0xd,0xa,0xf3,0xe1,
  0xe5,0xe6,0xe8,0xf9,0xe5,0xd,0xa,0xf8,0xf2,0xf0,0xe0,0xf4,0xd,0xa,0xe6,0xf3,
  0xeb,0xe8,0xea,0xd,0xa,0xe7,0xe0,0xec,0xd,0xa,0xe7,0xe0,0xec,0xe5,0xed,0xe0,
  0xd,0xa,0xea,0xeb,0xe8,0xed,0xee,0xea,0xd,0xa,0xec,0xe0,0xed,0xe5,0xf0,0xd,
  0xa,0xef,0xf0,0xee,0xeb,0xe5,0xf2,0xe0,0xf0,0xe8,0xe0,0xf2,0xd,0xa,0xf1,0xee,
  0xf0,0xe5,0xe2,0xed,0xee,0xe2,0xe0,0xed,0xe8,0xe5,0xd,0xa,0xf1,0xef,0xe5,0xf6,
  0xf1,0xeb,0xf3,0xe6,0xe1,0xe0,0xd,0xa,0xf7,0xe0,0xf1,0xf2,0xee,0xf2,0xe0,0xd,
  0xa,0xe1,0xe5,0xe3,0xf1,0xf2,0xe2,0xee,0xd,0xa,0xe2,0xfb,0xf1,0xea,0xe0,0xe7,
  0xfb,0xe2,0xe0,0xed,0xe8,0xe5,0xd,0xa,0xe4,0xe8,0xe0,0xeb,0xee,0xe3,0xd,0xa,
  0xe4,0xff,0xe4,0xfc,0xea,0xe0,0xd,0xa,0xe7,0xe0,0xf1,0xf2,0xe0,0xe2,0xe0,0xd,
  0xa,0xec,0xe5,0xed,0xf2,0xd,0xa,0xee,0xef,0xf0,0xe0,0xe2,0xe4,0xe0,0xed,0xe8,
  0xe5,0xd,0xa,0xef,0xe0,0xeb,0xfc,0xf7,0xe8,0xea,0xd,0xa,0xf1,0xe5,0xea,0xf6,
  0xe8,0xff,0xd,0xa,0xe0,0xef,0xeb,0xee,0xe4,0xe8,0xf1,0xec,0xe5,0xed,0xf2,0xfb,
  0xd,0xa,0xe1,0xfb,0xf1,0xf2,0xf0,0xee,0xf2,0xe0,0xd,0xa,0xe2,0xe8,0xeb,0xee,
  0xea,0xd,0xa,0xe3,0xf0,0xee,0xf8,0xd,0xa,0xea,0xe0,0xeb,0xe5,0xed,0xe4,0xe0,
  0xf0,0xfc,0xd,0xa,0xea,0xe0,0xf0,0xe0,0xf1,0xfc,0xd,0xa,0xec,0xe8,0xf0,0xee,
  0xed,0xd,0xa,0xed,0xe0,0xf1,0xf2,0xe0,0xe2,0xed,0xe8,0xea,0xd,0xa,0xee,0xef,
  0xe5,0xf0,0xe0,0xf2,0xee,0xf0,0xd,0xa,0xee,0xf2,0xf5,0xee,0xe4,0xd,0xa,0xef,
  0xf0,0xe8,0xe1,0xfb,0xf2,0xe8,0xe5,0xd,0xa,0xf1,0xee,0xea,0xf0,0xee,0xe2,0xe8,
  0xf9,0xe5,0xd,0xa,0xf2,0xee,0xeb,0xf9,0xe8,0xed,0xe0,0xd,0xa,0xf3,0xea,0xf0,
  0xe5,0xef,0xeb,0xe5,0xed,0xe8,0xe5,0xd,0xa,0xf3,0xec,0xe5,0xed,0xfc,0xf8,0xe5,
  0xed,0xe8,0xe5,0xd,0xa,0xf7,0xf3,0xe2,0xf1,0xf2,0xe2,0xe8,0xf2,0xe5,0xeb,0xfc,
  0xed,0xee,0xf1,0xf2,0xfc,0xd,0xa,0xe1,0xfb,0xf7,0xee,0xea,0xd,0xa,0xea,0xe8,
  0xed,0xe6,0xe0,0xeb,0xd,0xa,0xec,0xf3,0xe4,0xf0,0xe5,0xf6,0xd,0xa,0xee,0xe1,
  0xfa,0xe5,0xe4,0xe8,0xed,0xe5,0xed,0xe8,0xe5,0xd,0xa,0xef,0xee,0xe2,0xf0,0xe5,
  0xe6,0xe4,0xe5,0xed,0xe8,0xe5,0xd,0xa,0xef,0xee,0xe4,0xf1,0xf3,0xe4,0xe8,0xec,
  0xfb,0xe9,0xd,0xa,0xf2,0xee,0xf0,0xec,0xee,0xe7,0xd,0xa,0xe2,0xe5,0xeb,0xe8,
  0xf7,0xe8,0xe5,0xd,0xa,0xe7,0xe0,0xf0,0xe0,0xe7,0xe0,0xd,0xa,0xea,0xee,0xf1,
  0xf2,0xf0,0xe0,0xd,0xa,0xeb,0xe0,0xe2,0xf0,0xe0,0xd,0xa,0xef,0xe0,0xeb,0xd,
  0xa,0xf0,0xe0,0xea,0xe0,0xd,0xa,0xf1,0xee,0xe3,0xeb,0xe0,0xf8,0xe5,0xed,0xe8,
  0xe5,0xd,0xa,0xf2,0xf0,0xee,0xef,0xd,0xa,0xe2,0xe5,0xeb,0xe8,0xea,0xe0,0xed,
  0xd,0xa,0xe2,0xe7,0xe0,0xe8,0xec,0xee,0xe4,0xe5,0xe9,0xf1,0xf2,0xe2,0xe8,0xe5,
  0xd,0xa,0xea,0xee,0xeb,0xee,0xea,0xee,0xeb,0xd,0xa,0xec,0xe3,0xeb,0xe0,0xd,
  0xa,0xec,0xe5,0xf0,0xf2,0xe2,0xe5,0xf6,0xd,0xa,0xef,0xf3,0xf1,0xf2,0xfb,0xf0,
  0xfc,0xd,0xa,0xef,0xfb,0xf2,0xea,0xe0,0xd,0xa,0xf0,0xe0,0xf1,0xef,0xee,0xe7,
  0xed,0xe0,0xe2,0xe0,0xed,0xe8,0xe5,0xd,0xa,0xf2,0xe2,0xd,0xa,0xf2,0xf0,0xe0,
  0xef,0xd,0xa,0xea,0xe0,0xef,0xe5,0xeb,0xfc,0xea,0xe0,0xd,0xa,0xec,0xe0,0xea,
  0xf3,0xf8,0xea,0xe0,0xd,0xa,0xee,0xe1,0xea,0xee,0xec,0xd,0xa,0xee,0xf2,0xe5,
  0xea,0xd,0xa,0xef,0xf1,0xe8,0xf5,0xd,0xa,0xf1,0xf2,0xf0,0xf3,0xe9,0xea,0xe0,
  0xd,0xa,0xf2,0xe5,0xeb,0xe5,0xe6,0xea,0xe0,0xd,0xa,0xe1,0xe0,0xf0,0xec,0xe5,
  0xed,0xd,0xa,0xe4,0xe8,0xe0,0xec,0xe5,0xf2,0xf0,0xd,0xa,0xe4,0xee,0xed,0xee,
  0xf1,0xd,0xa,0xe7,0xe2,0xe5,0xe7,0xe4,0xee,0xf7,0xea,0xe0,0xd,0xa,0xe8,0xe7,
  0xee,0xe1,0xe8,0xeb,0xe8,0xe5,0xd,0xa,0xec,0xf3,0xf0,0xe0,0xe2,0xe5,0xe9,0xd,
  0xa,0xed,0xe8,0xea,0xe8,0xf2,0xe8,0xed,0xe0,0xd,0xa,0xf1,0xee,0xf2,0xf0,0xf3,
  0xe4,0xed,0xe8,0xf7,0xe5,0xf1,0xf2,0xe2,0xee,0xd,0xa,0xf1,0xf2,0xee,0xeb,0xea,
  0xed,0xee,0xe2,0xe5,0xed,0xe8,0xe5,0xd,0xa,0xfd,0xec,0xe8,0xe3,0xf0,0xe0,0xed,
  0xf2,0xd,0xa,0xf5,0xe0,0xf0,0xe0,0xea,0xf2,0xe5,0xf0,0xd,0xa,0xf4,0xe0,0xec,
  0xe8,0xeb,0xe8,0xff,0xd,0xa,0xe7,0xe2,0xe5,0xe7,0xe4,0xe0,0xd,0xa,0xf2,0xee,
  0xf7,0xea,0xe0,0xd,0xa,0xf0,0xe0,0xe7,0xd,0xa,0xef,0xf0,0xe8,0xf0,0xee,0xe4,
  0xe0,0xd,0xa,0xf0,0xee,0xf1,0xf2,0xd,0xa,0xf0,0xee,0xeb,0xfc,0xd,0xa,0xe7,
  0xe0,0xef,0xe0,0xf5,0xd,0xa,0xee,0xf0,0xf3,0xe6,0xe8,0xe5,0xd,0xa,0xeb,0xe8,
  0xf2,0xe5,0xf0,0xe0,0xf2,0xf3,0xf0,0xe0,0xd,0xa,0xed,0xe0,0xe4,0xe5,0xe6,0xe4,
  0xe0,0xd,0xa,0xf1,0xeb,0xe5,0xe7,0xe0,0xd,0xa,0xeb,0xe8,0xf1,0xf2,0xd,0xa,
  0xea,0xee,0xe6,0xe0,0xd,0xa,0xe1,0xee,0xeb,0xe5,0xe7,0xed,0xfc,0xd,0xa,0xf1,
  0xee,0xe1,0xfb,0xf2,0xe8,0xe5,0xd,0xa,0xf1,0xef,0xe0,0xf1,0xe8,0xe1,0xee,0xd,
  0xa,0xef,0xee,0xfd,0xf2,0xd,0xa,0xef,0xf0,0xe5,0xe7,0xe8,0xe4,0xe5,0xed,0xf2,
  0xd,0xa,0xec,0xe0,0xe3,0xe0,0xe7,0xe8,0xed,0xd,0xa,0xe7,0xe2,0xf3,0xea,0xd,
  0xa,0xf0,0xee,0xe4,0xd,0xa,0xf0,0xee,0xe4,0xe8,0xf2,0xe5,0xeb,0xfc,0xd,0xa,
  0xf7,0xe0,0xe9,0xd,0xa,0xf1,0xee,0xe7,0xed,0xe0,0xed,0xe8,0xe5,0xd,0xa,0xe4,
  0xe5,0xe4,0xd,0xa,0xf2,0xf0,0xe0,0xe2,0xe0,0xd,0xa,0xe4,0xe5,0xeb,0xee,0xd,
  0xa,0xe8,0xe4,0xe5,0xff,0xd,0xa,0xf8,0xe5,0xff,0xd,0xa,0xe1,0xee,0xe9,0xd,
  0xa,0xea,0xe0,0xf7,0xe5,0xf1,0xf2,0xe2,0xee,0xd,0xa,0xef,0xee,0xeb,0xee,0xe2,
  0xe8,0xed,0xe0,0xd,0xa,0xe8,0xed,0xf2,0xe5,0xf0,0xe5,0xf1,0xd,0xa,0xe8,0xed,
  0xf1,0xf2,0xe8,0xf2,0xf3,0xf2,0xd,0xa,0xec,0xe5,0xf2,0xf0,0xd,0xa,0xf2,0xe5,
  0xf7,0xe5,0xed,0xe8,0xe5,0xd,0xa,0xe4,0xf0,0xe0,0xea,0xee,0xed,0xd,0xa,0xea,
  0xee,0xeb,0xe5,0xff,0xd,0xa,0xec,0xe5,0xec,0xf3,0xe0,0xf0,0xd,0xa,0xee,0xe1,
  0xf1,0xeb,0xf3,0xe6,0xe8,0xe2,0xe0,0xed,0xe8,0xe5,0xd,0xa,0xef,0xf0,0xe5,0xe4,
  0xe0,0xf2,0xe5,0xeb,0xfc,0xf1,0xf2,0xe2,0xee,0xd,0xa,0xf0,0xe0,0xe2,0xed,0xee,
  0xe4,0xf3,0xf8,0xe8,0xe5,0xd,0xa,0xf1,0xe5,0xe0,0xed,0xf1,0xd,0xa,0xf2,0xf0,
  0xee,0xed,0xd,0xa,0xe1,0xe0,0xeb,0xd,0xa,0xe3,0xee,0xf0,0xee,0xe4,0xf1,0xea,
  0xee,0xe9,0xd,0xa,0xe4,0xe5,0xec,0xee,0xed,0xf1,0xf2,0xf0,0xe0,0xf6,0xe8,0xff,
  0xd,0xa,0xea,0xe8,0xf8,0xe5,0xf7,0xed,0xe8,0xea,0xd,0xa,0xea,0xee,0xec,0xf1,
  0xee,0xec,0xee,0xeb,0xd,0xa,0xea,0xee,0xf0,0xea,0xe0,0xd,0xa,0xee,0xe6,0xee,
  0xe3,0xd,0xa,0xee,0xf2,0xf0,0xe0,0xf1,0xeb,0xfc,0xd,0xa,0xee,0xf2,0xf1,0xf2,
  0xf3,0xef,0xeb,0xe5,0xed,0xe8,0xe5,0xd,0xa,0xf0,0xe5,0xe2,0xed,0xee,0xf1,0xf2,
  0xfc,0xd,0xa,0xf0,0xee,0xe7,0xfb,0xf1,0xea,0xd,0xa,0xf1,0xf2,0xee,0xef,0xea,
  0xe0,0xd,0xa,0xf1,0xfb,0xf0,0xee,0xf1,0xf2,0xfc,0xd,0xa,0xf2,0xe0,0xe7,0xd,
  0xa,0xe1,0xe0,0xf2,0xff,0xd,0xa,0xe1,0xf0,0xe8,0xf2,0xe2,0xe0,0xd,0xa,0xe3,
  0xe5,0xee,0xe3,0xf0,0xe0,0xf4,0xe8,0xff,0xd,0xa,0xed,0xe0,0xf1,0xe5,0xea,0xee,
  0xec,0xee,0xe5,0xd,0xa,0xef,0xee,0xf2,0xf0,0xe5,0xe1,0xeb,0xe5,0xed,0xe8,0xe5,
  0xd,0xa,0xef,0xf0,0xe8,0xf7,0xe0,0xeb,0xd,0xa,0xf1,0xf3,0xea,0xe0,0xd,0xa,
  0xf3,0xef,0xf0,0xe0,0xe6,0xed,0xe5,0xed,0xe8,0xe5,0xd,0xa,0xf4,0xe5,0xed,0xee,
  0xec,0xe5,0xed,0xd,0xa,0xe1,0xe8,0xe7,0xed,0xe5,0xf1,0xec,0xe5,0xed,0xd,0xa,
  0xea,0xeb,0xe8,0xed,0xe8,0xea,0xe0,0xd,0xa,0xef,0xf0,0xee,0xf4,0xe8,0xeb,0xe0,
  0xea,0xf2,0xe8,0xea,0xe0,0xd,0xa,0xf1,0xec,0xe5,0xeb,0xee,0xf1,0xf2,0xfc,0xd,
  0xa,0xf2,0xf0,0xe0,0xea,0xf2,0xd,0xa,0xf2,0xf3,0xe1,0xe5,0xf0,0xea,0xf3,0xeb,
  0xe5,0xe7,0xd,0xa,0xe1,0xf0,0xee,0xed,0xff,0xd,0xa,0xe3,0xeb,0xfb,0xe1,0xe0,
  0xd,0xa,0xe4,0xe5,0xeb,0xe5,0xed,0xe8,0xe5,0xd,0xa,0xe4,0xe8,0xf1,0xf1,0xe5,
  0xf0,0xf2,0xe0,0xf6,0xe8,0xff,0xd,0xa,0xe8,0xe7,0xe3,0xee,0xf2,0xee,0xe2,0xeb,
  0xe5,0xed,0xe8,0xe5,0xd,0xa,0xea,0xe0,0xf1,0xea,0xe0,0xd,0xa,0xec,0xee,0xf0,
  0xf9,0xe8,0xed,0xe0,0xd,0xa,0xef,0xee,0xeb,0xff,0xea,0xd,0xa,0xf0,0xf3,0xf1,
  0xfc,0xd,0xa,0xf4,0xf3,0xf2,0xe1,0xee,0xeb,0xd,0xa,0xf5,0xe0,0xee,0xf1,0xd,
  0xa,0xf6,0xe5,0xf0,0xe5,0xec,0xee,0xed,0xe8,0xff,0xd,0xa,0xfd,0xea,0xf1,0xef,
  0xe5,0xf0,0xf2,0xd,0xa,0xe1,0xf0,0xe0,0xf1,0xeb,0xe5,0xf2,0xd,0xa,0xe7,0xe0,
  0xeb,0xe8,0xe2,0xd,0xa,0xe7,0xe2,0xe5,0xed,0xee,0xd,0xa,0xf1,0xe2,0xee,0xe4,
  0xd,0xa,0xf1,0xee,0xef,0xf0,0xee,0xe2,0xee,0xe6,0xe4,0xe5,0xed,0xe8,0xe5,0xd,
  0xa,0xe1,0xeb,0xe8,0xe7,0xed,0xe5,0xf6,0xd,0xa,0xef,0xee,0xec,0xe8,0xe4,0xee,
  0xf0,0xd,0xa,0xf4,0xe0,0xed,0xf2,0xe0,0xf1,0xf2,0xe8,0xea,0xe0,0xd,0xa,0xe8,
  0xf3,0xe4,0xe0,0xd,0xa,0xeb,0xee,0xe3,0xe8,0xea,0xd,0xa,0xed,0xe0,0xf0,0xea,
  0xee,0xf2,0xe8,0xea,0xe0,0xd,0xa,0xee,0xe1,0xf3,0xf7,0xe5,0xed,0xe8,0xe5,0xd,
  0xa,0xef,0xf3,0xf2,0xe5,0xf8,0xe5,0xf1,0xf2,0xe2,0xe5,0xed,0xed,0xe8,0xea,0xd,
  0xa,0xf0,0xf3,0xe1,0xea,0xe0,0xd,0xa,0xf2,0xee,0xf8,0xed,0xee,0xf2,0xe0,0xd,
  0xa,0xf5,0xf0,0xe0,0xed,0xe5,0xed,0xe8,0xe5,0xd,0xa,0xf7,0xe5,0xf0,0xed,0xe8,
  0xeb,0xe0,0xd,0xa,0xe1,0xf3,0xe1,0xe5,0xed,0xd,0xa,0xe2,0xe5,0xf0,0xed,0xee,
  0xf1,0xf2,0xfc,0xd,0xa,0xe3,0xe0,0xe4,0xee,0xf1,0xf2,0xfc,0xd,0xa,0xeb,0xe5,
  0xf1,0xee,0xea,0xd,0xa,0xec,0xe5,0xf1,0xf2,0xfc,0xd,0xa,0xee,0xe1,0xff,0xe7,
  0xe0,0xf2,0xe5,0xeb,0xfc,0xf1,0xf2,0xe2,0xee,0xd,0xa,0xef,0xe5,0xf0,0xf0,0xee,
  0xed,0xd,0xa,0xef,0xee,0xe9,0xec,0xe0,0xd,0xa,0xef,0xf3,0xe7,0xfb,0xf0,0xe5,
  0xea,0xd,0xa,0xee,0xf1,0xf2,0xee,0xf0,0xee,0xe6,0xed,0xee,0xf1,0xf2,0xfc,0xd,
  0xa,0xef,0xe5,0xf0,0xe8,0xeb,0xe0,0xd,0xa,0xef,0xee,0xf1,0xf2,0xf0,0xe0,0xe4,
  0xe0,0xe2,0xf8,0xe8,0xe9,0xd,0xa,0xe2,0xec,0xe5,0xf8,0xe0,0xf2,0xe5,0xeb,0xfc,
  0xf1,0xf2,0xe2,0xee,0xd,0xa,0xe2,0xee,0xe7,0xec,0xf3,0xf9,0xe5,0xed,0xe8,0xe5,
  0xd,0xa,0xe3,0xe8,0xef,0xee,0xf2,0xe5,0xe7,0xe0,0xd,0xa,0xea,0xee,0xec,0xec,
  0xe5,0xed,0xf2,0xe0,0xf0,0xe8,0xe9,0xd,0xa,0xec,0xe8,0xf1,0xf1,0xe8,0xff,0xd,
  0xa,0xec,0xf3,0xf1,0xea,0xf3,0xeb,0xd,0xa,0xed,0xe8,0xf8,0xe0,0xd,0xa,0xef,
  0xe5,0xf0,0xe5,0xe2,0xee,0xf0,0xee,0xf2,0xd,0xa,0xef,0xf0,0xe8,0xea,0xee,0xf1,
  0xed,0xee,0xe2,0xe5,0xed,0xe8,0xe5,0xd,0xa,0xf1,0xe2,0xe5,0xf0,0xf2,0xee,0xea,
  0xd,0xa,0xf1,0xf1,0xee,0xf0,0xe0,0xd,0xa,0xf2,0xf3,0xeb,0xee,0xe2,0xe8,0xf9,
  0xe5,0xd,0xa,0xf7,0xe5,0xec,0xef,0xe8,0xee,0xed,0xd,0xa,0xe1,0xe5,0xe4,0xed,
  0xff,0xe3,0xe0,0xd,0xa,0xea,0xe0,0xec,0xe8,0xed,0xd,0xa,0xea,0xee,0xf0,0xe5,
  0xe5,0xf6,0xd,0xa,0xec,0xe8,0xf2,0xe8,0xed,0xe3,0xd,0xa,0xef,0xf0,0xf3,0xf2,
  0xd,0xa,0xf4,0xf3,0xed,0xf2,0xd,0xa,0xea,0xeb,0xee,0xf7,0xee,0xea,0xd,0xa,
  0xec,0xe0,0xf2,0xe5,0xf0,0xe8,0xea,0xd,0xa,0xee,0xef,0xf3,0xf8,0xea,0xe0,0xd,
  0xa,0xee,0xf2,0xef,0xe5,0xf7,0xe0,0xf2,0xee,0xea,0xd,0xa,0xf1,0xf5,0xee,0xe4,
  0xf1,0xf2,0xe2,0xee,0xd,0xa,0xf2,0xe0,0xe1,0xeb,0xe8,0xf6,0xe0,0xd,0xa,0xf5,
  0xf3,0xeb,0xe8,0xe3,0xe0,0xed,0xd,0xa,0xf8,0xe0,0xf5,0xec,0xe0,0xf2,0xfb,0xd,
  0xa,0xf8,0xf2,0xfb,0xea,0xd,0xa,0xe0,0xf1,0xf1,0xee,0xf6,0xe8,0xe0,0xf6,0xe8,
  0xff,0xd,0xa,0xe8,0xed,0xf4,0xe0,0xf0,0xea,0xf2,0xd,0xa,0xea,0xe0,0xe2,0xe0,
  0xeb,0xe5,0xf0,0xd,0xa,0xef,0xf0,0xee,0xf1,0xf2,0xe8,0xf2,0xf3,0xf2,0xea,0xe0,
  0xd,0xa,0xef,0xf3,0xf7,0xee,0xea,0xd,0xa,0xf0,0xe0,0xf1,0xf2,0xe5,0xf0,0xff,
  0xed,0xed,0xee,0xf1,0xf2,0xfc,0xd,0xa,0xf1,0xf2,0xf0,0xe0,0xe6,0xed,0xe8,0xea,
  0xd,0xa,0xf4,0xe0,0xf8,0xe8,0xe7,0xec,0xd,0xa,0xea,0xe2,0xe0,0xe4,0xf0,0xe0,
  0xf2,0xd,0xa,0xeb,0xe5,0xe4,0xe8,0xd,0xa,0xee,0xef,0xe5,0xf0,0xe0,0xd,0xa,
  0xef,0xe0,0xf3,0xf2,0xe8,0xed,0xe0,0xd,0xa,0xf1,0xf2,0xe0,0xe4,0xe8,0xee,0xed,
  0xd,0xa,0xf4,0xe0,0xea,0xe5,0xeb,0xd,0xa,0xea,0xee,0xec,0xef,0xe0,0xed,0xe8,
  0xff,0xd,0xa,0xf0,0xee,0xec,0xe0,0xed,0xd,0xa,0xec,0xee,0xeb,0xee,0xe4,0xe0,
  0xff,0xd,0xa,0xf0,0xe5,0xf8,0xe5,0xed,0xe8,0xe5,0xd,0xa,0xea,0xf3,0xf5,0xed,
  0xff,0xd,0xa,0xf1,0xf7,0xe5,0xf2,0xd,0xa,0xf1,0xeb,0xf3,0xe6,0xe1,0xe0,0xd,
  0xa,0xeb,0xe5,0xe9,0xf2,0xe5,0xed,0xe0,0xed,0xf2,0xd,0xa,0xed,0xe0,0xf3,0xea,
  0xe0,0xd,0xa,0xeb,0xe0,0xe4,0xee,0xed,0xfc,0xd,0xa,0xe4,0xee,0xea,0xf2,0xee,
  0xf0,0xd,0xa,0xe2,0xf0,0xe0,0xe3,0xd,0xa,0xf2,0xf0,0xf3,0xe1,0xea,0xe0,0xd,
  0xa,0xf0,0xe0,0xe7,0xe2,0xe8,0xf2,0xe8,0xe5,0xd,0xa,0xf5,0xeb,0xe5,0xe1,0xd,
  0xa,0xf0,0xe0,0xf1,0xf1,0xea,0xe0,0xe7,0xd,0xa,0xe8,0xe3,0xf0,0xe0,0xd,0xa,
  0xf1,0xe0,0xec,0xee,0xeb,0xe5,0xf2,0xd,0xa,0xe4,0xee,0xea,0xf3,0xec,0xe5,0xed,
  0xf2,0xd,0xa,0xe2,0xf1,0xf2,0xf0,0xe5,0xf7,0xe0,0xd,0xa,0xea,0xe0,0xe1,0xe8,
  0xed,0xe5,0xf2,0xd,0xa,0xea,0xe0,0xf0,0xe5,0xf2,0xe0,0xd,0xa,0xeb,0xee,0xe2,
  0xf3,0xf8,0xea,0xe0,0xd,0xa,0xed,0xe0,0xf1,0xec,0xe5,0xf8,0xea,0xe0,0xd,0xa,
  0xef,0xf0,0xe0,0xf5,0xd,0xa,0xf0,0xfb,0xf7,0xe0,0xe3,0xd,0xa,0xf1,0xea,0xe2,
  0xee,0xf0,0xe5,0xf6,0xd,0xa,0xf2,0xe5,0xf0,0xf0,0xee,0xf0,0xe8,0xf1,0xf2,0xd,
  0xa,0xf2,0xee,0xf1,0xf2,0xd,0xa,0xf7,0xf3,0xeb,0xee,0xea,0xd,0xa,0xe1,0xeb,
  0xee,0xea,0xe0,0xe4,0xe0,0xd,0xa,0xe2,0xe0,0xf0,0xe5,0xed,0xfc,0xe5,0xd,0xa,
  0xe3,0xee,0xf0,0xee,0xe6,0xe0,0xed,0xe8,0xed,0xd,0xa,0xea,0xee,0xeb,0xe5,0xed,
  0xea,0xe0,0xd,0xa,0xeb,0xe0,0xe2,0xe8,0xed,0xe0,0xd,0xa,0xec,0xe0,0xe7,0xfc,
  0xd,0xa,0xef,0xf0,0xee,0xe6,0xe5,0xea,0xf2,0xee,0xf0,0xd,0xa,0xef,0xf0,0xee,
  0xf1,0xf2,0xee,0xf2,0xe0,0xd,0xa,0xf1,0xee,0xe2,0xe5,0xf0,0xf8,0xe5,0xed,0xf1,
  0xf2,0xe2,0xee,0xd,0xa,0xf2,0xf0,0xee,0xeb,0xeb,0xe5,0xe9,0xe1,0xf3,0xf1,0xd,
  0xa,0xf3,0xf1,0xf2,0xe0,0xeb,0xfc,0xd,0xa,0xfd,0xeb,0xfc,0xf4,0xd,0xa,0xe4,
  0xff,0xe4,0xfe,0xf8,0xea,0xe0,0xd,0xa,0xec,0xe5,0xf0,0xf1,0xe5,0xe4,0xe5,0xf1,
  0xd,0xa,0xed,0xe0,0xf1,0xeb,0xe5,0xe4,0xed,0xe8,0xea,0xd,0xa,0xed,0xe5,0xe2,
  0xf0,0xee,0xe7,0xd,0xa,0xf0,0xe0,0xe7,0xee,0xf7,0xe0,0xf0,0xee,0xe2,0xe0,0xed,
  0xe8,0xe5,0xd,0xa,0xf1,0xeb,0xe5,0xf1,0xe0,0xf0,0xfc,0xd,0xa,0xf3,0xef,0xee,
  0xf2,0xf0,0xe5,0xe1,0xeb,0xe5,0xed,0xe8,0xe5,0xd,0xa,0xf5,0xe8,0xec,0xe8,0xff,
  0xd,0xa,0xe3,0xf0,0xe0,0xed,0xe0,0xf2,0xd,0xa,0xf1,0xe2,0xee,0xe1,0xee,0xe4,
  0xed,0xfb,0xe9,0xd,0xa,0xf2,0xf0,0xe5,0xf3,0xe3,0xee,0xeb,0xfc,0xed,0xe8,0xea,
  0xd,0xa,0xe7,0xe0,0xf5,0xe2,0xe0,0xf2,0xd,0xa,0xef,0xee,0xe4,0xee,0xe1,0xe8,
  0xe5,0xd,0xa,0xf0,0xe0,0xf1,0xef,0xf0,0xe5,0xe4,0xe5,0xeb,0xe5,0xed,0xe8,0xe5,
  0xd,0xa,0xe2,0xe0,0xe6,0xed,0xee,0xf1,0xf2,0xfc,0xd,0xa,0xe7,0xe0,0xed,0xe0,
  0xe2,0xe5,0xf1,0xd,0xa,0xea,0xee,0xeb,0xe5,0xe1,0xe0,0xed,0xe8,0xe5,0xd,0xa,
  0xeb,0xff,0xe3,0xf3,0xf8,0xea,0xe0,0xd,0xa,0xec,0xe5,0xf5,0xe0,0xed,0xe8,0xea,
  0xe0,0xd,0xa,0xf0,0xe0,0xe4,0xe8,0xf1,0xf2,0xd,0xa,0xf1,0xe0,0xe7,0xe0,0xed,
  0xd,0xa,0xf6,0xe8,0xea,0xeb,0xd,0xa,0xf8,0xee,0xea,0xd,0xa,0xe3,0xe0,0xd,
  0xa,0xea,0xe0,0xed,0xe0,0xe2,0xe0,0xd,0xa,0xea,0xe0,0xed,0xf6,0xe5,0xeb,0xff,
  0xf0,0xe8,0xff,0xd,0xa,0xed,0xe5,0xe7,0xe0,0xe2,0xe8,0xf1,0xe8,0xec,0xee,0xf1,
  0xf2,0xfc,0xd,0xa,0xef,0xe0,0xf0,0xee,0xf7,0xea,0xe0,0xd,0xa,0xef,0xf2,0xe8,
  0xf7,0xea,0xe0,0xd,0xa,0xf1,0xf3,0xe1,0xfa,0xe5,0xea,0xf2,0xd,0xa,0xf4,0xe8,
  0xe7,0xe8,0xea,0xd,0xa,0xfd,0xea,0xf1,0xef,0xeb,0xf3,0xe0,0xf2,0xe0,0xf6,0xe8,
  0xff,0xd,0xa,0xe1,0xf3,0xf5,0xe3,0xe0,0xeb,0xf2,0xe5,0xf0,0xd,0xa,0xea,0xee,
  0xe3,0xee,0xf2,0xfc,0xd,0xa,0xea,0xf0,0xfe,0xea,0xd,0xa,0xea,0xf3,0xf7,0xea,
  0xe0,0xd,0xa,0xed,0xe0,0xe1,0xeb,0xfe,0xe4,0xe0,0xf2,0xe5,0xeb,0xfc,0xd,0xa,
  0xee,0xe1,0xf0,0xe0,0xe1,0xee,0xf2,0xea,0xe0,0xd,0xa,0xef,0xe5,0xf0,0xe5,0xe2,
  0xe0,0xeb,0xd,0xa,0xef,0xee,0xe3,0xf0,0xe5,0xe1,0xd,0xa,0xef,0xf0,0xe8,0xed,
  0xe0,0xe4,0xeb,0xe5,0xe6,0xed,0xee,0xf1,0xf2,0xfc,0xd,0xa,0xf1,0xe8,0xf0,0xe5,
  0xed,0xe0,0xd,0xa,0xf3,0xf0,0xee,0xe6,0xe0,0xe9,0xd,0xa,0xf4,0xe8,0xe3,0xe0,
  0xd,0xa,0xe0,0xf0,0xee,0xec,0xe0,0xf2,0xd,0xa,0xea,0xe0,0xf0,0xe0,0xf3,0xeb,
  0xd,0xa,0xec,0xe8,0xeb,0xff,0xd,0xa,0xef,0xe5,0xf0,0xe5,0xe6,0xe8,0xe2,0xe0,
  0xed,0xe8,0xe5,0xd,0xa,0xef,0xeb,0xe0,0xf2,0xd,0xa,0xef,0xf0,0xee,0xf0,0xee,
  0xea,0xd,0xa,0xf2,0xe0,0xeb,0xe8,0xff,0xd,0xa,0xf2,0xf0,0xe5,0xed,0xe5,0xf0,
  0xd,0xa,0xf3,0xea,0xee,0xeb,0xd,0xa,0xf3,0xf9,0xe5,0xf0,0xe1,0xd,0xa,0xe3,
  0xed,0xee,0xec,0xd,0xa,0xe7,0xe0,0xe1,0xe0,0xe2,0xe0,0xd,0xa,0xe7,0xe0,0xe4,
  0xed,0xe8,0xf6,0xe0,0xd,0xa,0xe8,0xf1,0xf7,0xe5,0xe7,0xed,0xee,0xe2,0xe5,0xed,
  0xe8,0xe5,0xd,0xa,0xeb,0xee,0xe4,0xee,0xf7,0xed,0xe8,0xea,0xd,0xa,0xef,0xe5,
  0xf0,0xe5,0xeb,0xee,0xec,0xd,0xa,0xf1,0xeb,0xee,0xe2,0xe0,0xf0,0xfc,0xd,0xa,
  0xea,0xee,0xe7,0xfb,0xf0,0xe5,0xea,0xd,0xa,0xea,0xee,0xec,0xe1,0xe8,0xed,0xe0,
  0xf2,0xd,0xa,0xea,0xee,0xf0,0xec,0xd,0xa,0xeb,0xe5,0xe1,0xe5,0xe4,0xfc,0xd,
  0xa,0xeb,0xee,0xef,0xe0,0xf2,0xea,0xe0,0xd,0xa,0xec,0xee,0xeb,0xee,0xf2,0xee,
  0xea,0xd,0xa,0xef,0xe0,0xf0,0xe4,0xee,0xed,0xd,0xa,0xef,0xe5,0xf0,0xf1,0xee,
  0xed,0xe0,0xd,0xa,0xef,0xf0,0xee,0xe5,0xec,0xd,0xa,0xf1,0xe2,0xff,0xe7,0xea,
  0xe0,0xd,0xa,0xe0,0xed,0xf2,0xe8,0xe1,0xe8,0xee,0xf2,0xe8,0xea,0xd,0xa,0xe2,
  0xeb,0xe0,0xe4,0xe5,0xed,0xe8,0xe5,0xd,0xa,0xe2,0xee,0xf1,0xf1,0xf2,0xe0,0xed,
  0xe8,0xe5,0xd,0xa,0xe3,0xe5,0xee,0xeb,0xee,0xe3,0xd,0xa,0xea,0xee,0xed,0xf1,
  0xf2,0xf0,0xf3,0xea,0xf2,0xee,0xf0,0xd,0xa,0xea,0xee,0xf8,0xe5,0xeb,0xe5,0xea,
  0xd,0xa,0xec,0xe5,0xf5,0xd,0xa,0xed,0xe0,0xf1,0xeb,0xe5,0xe4,0xf1,0xf2,0xe2,
  0xee,0xd,0xa,0xed,0xf0,0xe0,0xe2,0xd,0xa,0xee,0xf2,0xe5,0xf7,0xe5,0xf1,0xf2,
  0xe2,0xee,0xd,0xa,0xf0,0xe5,0xef,0xf3,0xf2,0xe0,0xf6,0xe8,0xff,0xd,0xa,0xf7,
  0xe0,0xf8,0xe0,0xd,0xa,0xe3,0xf3,0xe4,0xee,0xea,0xd,0xa,0xea,0xee,0xf1,0xec,
  0xee,0xed,0xe0,0xe2,0xf2,0xd,0xa,0xf7,0xe5,0xea,0xe8,0xf1,0xf2,0xd,0xa,0xfd,
  0xeb,0xe5,0xea,0xf2,0xf0,0xe8,0xf7,0xea,0xe0,0xd,0xa,0xe2,0xf0,0xe5,0xe4,0xd,
  0xa,0xe3,0xe0,0xf0,0xe0,0xed,0xf2,0xe8,0xff,0xd,0xa,0xea,0xee,0xf1,0xf2,0xfb,
  0xeb,0xfc,0xd,0xa,0xea,0xf0,0xee,0xf8,0xea,0xe0,0xd,0xa,0xee,0xea,0xf0,0xe5,
  0xf1,0xf2,0xed,0xee,0xf1,0xf2,0xfc,0xd,0xa,0xee,0xf2,0xea,0xf0,0xfb,0xf2,0xea,
  0xe0,0xd,0xa,0xef,0xe0,0xeb,0xfc,0xec,0xe0,0xd,0xa,0xef,0xee,0xeb,0xed,0xee,
  0xf7,0xfc,0xd,0xa,0xef,0xf0,0xe5,0xe2,0xee,0xf1,0xf5,0xee,0xe4,0xf1,0xf2,0xe2,
  0xee,0xd,0xa,0xf3,0xf7,0xe5,0xed,0xfb,0xe9,0xd,0xa,0xe0,0xe2,0xf2,0xee,0xf0,
  0xd,0xa,0xec,0xf3,0xe6,0xe8,0xea,0xd,0xa,0xea,0xee,0xf0,0xe8,0xe4,0xee,0xf0,
  0xd,0xa,0xea,0xee,0xeb,0xe5,0xed,0xee,0xd,0xa,0xf2,0xe5,0xeb,0xe5,0xf4,0xee,
  0xed,0xd,0xa,0xf3,0xe4,0xe0,0xf0,0xd,0xa,0xe2,0xe5,0xf0,0xe0,0xd,0xa,0xf0,
  0xf3,0xe1,0xeb,0xfc,0xd,0xa,0xf7,0xe8,0xf1,0xeb,0xee,0xd,0xa,0xe1,0xf3,0xe4,
  0xf3,0xf9,0xe5,0xe5,0xd,0xa,0xf6,0xe5,0xed,0xf2,0xf0,0xd,0xa,0xea,0xe0,0xf0,
  0xf2,0xe8,0xed,0xe0,0xd,0xa,0xef,0xf0,0xee,0xf6,0xe5,0xf1,0xf1,0xd,0xa,0xf3,
  0xec,0xd,0xa,0xf3,0xf1,0xeb,0xee,0xe2,0xe8,0xe5,0xd,0xa,0xed,0xe5,0xe4,0xee,
  0xf1,0xf2,0xe0,0xf2,0xee,0xf7,0xed,0xee,0xf1,0xf2,0xfc,0xd,0xa,0xef,0xe0,0xf0,
  0xeb,0xe0,0xec,0xe5,0xed,0xf2,0xd,0xa,0xef,0xee,0xe4,0xeb,0xe5,0xf6,0xd,0xa,
  0xf0,0xe5,0xe7,0xe5,0xf0,0xe2,0xd,0xa,0xf1,0xfe,0xf0,0xef,0xf0,0xe8,0xe7,0xd,
  0xa,0xe8,0xed,0xf1,0xf2,0xf0,0xf3,0xea,0xf2,0xee,0xf0,0xd,0xa,0xed,0xe0,0xec,
  0xe5,0xf1,0xf2,0xed,0xe8,0xea,0xd,0xa,0xee,0xe1,0xf9,0xe5,0xf1,0xf2,0xe2,0xe5,
  0xed,0xed,0xee,0xf1,0xf2,0xfc,0xd,0xa,0xef,0xf0,0xe8,0xf7,0xe5,0xf1,0xea,0xe0,
  0xd,0xa,0xf1,0xea,0xee,0xf2,0xd,0xa,0xf2,0xf0,0xe8,0xe1,0xf3,0xed,0xe0,0xd,
  0xa,0xf7,0xe0,0xf1,0xf2,0xe8,0xf6,0xe0,0xd,0xa,0xff,0xf1,0xed,0xee,0xf1,0xf2,
  0xfc,0xd,0xa,0xe0,0xe3,0xe5,0xed,0xf2,0xf1,0xf2,0xe2,0xee,0xd,0xa,0xe4,0xe8,
  0xe5,0xf2,0xe0,0xd,0xa,0xea,0xee,0xf0,0xe0,0xd,0xa,0xef,0xee,0xea,0xeb,0xee,
  0xed,0xed,0xe8,0xea,0xd,0xa,0xf0,0xe0,0xe7,0xe2,0xeb,0xe5,0xf7,0xe5,0xed,0xe8,
  0xe5,0xd,0xa,0xf1,0xee,0xe2,0xef,0xe0,0xe4,0xe5,0xed,0xe8,0xe5,0xd,0xa,0xf1,
  0xf3,0xed,0xe4,0xf3,0xea,0xd,0xa,0xf8,0xe0,0xef,0xee,0xf7,0xea,0xe0,0xd,0xa,
  0xe6,0xe8,0xeb,0xe8,0xf9,0xe5,0xd,0xa,0xef,0xe0,0xf0,0xe0,0xe4,0xd,0xa,0xef,
  0xe5,0xef,0xe5,0xeb,0xfc,0xed,0xe8,0xf6,0xe0,0xd,0xa,0xef,0xf0,0xee,0xe4,0xe0,
  0xe2,0xf9,0xe8,0xf6,0xe0,0xd,0xa,0xe2,0xe5,0xe4,0xee,0xec,0xf1,0xf2,0xe2,0xee,
  0xd,0xa,0xe4,0xe5,0xf0,0xe6,0xe0,0xe2,0xe0,0xd,0xa,0xed,0xee,0xf1,0xe8,0xeb,
  0xea,0xe8,0xd,0xa,0xee,0xe3,0xf0,0xe0,0xed,0xe8,0xf7,0xe5,0xed,0xe8,0xe5,0xd,
  0xa,0xef,0xee,0xe7,0xed,0xe0,0xed,0xe8,0xe5,0xd,0xa,0xf4,0xe0,0xe9,0xeb,0xd,
  0xa,0xe1,0xe5,0xe7,0xf3,0xec,0xe8,0xe5,0xd,0xa,0xe3,0xe0,0xeb,0xe5,0xf0,0xe5,
  0xff,0xd,0xa,0xe8,0xeb,0xeb,0xfe,0xe7,0xe8,0xff,0xd,0xa,0xea,0xee,0xec,0xe1,
  0xe8,0xed,0xe5,0xe7,0xee,0xed,0xd,0xa,0xea,0xee,0xec,0xe5,0xe4,0xe8,0xff,0xd,
  0xa,0xee,0xf7,0xe5,0xf0,0xf2,0xe0,0xed,0xe8,0xe5,0xd,0xa,0xef,0xee,0xe4,0xee,
  0xf8,0xe2,0xe0,0xd,0xa,0xf1,0xe5,0xf0,0xe5,0xe1,0xf0,0xee,0xd,0xa,0xf1,0xf2,
  0xe0,0xf0,0xe8,0xed,0xe0,0xd,0xa,0xf1,0xf2,0xe0,0xf2,0xf3,0xff,0xd,0xa,0xff,
  0xf5,0xf2,0xe0,0xd,0xa,0xe0,0xed,0xea,0xe5,0xf2,0xe0,0xd,0xa,0xec,0xe8,0xf1,
  0xf1,0xe8,0xf1,0xd,0xa,0xee,0xe1,0xf0,0xfb,0xe2,0xee,0xea,0xd,0xa,0xee,0xf4,
  0xe8,0xf6,0xe8,0xe0,0xed,0xf2,0xea,0xe0,0xd,0xa,0xf1,0xf2,0xf0,0xe0,0xe6,0xe0,
  0xd,0xa,0xfd,0xeb,0xe5,0xea,0xf2,0xf0,0xe8,0xf7,0xe5,0xf1,0xf2,0xe2,0xee,0xd,
  0xa,0xe1,0xe5,0xf1,0xd,0xa,0xe2,0xfb,0xe3,0xee,0xe4,0xe0,0xd,0xa,0xeb,0xff,
  0xeb,0xff,0xd,0xa,0xee,0xea,0xf0,0xf3,0xe3,0xe0,0xd,0xa,0xef,0xf0,0xe5,0xef,
  0xff,0xf2,0xf1,0xf2,0xe2,0xe8,0xe5,0xd,0xa,0xf0,0xe0,0xed,0xe5,0xed,0xe8,0xe5,
  0xd,0xa,0xf0,0xe0,0xf1,0xf8,0xe8,0xf0,0xe5,0xed,0xe8,0xe5,0xd,0xa,0xf1,0xee,
  0xf2,0xed,0xe8,0xea,0xd,0xa,0xee,0xef,0xf3,0xf5,0xee,0xeb,0xfc,0xd,0xa,0xef,
  0xe0,0xeb,0xe0,0xf7,0xd,0xa,0xe0,0xe2,0xe0,0xf0,0xe8,0xff,0xd,0xa,0xe1,0xe0,
  0xf0,0xfb,0xf8,0xed,0xff,0xd,0xa,0xe4,0xe5,0xe6,0xf3,0xf0,0xf1,0xf2,0xe2,0xee,
  0xd,0xa,0xe4,0xe5,0xeb,0xe5,0xe3,0xe0,0xf6,0xe8,0xff,0xd,0xa,0xe4,0xe8,0xf1,
  0xea,0xf3,0xf1,0xf1,0xe8,0xff,0xd,0xa,0xea,0xe5,0xef,0xea,0xe0,0xd,0xa,0xea,
  0xe8,0xe5,0xe2,0xd,0xa,0xea,0xf0,0xfb,0xec,0xd,0xa,0xeb,0xe0,0xf0,0xe5,0xea,
  0xd,0xa,0xeb,0xe5,0xed,0xfc,0xd,0xa,0xec,0xe0,0xe3,0xed,0xe8,0xf2,0xee,0xf4,
  0xee,0xed,0xd,0xa,0xee,0xe1,0xeb,0xee,0xe6,0xea,0xe0,0xd,0xa,0xf1,0xef,0xee,
  0xf0,0xf2,0xf1,0xec,0xe5,0xed,0xd,0xa,0xf1,0xef,0xf3,0xf1,0xea,0xd,0xa,0xf2,
  0xe5,0xed,0xe4,0xe5,0xed,0xf6,0xe8,0xff,0xd,0xa,0xfd,0xea,0xf1,0xea,0xf3,0xf0,
  0xf1,0xe8,0xff,0xd,0xa,0xe1,0xee,0xe3,0xe0,0xf7,0xd,0xa,0xe8,0xed,0xe4,0xe8,
  0xe9,0xd,0xa,0xe8,0xf1,0xef,0xee,0xeb,0xed,0xe8,0xf2,0xe5,0xeb,0xfc,0xd,0xa,
  0xf2,0xee,0xef,0xee,0xeb,0xfc,0xd,0xa,0xe0,0xef,0xf2,0xe5,0xea,0xe0,0xd,0xa,
  0xe2,0xee,0xf0,0xee,0xed,0xea,0xee,0xd,0xa,0xe7,0xe0,0xf0,0xe0,0xe1,0xee,0xf2,
  0xee,0xea,0xd,0xa,0xee,0xf2,0xf0,0xe0,0xe2,0xeb,0xe5,0xed,0xe8,0xe5,0xd,0xa,
  0xef,0xee,0xe4,0xed,0xee,0xf1,0xd,0xa,0xf1,0xf0,0xe0,0xe6,0xe5,0xed,0xe8,0xe5,
  0xd,0xa,0xe0,0xe4,0xfa,0xfe,0xf2,0xe0,0xed,0xf2,0xd,0xa,0xe4,0xe0,0xe1,0xe0,
  0xd,0xa,0xea,0xeb,0xe0,0xf1,0xf1,0xe8,0xea,0xd,0xa,0xee,0xf2,0xf7,0xe5,0xf1,
  0xf2,0xe2,0xee,0xd,0xa,0xf3,0xe2,0xeb,0xe5,0xf7,0xe5,0xed,0xe8,0xe5,0xd,0xa,
  0xe1,0xe0,0xf0,0xe0,0xe1,0xe0,0xed,0xd,0xa,0xe2,0xee,0xf0,0xee,0xed,0xd,0xa,
  0xea,0xee,0xec,0xef,0xee,0xe7,0xe8,0xf2,0xee,0xf0,0xd,0xa,0xed,0xe8,0xf2,0xfc,
  0xd,0xa,0xef,0xee,0xea,0xe0,0xe7,0xe0,0xf2,0xe5,0xeb,0xfc,0xd,0xa,0xf4,0xf3,
  0xf0,0xe3,0xee,0xed,0xd,0xa,0xe1,0xf3,0xf2,0xfb,0xeb,0xea,0xe0,0xd,0xa,0xf1,
  0xeb,0xe5,0xe4,0xd,0xa,0xf0,0xe5,0xe7,0xf3,0xeb,0xfc,0xf2,0xe0,0xf2,0xd,0xa,
  0xef,0xe0,0xec,0xff,0xf2,0xfc,0xd,0xa,0xe4,0xe8,0xf0,0xe5,0xea,0xf2,0xee,0xf0,
  0xd,0xa,0xe7,0xe0,0xeb,0xd,0xa,0xe4,0xf3,0xf5,0xd,0xa,0xef,0xeb,0xe0,0xed,
  0xd,0xa,0xf1,0xf7,0xe0,0xf1,0xf2,0xfc,0xe5,0xd,0xa,0xe3,0xee,0xf1,0xef,0xee,
  0xe4,0xe8,0xed,0xd,0xa,0xef,0xf0,0xee,0xf4,0xe5,0xf1,0xf1,0xee,0xf0,0xd,0xa,
  0xe7,0xed,0xe0,0xf2,0xfc,0xd,0xa,0xf6,0xe5,0xeb,0xfc,0xd,0xa,0xea,0xeb,0xe0,
  0xf1,0xf1,0xd,0xa,0xf0,0xf3,0xea,0xe0,0xd,0xa,0xe4,0xee,0xe3,0xe0,0xe4,0xea,
  0xe0,0xd,0xa,0xe8,0xf1,0xf1,0xeb,0xe5,0xe4,0xee,0xe2,0xe0,0xf2,0xe5,0xeb,0xfc,
  0xd,0xa,0xec,0xee,0xf9,0xed,0xee,0xf1,0xf2,0xfc,0xd,0xa,0xf0,0xe2,0xee,0xf2,
  0xe0,0xd,0xa,0xf1,0xe1,0xee,0xf0,0xed,0xe8,0xea,0xd,0xa,0xf1,0xf3,0xec,0xee,
  0xf7,0xea,0xe0,0xd,0xa,0xf8,0xf2,0xee,0xf0,0xe0,0xd,0xa,0xe0,0xe4,0xec,0xe8,
  0xf0,0xe0,0xeb,0xd,0xa,0xe3,0xe8,0xec,0xed,0xe0,0xe7,0xe8,0xff,0xd,0xa,0xeb,
  0xee,0xf0,0xe4,0xd,0xa,0xec,0xe5,0xf0,0xe7,0xe0,0xe2,0xe5,0xf6,0xd,0xa,0xed,
  0xe0,0xf1,0xe8,0xeb,0xe8,0xe5,0xd,0xa,0xef,0xf0,0xee,0xf9,0xe0,0xed,0xe8,0xe5,
  0xd,0xa,0xfd,0xec,0xe8,0xe3,0xf0,0xe0,0xf6,0xe8,0xff,0xd,0xa,0xe1,0xf0,0xee,
  0xe4,0xff,0xe3,0xe0,0xd,0xa,0xe3,0xee,0xed,0xee,0xf0,0xe0,0xf0,0xd,0xa,0xe7,
  0xe0,0xef,0xf0,0xe5,0xf2,0xd,0xa,0xeb,0xe8,0xf5,0xee,0xd,0xa,0xef,0xe0,0xf0,
  0xf3,0xf1,0xd,0xa,0xef,0xe5,0xed,0xe8,0xe5,0xd,0xa,0xf1,0xee,0xfe,0xe7,0xed,
  0xe8,0xea,0xd,0xa,0xe0,0xed,0xe0,0xd,0xa,0xec,0xe0,0xec,0xee,0xf7,0xea,0xe0,
  0xd,0xa,0xf0,0xe0,0xe7,0xf0,0xe0,0xe1,0xee,0xf2,0xea,0xe0,0xd,0xa,0xf1,0xee,
  0xea,0xf0,0xe0,0xf9,0xe5,0xed,0xe8,0xe5,0xd,0xa,0xf3,0xe4,0xee,0xf7,0xea,0xe0,
  0xd,0xa,0xe5,0xf4,0xf0,0xe5,0xe9,0xf2,0xee,0xf0,0xd,0xa,0xea,0xee,0xeb,0xee,
  0xed,0xe8,0xff,0xd,0xa,0xea,0xf3,0xef,0xe5,0xd,0xa,0xf0,0xee,0xff,0xeb,0xfc,
  0xd,0xa,0xf3,0xf2,0xee,0xea,0xd,0xa,0xe1,0xf3,0xf2,0xe5,0xf0,0xe1,0xf0,0xee,
  0xe4,0xd,0xa,0xe3,0xf0,0xe5,0xe1,0xe5,0xed,0xfc,0xd,0xa,0xea,0xee,0xf0,0xee,
  0xe1,0xee,0xf7,0xea,0xe0,0xd,0xa,0xea,0xf0,0xe0,0xf1,0xed,0xee,0xe0,0xf0,0xec,
  0xe5,0xe5,0xf6,0xd,0xa,0xf1,0xea,0xe5,0xeb,0xe5,0xf2,0xd,0xa,0xf1,0xf2,0xe0,
  0xed,0xee,0xea,0xd,0xa,0xf1,0xf2,0xf0,0xee,0xe9,0xea,0xe0,0xd,0xa,0xe2,0xf1,
  0xd,0xa,0xe4,0xe2,0xee,0xf0,0xed,0xe8,0xea,0xd,0xa,0xeb,0xfe,0xe1,0xee,0xe2,
  0xed,0xe8,0xea,0xd,0xa,0xf1,0xee,0xeb,0xed,0xfb,0xf8,0xea,0xee,0xd,0xa,0xf2,
  0xe2,0xee,0xf0,0xe5,0xed,0xe8,0xe5,0xd,0xa,0xe4,0xee,0xe1,0xf0,0xee,0xf2,0xe0,
  0xd,0xa,0xea,0xee,0xec,0xf1,0xee,0xec,0xee,0xeb,0xe5,0xf6,0xd,0xa,0xeb,0xee,
  0xe3,0xe8,0xea,0xe0,0xd,0xa,0xea,0xee,0xf1,0xe0,0xd,0xa,0xf1,0xee,0xe0,0xe2,
  0xf2,0xee,0xf0,0xd,0xa,0xf7,0xe0,0xf0,0xee,0xe4,0xe5,0xe9,0xd,0xa,0xe1,0xe5,
  0xf0,0xe5,0xec,0xe5,0xed,0xed,0xee,0xf1,0xf2,0xfc,0xd,0xa,0xe2,0xe5,0xf2,0xe5,
  0xf0,0xe0,0xed,0xd,0xa,0xe3,0xe2,0xe0,0xf0,0xe4,0xe8,0xff,0xd,0xa,0xe4,0xee,
  0xf1,0xf2,0xf3,0xef,0xd,0xa,0xea,0xeb,0xe5,0xf9,0xd,0xa,0xea,0xee,0xeb,0xff,
  0xf1,0xea,0xe0,0xd,0xa,0xec,0xe8,0xf1,0xea,0xe0,0xd,0xa,0xf1,0xee,0xf5,0xf0,
  0xe0,0xed,0xe5,0xed,0xe8,0xe5,0xd,0xa,0xf7,0xe5,0xf5,0xd,0xa,0xe7,0xff,0xf2,
  0xfc,0xd,0xa,0xe8,0xf1,0xef,0xe0,0xed,0xe8,0xff,0xd,0xa,0xeb,0xe0,0xea,0xd,
  0xa,0xec,0xe8,0xf0,0xee,0xe2,0xee,0xe9,0xd,0xa,0xef,0xf0,0xe8,0xe5,0xec,0xed,
  0xe8,0xea,0xd,0xa,0xef,0xf3,0xeb,0xfc,0xf1,0xd,0xa,0xef,0xff,0xf2,0xe5,0xf0,
  0xea,0xe0,0xd,0xa,0xf3,0xf9,0xe5,0xeb,0xfc,0xe5,0xd,0xa,0xe2,0xfb,0xe2,0xe5,
  0xf1,0xea,0xe0,0xd,0xa,0xef,0xf0,0xee,0xf4,0xe8,0xeb,0xfc,0xd,0xa,0xf1,0xe4,
  0xe0,0xf7,0xe0,0xd,0xa,0xf1,0xea,0xf0,0xe8,0xef,0xd,0xa,0xf1,0xee,0xeb,0xee,
  0xec,0xe0,0xd,0xa,0xf7,0xf3,0xe6,0xee,0xe9,0xd,0xa,0xe0,0xe7,0xe8,0xff,0xd,
  0xa,0xe1,0xee,0xea,0xf1,0xd,0xa,0xe8,0xe3,0xeb,0xe0,0xd,0xa,0xea,0xe0,0xf4,
  0xe5,0xe4,0xf0,0xe0,0xd,0xa,0xea,0xeb,0xee,0xea,0xd,0xa,0xee,0xf1,0xec,0xee,
  0xf2,0xf0,0xd,0xa,0xf0,0xe0,0xe7,0xf0,0xf3,0xf8,0xe5,0xed,0xe8,0xe5,0xd,0xa,
  0xf1,0xe2,0xe8,0xf2,0xe5,0xf0,0xd,0xa,0xfe,0xf0,0xe8,0xf1,0xf2,0xd,0xa,0xe4,
  0xe2,0xee,0xe9,0xed,0xe8,0xea,0xd,0xa,0xf7,0xf3,0xf8,0xfc,0xd,0xa,0xe0,0xf0,
  0xf2,0xe8,0xeb,0xeb,0xe5,0xf0,0xe8,0xff,0xd,0xa,0xec,0xe8,0xeb,0xeb,0xe8,0xee,
  0xed,0xd,0xa,0xf0,0xe0,0xed,0xe3,0xd,0xa,0xf2,0xf0,0xe5,0xf2,0xfc,0xd,0xa,
  0xf1,0xe2,0xff,0xe7,0xfc,0xd,0xa,0xef,0xee,0xeb,0xee,0xe6,0xe5,0xed,0xe8,0xe5,
  0xd,0xa,0xf1,0xf0,0xe5,0xe4,0xf1,0xf2,0xe2,0xee,0xd,0xa,0xf0,0xe5,0xf7,0xfc,
  0xd,0xa,0xe4,0xe5,0xf0,0xe5,0xe2,0xed,0xff,0xd,0xa,0xe3,0xee,0xf1,0xf3,0xe4,
  0xe0,0xf0,0xf1,0xf2,0xe2,0xee,0xd,0xa,0xef,0xe0,0xf0,0xe0,0xd,0xa,0xe1,0xf3,
  0xec,0xe0,0xe3,0xe0,0xd,0xa,0xe3,0xe5,0xf0,0xee,0xe9,0xd,0xa,0xf1,0xf2,0xf0,
  0xe0,0xf5,0xd,0xa,0xef,0xf0,0xee,0xe1,0xeb,0xe5,0xec,0xe0,0xd,0xa,0xef,0xe0,
  0xf0,0xf2,0xe8,0xff,0xd,0xa,0xea,0xee,0xec,0xe0,0xed,0xe4,0xe8,0xf0,0xd,0xa,
  0xe2,0xf0,0xe5,0xec,0xff,0xd,0xa,0xe3,0xeb,0xe0,0xe2,0xe0,0xd,0xa,0xed,0xee,
  0xec,0xe5,0xf0,0xd,0xa,0xe2,0xee,0xeb,0xee,0xf1,0xd,0xa,0xe0,0xe2,0xf1,0xf2,
  0xf0,0xe0,0xeb,0xe8,0xff,0xd,0xa,0xe3,0xf0,0xf3,0xe4,0xe0,0xd,0xa,0xef,0xf0,
  0xee,0xe1,0xe0,0xd,0xa,0xf1,0xe5,0xea,0xf1,0xd,0xa,0xf1,0xf5,0xe2,0xe0,0xf2,
  0xea,0xe0,0xd,0xa,0xf4,0xe0,0xf0,0xe0,0xd,0xa,0xe1,0xeb,0xe8,0xe7,0xee,0xf1,
  0xf2,0xfc,0xd,0xa,0xe7,0xe5,0xec,0xeb,0xff,0xea,0xd,0xa,0xea,0xf3,0xf0,0xe0,
  0xd,0xa,0xef,0xe0,0xf0,0xf2,0xe0,0xd,0xa,0xef,0xe5,0xed,0xf1,0xe8,0xee,0xed,
  0xe5,0xf0,0xd,0xa,0xf0,0xe0,0xf1,0xf1,0xf2,0xf0,0xe5,0xeb,0xd,0xa,0xe7,0xe0,
  0xea,0xf3,0xf1,0xea,0xe0,0xd,0xa,0xee,0xe2,0xf6,0xe0,0xd,0xa,0xef,0xe0,0xef,
  0xe0,0xf8,0xe0,0xd,0xa,0xef,0xeb,0xe5,0xec,0xff,0xed,0xed,0xe8,0xea,0xd,0xa,
  0xf3,0xf1,0xf2,0xe0,0xd,0xa,0xea,0xee,0xed,0xf1,0xe5,0xf0,0xe2,0xfb,0xd,0xa,
  0xeb,0xe8,0xf2,0xf0,0xd,0xa,0xf1,0xf3,0xe4,0xee,0xf0,0xee,0xe3,0xe0,0xd,0xa,
  0xe4,0xe8,0xef,0xeb,0xee,0xec,0xe0,0xf2,0xd,0xa,0xed,0xe0,0xeb,0xe5,0xf2,0xd,
  0xa,0xef,0xe5,0xe2,0xe5,0xf6,0xd,0xa,0xef,0xee,0xf1,0xf2,0xee,0xe9,0xd,0xa,
  0xf0,0xe8,0xec,0xd,0xa,0xef,0xee,0xe4,0xf0,0xe0,0xe7,0xe4,0xe5,0xeb,0xe5,0xed,
  0xe8,0xe5,0xd,0xa,0xf1,0xee,0xee,0xf0,0xf3,0xe6,0xe5,0xed,0xe8,0xe5,0xd,0xa,
  0xe0,0xea,0xf2,0xe8,0xe2,0xed,0xee,0xf1,0xf2,0xfc,0xd,0xa,0xea,0xe0,0xf8,0xe5,
  0xeb,0xfc,0xd,0xa,0xef,0xee,0xf0,0xee,0xea,0xd,0xa,0xef,0xee,0xf1,0xf2,0xf0,
  0xee,0xe9,0xea,0xe0,0xd,0xa,0xef,0xf0,0xee,0xf2,0xe5,0xf1,0xf2,0xd,0xa,0xf1,
  0xe8,0xeb,0xf3,0xfd,0xf2,0xd,0xa,0xe7,0xf0,0xe0,0xf7,0xee,0xea,0xd,0xa,0xec,
  0xe0,0xf2,0xd,0xa,0xee,0xef,0xef,0xee,0xe7,0xe8,0xf6,0xe8,0xff,0xd,0xa,0xef,
  0xf0,0xe5,0xe4,0xf3,0xef,0xf0,0xe5,0xe6,0xe4,0xe5,0xed,0xe8,0xe5,0xd,0xa,0xe8,
  0xf0,0xee,0xed,0xe8,0xff,0xd,0xa,0xef,0xeb,0xee,0xf2,0xd,0xa,0xef,0xee,0xf7,
  0xe5,0xf0,0xea,0xd,0xa,0xef,0xee,0xf1,0xe5,0xf9,0xe5,0xed,0xe8,0xe5,0xd,0xa,
  0xef,0xff,0xf2,0xed,0xe8,0xf6,0xe0,0xd,0xa,0xf0,0xe0,0xe7,0xeb,0xe8,0xf7,0xe8,
  0xe5,0xd,0xa,0xe2,0xe4,0xee,0xe2,0xe0,0xd,0xa,0xe7,0xed,0xe0,0xf7,0xee,0xea,
  0xd,0xa,0xea,0xee,0xed,0xf2,0xf0,0xe0,0xea,0xf2,0xd,0xa,0xed,0xff,0xed,0xff,
  0xd,0xa,0xef,0xeb,0xe5,0xed,0xe0,0xd,0xa,0xef,0xee,0xe1,0xe5,0xe4,0xe8,0xf2,
  0xe5,0xeb,0xfc,0xd,0xa,0xef,0xee,0xe3,0xee,0xed,0xff,0xd,0xa,0xef,0xf1,0xe8,
  0xf5,0xee,0xeb,0xee,0xe3,0xe8,0xff,0xd,0xa,0xf0,0xe0,0xe7,0xe4,0xe5,0xeb,0xd,
  0xa,0xf1,0xeb,0xf3,0xf7,0xe0,0xe9,0xed,0xee,0xf1,0xf2,0xfc,0xd,0xa,0xf1,0xf3,
  0xe3,0xf0,0xee,0xe1,0xd,0xa,0xf2,0xee,0xef,0xeb,0xe8,0xe2,0xee,0xd,0xa,0xe0,
  0xf4,0xf0,0xe8,0xea,0xe0,0xd,0xa,0xe2,0xe5,0xf7,0xed,0xee,0xf1,0xf2,0xfc,0xd,
  0xa,0xe7,0xed,0xe0,0xea,0xee,0xec,0xfb,0xe9,0xd,0xa,0xef,0xe5,0xf0,0xe5,0xea,
  0xf0,0xe5,0xf1,0xf2,0xee,0xea,0xd,0xa,0xf1,0xeb,0xf3,0xf8,0xe0,0xf2,0xe5,0xeb,
  0xfc,0xd,0xa,0xf2,0xf3,0xec,0xe1,0xee,0xf7,0xea,0xe0,0xd,0xa,0xf1,0xf2,0xf0,
  0xee,0xe8,0xf2,0xe5,0xeb,0xfc,0xd,0xa,0xef,0xe0,0xf0,0xed,0xe8,0xf8,0xea,0xe0,
  0xd,0xa,0xef,0xee,0xf0,0xf3,0xf7,0xe5,0xed,0xe8,0xe5,0xd,0xa,0xef,0xf0,0xe5,
  0xec,0xfc,0xe5,0xf0,0xd,0xa,0xf0,0xfb,0xe2,0xee,0xea,0xd,0xa,0xf1,0xea,0xee,
  0xf2,0xe8,0xed,0xe0,0xd,0xa,0xf1,0xee,0xef,0xea,0xe0,0xd,0xa,0xf2,0xee,0xf0,
  0xe3,0xee,0xe2,0xe5,0xf6,0xd,0xa,0xfd,0xf4,0xe8,0xf0,0xd,0xa,0xe4,0xe5,0xe2,
  0xee,0xf7,0xea,0xe0,0xd,0xa,0xf7,0xe5,0xf0,0xf2,0xe0,0xd,0xa,0xef,0xf0,0xe8,
  0xf7,0xe8,0xed,0xe0,0xd,0xa,0xf1,0xf3,0xe4,0xfc,0xe1,0xe0,0xd,0xa,0xe1,0xee,
  0xeb,0xfc,0xd,0xa,0xf5,0xee,0xe4,0xd,0xa,0xe2,0xe5,0xf9,0xfc,0xd,0xa,0xe4,
  0xe5,0xe9,0xf1,0xf2,0xe2,0xe8,0xe5,0xd,0xa,0xec,0xe5,0xf0,0xe0,0xd,0xa,0xf0,
  0xe5,0xea,0xe0,0xd,0xa,0xec,0xe8,0xea,0xf0,0xee,0xf4,0xee,0xed,0xd,0xa,0xee,
  0xe2,0xee,0xf9,0xd,0xa,0xef,0xee,0xeb,0xee,0xf2,0xed,0xee,0xd,0xa,0xef,0xf0,
  0xee,0xef,0xf3,0xf1,0xea,0xd,0xa,0xf1,0xec,0xee,0xeb,0xe0,0xd,0xa,0xf1,0xf2,
  0xe0,0xe4,0xe8,0xff,0xd,0xa,0xf1,0xf2,0xee,0xff,0xed,0xea,0xe0,0xd,0xa,0xf2,
  0xf3,0xef,0xe8,0xea,0xd,0xa,0xe0,0xf0,0xe3,0xf3,0xec,0xe5,0xed,0xf2,0xd,0xa,
  0xe2,0xe5,0xf0,0xee,0xff,0xf2,0xed,0xee,0xf1,0xf2,0xfc,0xd,0xa,0xee,0xe1,0xf3,
  0xe2,0xfc,0xd,0xa,0xef,0xf0,0xe5,0xf2,0xe5,0xed,0xe7,0xe8,0xff,0xd,0xa,0xef,
  0xf0,0xe8,0xe7,0xfb,0xe2,0xd,0xa,0xf0,0xe0,0xf1,0xef,0xf0,0xee,0xf1,0xf2,0xf0,
  0xe0,0xed,0xe5,0xed,0xe8,0xe5,0xd,0xa,0xf2,0xe8,0xe3,0xf0,0xd,0xa,0xf9,0xe5,
  0xed,0xee,0xea,0xd,0xa,0xe0,0xea,0xf6,0xe5,0xed,0xf2,0xd,0xa,0xe7,0xe0,0xe6,
  0xe8,0xe3,0xe0,0xeb,0xea,0xe0,0xd,0xa,0xe1,0xf3,0xea,0xe5,0xf2,0xd,0xa,0xea,
  0xee,0xe4,0xe5,0xea,0xf1,0xd,0xa,0xea,0xee,0xef,0xfc,0xe5,0xd,0xa,0xea,0xf0,
  0xe5,0xe4,0xe8,0xf2,0xd,0xa,0xec,0xe0,0xf2,0xf7,0xd,0xa,0xed,0xe5,0xf2,0xe5,
  0xf0,0xef,0xe5,0xed,0xe8,0xe5,0xd,0xa,0xf1,0xf2,0xe0,0xf0,0xee,0xf1,0xf2,0xe0,
  0xd,0xa,0xfd,0xf8,0xe5,0xeb,0xee,0xed,0xd,0xa,0xe2,0xe8,0xf6,0xe0,0xd,0xa,
  0xe4,0xe8,0xe0,0xe3,0xed,0xee,0xe7,0xd,0xa,0xef,0xf0,0xe5,0xec,0xfc,0xe5,0xf0,
  0xe0,0xd,0xa,0xf0,0xe5,0xe4,0xea,0xee,0xf1,0xf2,0xfc,0xd,0xa,0xf4,0xe5,0xe4,
  0xe5,0xf0,0xe0,0xf6,0xe8,0xff,0xd,0xa,0xf7,0xf3,0xe4,0xee,0xe2,0xe8,0xf9,0xe5,
  0xd,0xa,0xe1,0xe0,0xf1,0xd,0xa,0xe7,0xe5,0xec,0xeb,0xff,0xed,0xe8,0xed,0xd,
  0xa,0xef,0xe5,0xf1,0xe5,0xed,0xea,0xe0,0xd,0xa,0xf1,0xe0,0xed,0xe8,0xd,0xa,
  0xf1,0xea,0xf0,0xe8,0xef,0xea,0xe0,0xd,0xa,0xf1,0xeb,0xee,0xe6,0xed,0xee,0xf1,
  0xf2,0xfc,0xd,0xa,0xf1,0xf2,0xf0,0xee,0xe5,0xed,0xe8,0xe5,0xd,0xa,0xe2,0xe8,
  0xe4,0xe5,0xed,0xe8,0xe5,0xd,0xa,0xe8,0xe7,0xe4,0xe5,0xeb,0xe8,0xe5,0xd,0xa,
  0xf1,0xeb,0xfe,0xed,0xe0,0xd,0xa,0xf1,0xf2,0xf3,0xe4,0xe8,0xff,0xd,0xa,0xe1,
  0xe0,0xe1,0xee,0xf7,0xea,0xe0,0xd,0xa,0xe2,0xe5,0xf1,0xf2,0xfc,0xd,0xa,0xea,
  0xee,0xed,0xf1,0xf2,0xf0,0xf3,0xea,0xf6,0xe8,0xff,0xd,0xa,0xea,0xee,0xed,0xf6,
  0xe5,0xef,0xf6,0xe8,0xff,0xd,0xa,0xee,0xf1,0xee,0xe1,0xed,0xff,0xea,0xd,0xa,
  0xef,0xee,0xe7,0xee,0xf0,0xd,0xa,0xea,0xf3,0xea,0xeb,0xe0,0xd,0xa,0xeb,0xe8,
  0xf1,0xf2,0xe2,0xe0,0xd,0xa,0xee,0xe1,0xec,0xee,0xf0,0xee,0xea,0xd,0xa,0xef,
  0xf0,0xe5,0xe4,0xf7,0xf3,0xe2,0xf1,0xf2,0xe2,0xe8,0xe5,0xd,0xa,0xf0,0xe0,0xe7,
  0xe2,0xe0,0xeb,0xe8,0xed,0xe0,0xd,0xa,0xf2,0xe5,0xf0,0xe0,0xef,0xe8,0xff,0xd,
  0xa,0xf3,0xf7,0xe5,0xe1,0xe0,0xd,0xa,0xea,0xe0,0xed,0xe8,0xf4,0xee,0xeb,0xfc,
  0xd,0xa,0xec,0xe8,0xee,0xec,0xe0,0xd,0xa,0xf1,0xe0,0xec,0xee,0xe2,0xe0,0xf0,
  0xd,0xa,0xec,0xe0,0xf2,0xe5,0xec,0xe0,0xf2,0xe8,0xea,0xe0,0xd,0xa,0xf1,0xee,
  0xe1,0xee,0xf0,0xd,0xa,0xf1,0xee,0xe5,0xe4,0xe8,0xed,0xe5,0xed,0xe8,0xe5,0xd,
  0xa,0xf1,0xfb,0xf0,0xd,0xa,0xe0,0xea,0xf2,0xf0,0xe8,0xf1,0xe0,0xd,0xa,0xe0,
  0xeb,0xea,0xee,0xe3,0xee,0xeb,0xfc,0xd,0xa,0xe8,0xe7,0xec,0xe5,0xf0,0xe5,0xed,
  0xe8,0xe5,0xd,0xa,0xef,0xf0,0xe8,0xe7,0xf0,0xe0,0xea,0xd,0xa,0xf0,0xe0,0xe7,
  0xec,0xe0,0xf5,0xd,0xa,0xe0,0xeb,0xeb,0xe5,0xff,0xd,0xa,0xe2,0xe0,0xeb,0xe5,
  0xed,0xee,0xea,0xd,0xa,0xe8,0xed,0xf2,0xe5,0xf0,0xed,0xe5,0xf2,0xd,0xa,0xef,
  0xe0,0xf0,0xee,0xe2,0xee,0xe7,0xd,0xa,0xef,0xee,0xeb,0xff,0xed,0xe0,0xd,0xa,
  0xf1,0xee,0xeb,0xe4,0xe0,0xf2,0xe8,0xea,0xd,0xa,0xf4,0xe0,0xea,0xf3,0xeb,0xfc,
  0xf2,0xe5,0xf2,0xd,0xa,0xe2,0xfb,0xe5,0xe7,0xe4,0xd,0xa,0xe4,0xe5,0xec,0xee,
  0xea,0xf0,0xe0,0xf2,0xd,0xa,0xe6,0xe8,0xe2,0xee,0xef,0xe8,0xf1,0xfc,0xd,0xa,
  0xea,0xf0,0xee,0xe2,0xee,0xf2,0xe5,0xf7,0xe5,0xed,0xe8,0xe5,0xd,0xa,0xea,0xf3,
  0xef,0xe5,0xf6,0xd,0xa,0xec,0xee,0xf0,0xe0,0xeb,0xfc,0xd,0xa,0xef,0xf0,0xe5,
  0xe4,0xe0,0xf2,0xe5,0xeb,0xfc,0xd,0xa,0xef,0xf1,0xe8,0xf5,0xe8,0xea,0xe0,0xd,
  0xa,0xf1,0xea,0xeb,0xe0,0xe4,0xea,0xe0,0xd,0xa,0xf2,0xf0,0xe5,0xf9,0xe8,0xed,
  0xe0,0xd,0xa,0xea,0xf0,0xe0,0xe9,0xd,0xa,0xe2,0xf0,0xe0,0xf7,0xd,0xa,0xe3,
  0xee,0xf0,0xe0,0xd,0xa,0xec,0xee,0xf0,0xe5,0xd,0xa,0xe7,0xe0,0xea,0xee,0xed,
  0xd,0xa,0xf0,0xee,0xf2,0xe0,0xd,0xa,0xe3,0xee,0xe4,0xd,0xa,0xe2,0xe5,0xf2,
  0xe5,0xf0,0xd,0xa,0xe3,0xee,0xf1,0xf2,0xfc,0xd,0xa,0xea,0xe0,0xec,0xe5,0xed,
  0xfc,0xd,0xa,0xe1,0xeb,0xe8,0xed,0xd,0xa,0xe2,0xe0,0xeb,0xfe,0xf2,0xe0,0xd,
  0xa,0xe3,0xf0,0xf3,0xef,0xef,0xe8,0xf0,0xee,0xe2,0xea,0xe0,0xd,0xa,0xea,0xe0,
  0xe2,0xea,0xe0,0xe7,0xd,0xa,0xec,0xe8,0xf1,0xf1,0xd,0xa,0xed,0xe0,0xe3,0xf0,
  0xf3,0xe7,0xea,0xe0,0xd,0xa,0xed,0xee,0xe7,0xe4,0xf0,0xff,0xd,0xa,0xef,0xe5,
  0xf0,0xe5,0xf6,0xd,0xa,0xf1,0xee,0xf7,0xe5,0xf2,0xe0,0xed,0xe8,0xe5,0xd,0xa,
  0xe2,0xe5,0xf2,0xe5,0xf0,0xee,0xea,0xd,0xa,0xe2,0xee,0xf1,0xf5,0xe8,0xf9,0xe5,
  0xed,0xe8,0xe5,0xd,0xa,0xec,0xe5,0xe4,0xd,0xa,0xef,0xe8,0xf2,0xe5,0xf0,0xd,
  0xa,0xf1,0xe2,0xe5,0xf2,0xe8,0xeb,0xee,0xd,0xa,0xf1,0xee,0xf7,0xf3,0xe2,0xf1,
  0xf2,0xe2,0xe8,0xe5,0xd,0xa,0xe2,0xee,0xf1,0xef,0xf0,0xe8,0xff,0xf2,0xe8,0xe5,
  0xd,0xa,0xe3,0xf0,0xe5,0xea,0xd,0xa,0xea,0xe0,0xe7,0xed,0xfc,0xd,0xa,0xed,
  0xee,0xec,0xe5,0xed,0xea,0xeb,0xe0,0xf2,0xf3,0xf0,0xe0,0xd,0xa,0xef,0xee,0xf2,
  0xee,0xec,0xee,0xea,0xd,0xa,0xf0,0xee,0xf9,0xe0,0xd,0xa,0xf1,0xe0,0xeb,0xee,
  0xd,0xa,0xf2,0xf0,0xee,0xef,0xe0,0xd,0xa,0xf3,0xf1,0xec,0xe5,0xf8,0xea,0xe0,
  0xd,0xa,0xe3,0xee,0xf1,0xef,0xee,0xe6,0xe0,0xd,0xa,0xe5,0xe4,0xe8,0xed,0xe8,
  0xf6,0xe0,0xd,0xa,0xe7,0xe0,0xf9,0xe8,0xf2,0xed,0xe8,0xea,0xd,0xa,0xf0,0xe5,
  0xe3,0xe8,0xee,0xed,0xd,0xa,0xf1,0xe0,0xed,0xe8,0xf2,0xe0,0xf0,0xd,0xa,0xf1,
  0xe5,0xea,0xf2,0xee,0xf0,0xd,0xa,0xf1,0xf1,0xfb,0xeb,0xea,0xe0,0xd,0xa,0xe7,
  0xe0,0xe2,0xe5,0xe4,0xf3,0xfe,0xf9,0xe8,0xe9,0xd,0xa,0xe8,0xed,0xe8,0xf6,0xe8,
  0xe0,0xf2,0xe8,0xe2,0xe0,0xd,0xa,0xea,0xef,0xf1,0xf1,0xd,0xa,0xed,0xe5,0xef,
  0xf0,0xe0,0xe2,0xe4,0xe0,0xd,0xa,0xef,0xe5,0xf0,0xe5,0xf1,0xf2,0xf0,0xee,0xe9,
  0xea,0xe0,0xd,0xa,0xe2,0xfb,0xef,0xf3,0xf1,0xea,0xd,0xa,0xeb,0xff,0xd,0xa,
  0xec,0xe0,0xe3,0xe8,0xff,0xd,0xa,0xf0,0xe0,0xe7,0xe2,0xee,0xe4,0xd,0xa,0xf1,
  0xe8,0xec,0xe2,0xee,0xeb,0xd,0xa,0xf5,0xe8,0xf0,0xf3,0xf0,0xe3,0xd,0xa,0xe3,
  0xf0,0xee,0xe7,0xe0,0xd,0xa,0xe3,0xf0,0xf3,0xf8,0xe0,0xd,0xa,0xea,0xe8,0xf1,
  0xeb,0xee,0xf0,0xee,0xe4,0xd,0xa,0xf0,0xee,0xea,0xd,0xa,0xf3,0xe4,0xe0,0xe2,
  0xd,0xa,0xf8,0xe0,0xf5,0xf2,0xe0,0xd,0xa,0xff,0xe7,0xe2,0xe0,0xd,0xa,0xee,
  0xe1,0xee,0xf0,0xf3,0xe4,0xee,0xe2,0xe0,0xed,0xe8,0xe5,0xd,0xa,0xef,0xf3,0xe1,
  0xeb,0xe8,0xea,0xe0,0xf6,0xe8,0xff,0xd,0xa,0xef,0xf3,0xeb,0xfc,0xf2,0xd,0xa,
  0xf0,0xe0,0xf1,0xf1,0xeb,0xe5,0xe4,0xee,0xe2,0xe0,0xed,0xe8,0xe5,0xd,0xa,0xe1,
  0xe8,0xf2,0xe2,0xe0,0xd,0xa,0xe2,0xee,0xe7,0xed,0xe8,0xea,0xed,0xee,0xe2,0xe5,
  0xed,0xe8,0xe5,0xd,0xa,0xe3,0xee,0xf0,0xe5,0xf7,0xfc,0xd,0xa,0xe6,0xe8,0xeb,
  0xe5,0xf6,0xd,0xa,0xef,0xe0,0xed,0xe8,0xea,0xe0,0xd,0xa,0xf4,0xee,0xed,0xf2,
  0xe0,0xed,0xd,0xa,0xe2,0xe8,0xe4,0xe8,0xec,0xee,0xf1,0xf2,0xfc,0xd,0xa,0xec,
  0xf3,0xe4,0xf0,0xee,0xf1,0xf2,0xfc,0xd,0xa,0xef,0xe0,0xf0,0xe5,0xed,0xe5,0xea,
  0xd,0xa,0xef,0xee,0xe3,0xee,0xed,0xd,0xa,0xf1,0xe5,0xec,0xe5,0xe9,0xf1,0xf2,
  0xe2,0xee,0xd,0xa,0xf3,0xf1,0xf2,0xe0,0xe2,0xd,0xa,0xf6,0xe0,0xf0,0xf1,0xf2,
  0xe2,0xee,0xd,0xa,0xe2,0xe5,0xf0,0xe0,0xed,0xe4,0xe0,0xd,0xa,0xef,0xf0,0xee,
  0xea,0xf3,0xf0,0xe0,0xf2,0xf3,0xf0,0xe0,0xd,0xa,0xf0,0xe0,0xe2,0xed,0xee,0xe2,
  0xe5,0xf1,0xe8,0xe5,0xd,0xa,0xf1,0xea,0xf3,0xea,0xe0,0xd,0xa,0xf1,0xf2,0xee,
  0xed,0xd,0xa,0xf2,0xee,0xf0,0xe6,0xe5,0xf1,0xf2,0xe2,0xee,0xd,0xa,0xf7,0xf3,
  0xe4,0xe0,0xea,0xd,0xa,0xec,0xe5,0xf1,0xf2,0xe5,0xf7,0xea,0xee,0xd,0xa,0xee,
  0xe1,0xe5,0xf9,0xe0,0xed,0xe8,0xe5,0xd,0xa,0xef,0xf0,0xe8,0xeb,0xe0,0xe2,0xee,
  0xea,0xd,0xa,0xf3,0xea,0xe0,0xe7,0xd,0xa,0xe2,0xee,0xee,0xf0,0xf3,0xe6,0xe5,
  0xed,0xe8,0xe5,0xd,0xa,0xea,0xeb,0xe8,0xf7,0xea,0xe0,0xd,0xa,0xef,0xe0,0xe7,
  0xf3,0xf5,0xe0,0xd,0xa,0xf0,0xe5,0xeb,0xe8,0xe3,0xe8,0xff,0xd,0xa,0xe2,0xee,
  0xf1,0xf1,0xf2,0xe0,0xed,0xee,0xe2,0xeb,0xe5,0xed,0xe8,0xe5,0xd,0xa,0xec,0xee,
  0xeb,0xe8,0xf2,0xe2,0xe0,0xd,0xa,0xee,0xf2,0xe2,0xf0,0xe0,0xf9,0xe5,0xed,0xe8,
  0xe5,0xd,0xa,0xee,0xf7,0xe5,0xf0,0xe5,0xe4,0xfc,0xd,0xa,0xe7,0xf3,0xe1,0xd,
  0xa,0xf1,0xee,0xf1,0xf2,0xee,0xff,0xed,0xe8,0xe5,0xd,0xa,0xe0,0xf0,0xec,0xe8,
  0xff,0xd,0xa,0xef,0xe8,0xf1,0xe0,0xf2,0xe5,0xeb,0xfc,0xd,0xa,0xee,0xe3,0xee,
  0xed,0xfc,0xd,0xa,0xe4,0xff,0xe4,0xff,0xd,0xa,0xe3,0xf3,0xe1,0xe0,0xd,0xa,
  0xed,0xe5,0xec,0xe5,0xf6,0xd,0xa,0xea,0xe0,0xf0,0xec,0xe0,0xed,0xd,0xa,0xe2,
  0xe5,0xea,0xd,0xa,0xf7,0xe5,0xf0,0xed,0xfb,0xe9,0xd,0xa,0xf3,0xe3,0xee,0xeb,
  0xd,0xa,0xe3,0xf0,0xf3,0xe4,0xfc,0xd,0xa,0xee,0xe1,0xf9,0xe5,0xf1,0xf2,0xe2,
  0xee,0xd,0xa,0xe2,0xee,0xe7,0xec,0xee,0xe6,0xed,0xee,0xf1,0xf2,0xfc,0xd,0xa,
  0xec,0xee,0xf2,0xe8,0xe2,0xd,0xa,0xef,0xeb,0xe0,0xf1,0xf2,0xe8,0xed,0xea,0xe0,
  0xd,0xa,0xe7,0xe0,0xf0,0xff,0xe4,0xd,0xa,0xf0,0xe5,0xe1,0xf0,0xee,0xd,0xa,
  0xf1,0xf3,0xf1,0xf2,0xe0,0xe2,0xd,0xa,0xf5,0xf0,0xe5,0xe1,0xe5,0xf2,0xd,0xa,
  0xe8,0xe7,0xf3,0xf7,0xe5,0xed,0xe8,0xe5,0xd,0xa,0xef,0xe5,0xf5,0xee,0xf2,0xe0,
  0xd,0xa,0xef,0xf0,0xe0,0xe2,0xe8,0xf2,0xe5,0xeb,0xfc,0xd,0xa,0xef,0xff,0xf2,
  0xee,0xea,0xd,0xa,0xe8,0xed,0xf1,0xf2,0xe8,0xed,0xea,0xf2,0xd,0xa,0xea,0xf0,
  0xe0,0xf1,0xe0,0xe2,0xe5,0xf6,0xd,0xa,0xec,0xe0,0xf2,0xea,0xe0,0xd,0xa,0xec,
  0xe8,0xed,0xf3,0xf2,0xea,0xe0,0xd,0xa,0xef,0xf0,0xee,0xf2,0xff,0xe6,0xe5,0xed,
  0xe8,0xe5,0xd,0xa,0xe1,0xe0,0xf1,0xf1,0xe5,0xe9,0xed,0xd,0xa,0xe7,0xe0,0xf0,
  0xff,0xd,0xa,0xec,0xe5,0xf2,0xee,0xe4,0xd,0xa,0xf7,0xe5,0xeb,0xee,0xe2,0xe5,
  0xf7,0xe5,0xea,0xd,0xa,0xe2,0xe8,0xf1,0xea,0xe8,0xd,0xa,0xea,0xee,0xed,0xf4,
  0xe5,0xf2,0xe0,0xd,0xa,0xf1,0xe5,0xf2,0xea,0xe0,0xd,0xa,0xf8,0xe0,0xf0,0xe8,
  0xea,0xd,0xa,0xe2,0xe8,0xf1,0xee,0xea,0xd,0xa,0xe3,0xeb,0xe8,0xed,0xe0,0xd,
  0xa,0xea,0xe0,0xf2,0xe5,0xf0,0xd,0xa,0xec,0xf3,0xed,0xe4,0xe8,0xf0,0xd,0xa,
  0xef,0xe0,0xe4,0xe0,0xeb,0xfc,0xd,0xa,0xef,0xee,0xeb,0xfc,0xf8,0xe0,0xd,0xa,
  0xef,0xee,0xf7,0xea,0xe0,0xd,0xa,0xef,0xf0,0xee,0xf4,0xe5,0xf1,0xf1,0xe8,0xee,
  0xed,0xe0,0xeb,0xd,0xa,0xf0,0xe0,0xe9,0xea,0xee,0xec,0xd,0xa,0xe4,0xf0,0xff,
  0xed,0xfc,0xd,0xa,0xef,0xee,0xed,0xe5,0xe4,0xe5,0xeb,0xfc,0xed,0xe8,0xea,0xd,
  0xa,0xf0,0xe0,0xf1,0xf1,0xf3,0xe6,0xe4,0xe5,0xed,0xe8,0xe5,0xd,0xa,0xf4,0xee,
  0xed,0xe0,0xf0,0xe8,0xea,0xd,0xa,0xef,0xee,0xf0,0xf6,0xe8,0xff,0xd,0xa,0xf1,
  0xee,0xf0,0xf2,0xd,0xa,0xf5,0xee,0xf5,0xee,0xf2,0xd,0xa,0xef,0xee,0xe4,0xe0,
  0xf2,0xfc,0xd,0xa,0xef,0xf0,0xee,0xe2,0xe5,0xe4,0xe5,0xed,0xe8,0xe5,0xd,0xa,
  0xef,0xf0,0xee,0xe2,0xe8,0xed,0xf6,0xe8,0xff,0xd,0xa,0xef,0xf0,0xee,0xf9,0xe5,
  0xed,0xe8,0xe5,0xd,0xa,0xf0,0xf4,0xd,0xa,0xf1,0xf2,0xf0,0xee,0xf7,0xee,0xea,
  0xd,0xa,0xef,0xe5,0xef,0xe5,0xeb,0xd,0xa,0xef,0xf0,0xee,0xe1,0xea,0xe0,0xd,
  0xa,0xf2,0xe0,0xe1,0xf3,0xf0,0xe5,0xf2,0xea,0xe0,0xd,0xa,0xf2,0xf0,0xe0,0xed,
  0xf8,0xe5,0xff,0xd,0xa,0xee,0xe1,0xee,0xf7,0xe8,0xed,0xe0,0xd,0xa,0xf1,0xf2,
  0xe0,0xff,0xd,0xa,0xf3,0xed,0xe8,0xf7,0xf2,0xee,0xe6,0xe5,0xed,0xe8,0xe5,0xd,
  0xa,0xf3,0xf1,0xe0,0xe4,0xfc,0xe1,0xe0,0xd,0xa,0xf5,0xf3,0xe4,0xee,0xd,0xa,
  0xef,0xeb,0xee,0xf2,0xfc,0xd,0xa,0xf3,0xe1,0xe5,0xe6,0xe4,0xe5,0xed,0xe8,0xe5,
  0xd,0xa,0xe1,0xe0,0xed,0xe4,0xe0,0xd,0xa,0xe8,0xed,0xf4,0xe5,0xea,0xf6,0xe8,
  0xff,0xd,0xa,0xed,0xe8,0xf2,0xea,0xe0,0xd,0xa,0xee,0xe1,0xf0,0xfb,0xe2,0xd,
  0xa,0xef,0xeb,0xe0,0xea,0xe0,0xf2,0xd,0xa,0xef,0xee,0xf1,0xe0,0xe4,0xea,0xe0,
  0xd,0xa,0xf4,0xee,0xf0,0xec,0xe0,0xd,0xa,0xe4,0xe2,0xee,0xf0,0xd,0xa,0xf1,
  0xec,0xfb,0xf1,0xeb,0xd,0xa,0xf1,0xee,0xed,0xd,0xa,0xf1,0xed,0xe5,0xe3,0xd,
  0xa,0xe4,0xe5,0xf0,0xe5,0xe2,0xee,0xd,0xa,0xf1,0xee,0xe1,0xe0,0xea,0xe0,0xd,
  0xa,0xef,0xee,0xec,0xee,0xf9,0xfc,0xd,0xa,0xe3,0xe0,0xe7,0xe5,0xf2,0xe0,0xd,
  0xa,0xee,0xf2,0xe2,0xe5,0xf2,0xd,0xa,0xe2,0xe0,0xeb,0xd,0xa,0xec,0xe5,0xeb,
  0xee,0xe4,0xe8,0xff,0xd,0xa,0xf4,0xee,0xf0,0xec,0xe8,0xf0,0xee,0xe2,0xe0,0xed,
  0xe8,0xe5,0xd,0xa,0xff,0xef,0xee,0xed,0xe5,0xf6,0xd,0xa,0xe2,0xe2,0xe5,0xe4,
  0xe5,0xed,0xe8,0xe5,0xd,0xa,0xe3,0xee,0xeb,0xf3,0xe1,0xee,0xea,0xd,0xa,0xec,
  0xe5,0xe4,0xf1,0xe5,0xf1,0xf2,0xf0,0xe0,0xd,0xa,0xee,0xea,0xf0,0xf3,0xe3,0xd,
  0xa,0xef,0xe0,0xd,0xa,0xef,0xe5,0xf0,0xe5,0xe2,0xee,0xe4,0xf7,0xe8,0xea,0xd,
  0xa,0xef,0xf0,0xe5,0xe7,0xf0,0xe5,0xed,0xe8,0xe5,0xd,0xa,0xef,0xf0,0xe5,0xeb,
  0xe5,0xf1,0xf2,0xfc,0xd,0xa,0xf0,0xe8,0xf2,0xec,0xd,0xa,0xf3,0xe4,0xee,0xe2,
  0xeb,0xe5,0xf2,0xe2,0xee,0xf0,0xe5,0xed,0xe8,0xe5,0xd,0xa,0xe4,0xf0,0xee,0xe2,
  0xee,0xf1,0xe5,0xea,0xd,0xa,0xed,0xe5,0xe3,0xf0,0xd,0xa,0xec,0xe0,0xeb,0xee,
  0xf1,0xf2,0xfc,0xd,0xa,0xef,0xf0,0xee,0xe2,0xe0,0xeb,0xd,0xa,0xe8,0xea,0xee,
  0xed,0xe0,0xd,0xa,0xec,0xe5,0xf1,0xf2,0xed,0xee,0xf1,0xf2,0xfc,0xd,0xa,0xef,
  0xf0,0xee,0xe3,0xed,0xee,0xe7,0xd,0xa,0xf1,0xfa,0xe5,0xec,0xea,0xe0,0xd,0xa,
  0xea,0xf0,0xfb,0xf1,0xe0,0xd,0xa,0xee,0xf1,0xe2,0xee,0xe1,0xee,0xe6,0xe4,0xe5,
  0xed,0xe8,0xe5,0xd,0xa,0xe3,0xf0,0xe0,0xf4,0xe0,0xd,0xa,0xea,0xe0,0xec,0xef,
  0xe0,0xed,0xe8,0xff,0xd,0xa,0xed,0xe5,0xe3,0xee,0xe4,0xff,0xe9,0xd,0xa,0xf1,
  0xea,0xe0,0xf2,0xe5,0xf0,0xf2,0xfc,0xd,0xa,0xea,0xe0,0xf1,0xf1,0xe0,0xd,0xa,
  0xe2,0xe8,0xe7,0xe3,0xd,0xa,0xe4,0xfb,0xec,0xee,0xea,0xd,0xa,0xee,0xf4,0xe8,
  0xf1,0xd,0xa,0xef,0xee,0xe2,0xe0,0xf0,0xd,0xa,0xe1,0xfb,0xf2,0xe8,0xe5,0xd,
  0xa,0xe8,0xea,0xf0,0xe0,0xd,0xa,0xe8,0xf1,0xf2,0xee,0xf0,0xe8,0xea,0xd,0xa,
  0xea,0xee,0xe7,0xe0,0xd,0xa,0xe1,0xe0,0xf0,0xfc,0xe5,0xf0,0xd,0xa,0xe4,0xfb,
  0xf0,0xea,0xe0,0xd,0xa,0xe7,0xe0,0xf0,0xee,0xf1,0xeb,0xfc,0xd,0xa,0xe8,0xf1,
  0xef,0xf3,0xe3,0xd,0xa,0xec,0xe0,0xf2,0xf3,0xf8,0xea,0xe0,0xd,0xa,0xe2,0xf1,
  0xe0,0xe4,0xed,0xe8,0xea,0xd,0xa,0xef,0xee,0xf0,0xff,0xe4,0xee,0xea,0xd,0xa,
  0xe4,0xe2,0xe8,0xe6,0xe5,0xed,0xe8,0xe5,0xd,0xa,0xec,0xf3,0xe6,0xd,0xa,0xe3,
  0xf0,0xf3,0xef,0xef,0xe0,0xd,0xa,0xf2,0xf0,0xf3,0xe4,0xd,0xa,0xec,0xee,0xec,
  0xe5,0xed,0xf2,0xd,0xa,0xe3,0xe5,0xed,0xe5,0xf0,0xe0,0xeb,0xd,0xa,0xf1,0xe5,
  0xec,0xfc,0xff,0xd,0xa,0xef,0xee,0xea,0xf3,0xef,0xe0,0xf2,0xe5,0xeb,0xfc,0xd,
  0xa,0xea,0xe0,0xef,0xe8,0xf2,0xe0,0xeb,0xe8,0xe7,0xec,0xd,0xa,0xef,0xee,0xeb,
  0xee,0xf1,0xea,0xe0,0xd,0xa,0xef,0xf0,0xe5,0xe4,0xef,0xee,0xeb,0xee,0xe6,0xe5,
  0xed,0xe8,0xe5,0xd,0xa,0xf0,0xe0,0xe1,0xee,0xf7,0xe8,0xe9,0xd,0xa,0xe1,0xe0,
  0xea,0xd,0xa,0xe1,0xf0,0xfe,0xf5,0xee,0xd,0xa,0xe3,0xf0,0xe0,0xec,0xec,0xd,
  0xa,0xef,0xe5,0xf7,0xe0,0xeb,0xfc,0xd,0xa,0xef,0xe8,0xeb,0xee,0xf2,0xd,0xa,
  0xef,0xf0,0xee,0xef,0xe0,0xf1,0xf2,0xfc,0xd,0xa,0xf1,0xe0,0xeb,0xee,0xed,0xd,
  0xa,0xf1,0xe0,0xed,0xf2,0xe8,0xec,0xe5,0xf2,0xf0,0xd,0xa,0xf1,0xe5,0xea,0xf0,
  0xe5,0xf2,0xe0,0xf0,0xf8,0xe0,0xd,0xa,0xf1,0xe5,0xec,0xff,0xd,0xa,0xe1,0xe0,
  0xf2,0xfe,0xf8,0xea,0xe0,0xd,0xa,0xe1,0xe5,0xf0,0xe5,0xe7,0xe0,0xd,0xa,0xe7,
  0xec,0xe5,0xe9,0xd,0xa,0xf2,0xee,0xeb,0xf7,0xee,0xea,0xd,0xa,0xea,0xee,0xed,
  0xea,0xf3,0xf0,0xf1,0xd,0xa,0xea,0xee,0xef,0xfb,0xf2,0xee,0xd,0xa,0xf2,0xe0,
  0xed,0xf6,0xee,0xf0,0xd,0xa,0xf3,0xf2,0xe2,0xe5,0xf0,0xe6,0xe4,0xe5,0xed,0xe8,
  0xe5,0xd,0xa,0xf4,0xe8,0xe3,0xf3,0xf0,0xea,0xe0,0xd,0xa,0xf7,0xe8,0xf1,0xf2,
  0xee,0xf2,0xe0,0xd,0xa,0xe1,0xfb,0xf2,0xd,0xa,0xee,0xe4,0xe5,0xf1,0xf1,0xe0,
  0xd,0xa,0xf0,0xe0,0xe7,0xe1,0xee,0xe9,0xed,0xe8,0xea,0xd,0xa,0xf2,0xe0,0xe1,
  0xeb,0xe5,0xf2,0xea,0xe0,0xd,0xa,0xe7,0xeb,0xee,0xe1,0xe0,0xd,0xa,0xed,0xe0,
  0xe1,0xee,0xf0,0xd,0xa,0xee,0xf2,0xe2,0xe5,0xf0,0xf1,0xf2,0xe8,0xe5,0xd,0xa,
  0xe8,0xed,0xf2,0xee,0xed,0xe0,0xf6,0xe8,0xff,0xd,0xa,0xec,0xe8,0xeb,0xee,0xf1,
  0xf2,0xfc,0xd,0xa,0xee,0xe1,0xe8,0xf2,0xe0,0xf2,0xe5,0xeb,0xfc,0xd,0xa,0xf1,
  0xe2,0xff,0xf9,0xe5,0xed,0xed,0xe8,0xea,0xd,0xa,0xf1,0xed,0xe8,0xec,0xee,0xea,
  0xd,0xa,0xe1,0xeb,0xee,0xea,0xed,0xee,0xf2,0xd,0xa,0xe2,0xe5,0xea,0xee,0xd,
  0xa,0xea,0xf3,0xe7,0xfc,0xec,0xe8,0xf7,0xd,0xa,0xeb,0xee,0xe7,0xf3,0xed,0xe3,
  0xd,0xa,0xed,0xe5,0xf3,0xe4,0xe0,0xf7,0xe0,0xd,0xa,0xef,0xee,0xea,0xee,0xe9,
  0xed,0xe8,0xea,0xd,0xa,0xf1,0xe5,0xe7,0xee,0xed,0xd,0xa,0xfd,0xf1,0xf2,0xee,
  0xed,0xe8,0xff,0xd,0xa,0xef,0xf0,0xee,0xf1,0xf2,0xee,0xf0,0xd,0xa,0xef,0xf0,
  0xf3,0xe4,0xd,0xa,0xf7,0xe5,0xef,0xf3,0xf5,0xe0,0xd,0xa,0xe3,0xed,0xe5,0xe7,
  0xe4,0xee,0xd,0xa,0xe4,0xee,0xe7,0xe0,0xd,0xa,0xea,0xe0,0xe7,0xe0,0xea,0xd,
  0xa,0xea,0xee,0xed,0xf4,0xe5,0xf0,0xe5,0xed,0xf6,0xe8,0xff,0xd,0xa,0xee,0xe4,
  0xe8,0xed,0xee,0xf7,0xea,0xe0,0xd,0xa,0xef,0xeb,0xe5,0xed,0xea,0xe0,0xd,0xa,
  0xef,0xf0,0xee,0xe4,0xe0,0xe2,0xe5,0xf6,0xd,0xa,0xf8,0xeb,0xe5,0xec,0xd,0xa,
  0xe2,0xee,0xe9,0xd,0xa,0xea,0xf3,0xe7,0xee,0xe2,0xd,0xa,0xef,0xe0,0xf0,0xf2,
  0xed,0xe5,0xf0,0xd,0xa,0xe7,0xe0,0xed,0xe0,0xe2,0xe5,0xf1,0xea,0xe0,0xd,0xa,
  0xea,0xee,0xf0,0xe7,0xe8,0xed,0xe0,0xd,0xa,0xee,0xe3,0xf3,0xf0,0xe5,0xf6,0xd,
  0xa,0xef,0xe0,0xf6,0xe0,0xed,0xd,0xa,0xef,0xe5,0xe9,0xe7,0xe0,0xe6,0xd,0xa,
  0xef,0xee,0xf0,0xee,0xe4,0xe0,0xd,0xa,0xef,0xee,0xfd,0xe7,0xe8,0xff,0xd,0xa,
  0xf2,0xe5,0xf0,0xef,0xe5,0xed,0xe8,0xe5,0xd,0xa,0xe1,0xe5,0xf0,0xe5,0xe3,0xd,
  0xa,0xf7,0xf3,0xe2,0xf1,0xf2,0xe2,0xee,0xd,0xa,0xe0,0xfd,0xf0,0xee,0xe4,0xf0,
  0xee,0xec,0xd,0xa,0xf0,0xe0,0xf1,0xf1,0xf2,0xf0,0xee,0xe9,0xf1,0xf2,0xe2,0xee,
  0xd,0xa,0xec,0xff,0xf7,0xd,0xa,0xee,0xea,0xf3,0xf0,0xee,0xea,0xd,0xa,0xf4,
  0xe8,0xeb,0xee,0xf1,0xee,0xf4,0xd,0xa,0xe2,0xe7,0xe4,0xee,0xf5,0xd,0xa,0xea,
  0xee,0xec,0xe0,0xed,0xe4,0xee,0xe2,0xe0,0xed,0xe8,0xe5,0xd,0xa,0xef,0xee,0xf1,
  0xee,0xeb,0xfc,0xf1,0xf2,0xe2,0xee,0xd,0xa,0xf2,0xf0,0xee,0xe9,0xea,0xe0,0xd,
  0xa,0xf4,0xee,0xf0,0xec,0xf3,0xeb,0xe0,0xd,0xa,0xfd,0xec,0xee,0xf6,0xe8,0xff,
  0xd,0xa,0xe3,0xee,0xeb,0xf3,0xe1,0xf7,0xe8,0xea,0xd,0xa,0xf1,0xe5,0xe4,0xeb,
  0xee,0xd,0xa,0xea,0xee,0xeb,0xd,0xa,0xea,0xee,0xf2,0xe5,0xed,0xee,0xea,0xd,
  0xa,0xef,0xee,0xf0,0xee,0xf8,0xee,0xea,0xd,0xa,0xe3,0xf0,0xe0,0xed,0xe0,0xf2,
  0xe0,0xd,0xa,0xe8,0xe4,0xe5,0xee,0xeb,0xee,0xe3,0xe8,0xff,0xd,0xa,0xf1,0xec,
  0xe5,0xf1,0xfc,0xd,0xa,0xf3,0xef,0xee,0xf0,0xd,0xa,0xf3,0xf7,0xe5,0xe1,0xed,
  0xe8,0xea,0xd,0xa,0xe4,0xee,0xf1,0xe0,0xe4,0xe0,0xd,0xa,0xe7,0xf0,0xe5,0xeb,
  0xe8,0xf9,0xe5,0xd,0xa,0xec,0xe0,0xe4,0xe0,0xec,0xd,0xa,0xf2,0xf0,0xe0,0xf1,
  0xf1,0xe0,0xd,0xa,0xf0,0xe0,0xe7,0xec,0xfb,0xf8,0xeb,0xe5,0xed,0xe8,0xe5,0xd,
  0xa,0xf1,0xf2,0xf3,0xef,0xe5,0xed,0xfc,0xd,0xa,0xef,0xee,0xe1,0xe5,0xe3,0xd,
  0xa,0xf3,0xf7,0xe5,0xed,0xe8,0xe5,0xd,0xa,0xec,0xe0,0xf2,0xe5,0xf0,0xe8,0xff,
  0xd,0xa,0xec,0xfb,0xf8,0xfc,0xd,0xa,0xf2,0xee,0xed,0xed,0xe0,0xd,0xa,0xf4,
  0xee,0xea,0xf3,0xf1,0xd,0xa,0xee,0xe3,0xf0,0xe0,0xe4,0xe0,0xd,0xa,0xf4,0xfe,
  0xf0,0xe5,0xf0,0xd,0xa,0xff,0xe3,0xee,0xe4,0xe0,0xd,0xa,0xe1,0xe0,0xf8,0xea,
  0xe0,0xd,0xa,0xe1,0xf3,0xf0,0xff,0xd,0xa,0xef,0xe8,0xee,0xed,0xe5,0xf0,0xd,
  0xa,0xef,0xf0,0xe8,0xe3,0xeb,0xe0,0xf8,0xe5,0xed,0xe8,0xe5,0xd,0xa,0xef,0xf0,
  0xe8,0xe3,0xee,0xe2,0xee,0xf0,0xd,0xa,0xf4,0xe8,0xeb,0xee,0xf1,0xee,0xf4,0xe8,
  0xff,0xd,0xa,0xf8,0xe5,0xf0,0xf1,0xf2,0xfc,0xd,0xa,0xea,0xee,0xef,0xe8,0xff,
  0xd,0xa,0xea,0xf3,0xef,0xee,0xeb,0xd,0xa,0xed,0xe5,0xee,0xe6,0xe8,0xe4,0xe0,
  0xed,0xed,0xee,0xf1,0xf2,0xfc,0xd,0xa,0xf0,0xe0,0xec,0xe0,0xd,0xa,0xf0,0xe0,
  0xf1,0xef,0xee,0xeb,0xee,0xe6,0xe5,0xed,0xe8,0xe5,0xd,0xa,0xf2,0xf0,0xee,0xef,
  0xe8,0xed,0xea,0xe0,0xd,0xa,0xf3,0xf5,0xee,0xd,0xa,0xea,0xe0,0xef,0xe8,0xf2,
  0xe0,0xed,0xd,0xa,0xe2,0xed,0xe8,0xec,0xe0,0xed,0xe8,0xe5,0xd,0xa,0xed,0xee,
  0xf1,0xd,0xa,0xec,0xf3,0xe6,0xf7,0xe8,0xed,0xe0,0xd,0xa,0xf8,0xe0,0xe3,0xd,
  0xa,0xf0,0xe5,0xe1,0xff,0xf2,0xe0,0xd,0xa,0xed,0xe5,0xe4,0xe5,0xeb,0xff,0xd,
  0xa,0xf1,0xee,0xeb,0xed,0xf6,0xe5,0xd,0xa,0xea,0xf0,0xee,0xe2,0xfc,0xd,0xa,
  0xef,0xe0,0xf0,0xe5,0xed,0xfc,0xd,0xa,0xf8,0xea,0xee,0xeb,0xe0,0xd,0xa,0xec,
  0xfd,0xf0,0xd,0xa,0xed,0xea,0xe2,0xe4,0xd,0xa,0xee,0xe1,0xe2,0xe8,0xed,0xe5,
  0xed,0xe8,0xe5,0xd,0xa,0xee,0xf4,0xe8,0xf6,0xe8,0xe0,0xed,0xf2,0xd,0xa,0xef,
  0xf0,0xee,0xef,0xe0,0xe3,0xe0,0xed,0xe4,0xe0,0xd,0xa,0xf0,0xfe,0xea,0xe7,0xe0,
  0xea,0xd,0xa,0xf8,0xea,0xee,0xeb,0xfc,0xed,0xe8,0xea,0xd,0xa,0xef,0xee,0xf5,
  0xee,0xf0,0xee,0xed,0xfb,0xd,0xa,0xf0,0xe5,0xf1,0xf3,0xf0,0xf1,0xd,0xa,0xf1,
  0xf6,0xe5,0xed,0xe0,0xf0,0xe8,0xe9,0xd,0xa,0xe4,0xeb,0xe8,0xed,0xe0,0xd,0xa,
  0xe8,0xe7,0xf3,0xec,0xeb,0xe5,0xed,0xe8,0xe5,0xd,0xa,0xea,0xee,0xf2,0xe5,0xeb,
  0xd,0xa,0xee,0xf2,0xf0,0xe0,0xe6,0xe5,0xed,0xe8,0xe5,0xd,0xa,0xec,0xf0,0xe0,
  0xea,0xd,0xa,0xf1,0xf3,0xea,0xd,0xa,0xf2,0xf0,0xe0,0xe2,0xec,0xe0,0xd,0xa,
  0xea,0xe0,0xef,0xf3,0xf1,0xf2,0xe0,0xd,0xa,0xed,0xf3,0xeb,0xfc,0xd,0xa,0xf1,
  0xee,0xee,0xf2,0xe2,0xe5,0xf2,0xf1,0xf2,0xe2,0xe8,0xe5,0xd,0xa,0xe7,0xe5,0xec,
  0xeb,0xff,0xed,0xea,0xe0,0xd,0xa,0xf4,0xf0,0xe0,0xed,0xf6,0xf3,0xe7,0xd,0xa,
  0xec,0xe5,0xe4,0xe8,0xf6,0xe8,0xed,0xe0,0xd,0xa,0xed,0xe5,0xf4,0xf2,0xfc,0xd,
  0xa,0xee,0xe1,0xec,0xe0,0xed,0xd,0xa,0xef,0xee,0xf0,0xfb,0xe2,0xd,0xa,0xef,
  0xf0,0xee,0xf2,0xe8,0xe2,0xee,0xf0,0xe5,0xf7,0xe8,0xe5,0xd,0xa,0xe3,0xf0,0xee,
  0xec,0xd,0xa,0xe5,0xeb,0xea,0xe0,0xd,0xa,0xe7,0xe0,0xe3,0xee,0xe2,0xee,0xf0,
  0xd,0xa,0xf0,0xe5,0xe1,0xff,0xf2,0xe8,0xf8,0xea,0xe8,0xd,0xa,0xe1,0xee,0xe5,
  0xe2,0xe8,0xea,0xd,0xa,0xee,0xf7,0xe0,0xe3,0xd,0xa,0xe2,0xe5,0xf0,0xee,0xed,
  0xe8,0xea,0xe0,0xd,0xa,0xe2,0xee,0xef,0xeb,0xfc,0xd,0xa,0xea,0xf0,0xfe,0xf7,
  0xee,0xea,0xd,0xa,0xf0,0xee,0xf1,0xe0,0xd,0xa,0xe1,0xe5,0xed,0xe7,0xe8,0xed,
  0xd,0xa,0xe8,0xed,0xe2,0xe0,0xeb,0xe8,0xe4,0xd,0xa,0xe3,0xf3,0xf1,0xfc,0xd,
  0xa,0xee,0xf2,0xf2,0xe5,0xed,0xee,0xea,0xd,0xa,0xef,0xf0,0xe5,0xe1,0xfb,0xe2,
  0xe0,0xed,0xe8,0xe5,0xd,0xa,0xf1,0xf3,0xe5,0xf2,0xe0,0xd,0xa,0xe7,0xe0,0xe3,
  0xe0,0xe4,0xea,0xe0,0xd,0xa,0xef,0xe0,0xf6,0xe8,0xe5,0xed,0xf2,0xd,0xa,0xf5,
  0xe0,0xf2,0xe0,0xd,0xa,0xe4,0xe8,0xf1,0xea,0xd,0xa,0xf2,0xee,0xec,0xd,0xa,
  0xf2,0xee,0xed,0xff,0xd,0xa,0xff,0xea,0xd,0xa,0xed,0xe0,0xf7,0xe0,0xeb,0xfc,
  0xed,0xe8,0xea,0xd,0xa,0xf5,0xee,0xe7,0xff,0xe8,0xed,0xd,0xa,0xf1,0xee,0xeb,
  0xe4,0xe0,0xf2,0xd,0xa,0xeb,0xfe,0xe1,0xee,0xe2,0xfc,0xd,0xa,0xea,0xe2,0xe0,
  0xf0,0xf2,0xe8,0xf0,0xe0,0xd,0xa,0xf1,0xe8,0xf1,0xf2,0xe5,0xec,0xe0,0xd,0xa,
  0xec,0xeb,0xe0,0xe4,0xe5,0xed,0xe5,0xf6,0xd,0xa,0xed,0xe5,0xe7,0xed,0xe0,0xea,
  0xee,0xec,0xe5,0xf6,0xd,0xa,0xee,0xe1,0xeb,0xe8,0xea,0xd,0xa,0xef,0xe0,0xf0,
  0xf2,0xe8,0xe7,0xe0,0xed,0xd,0xa,0xe4,0xf3,0xe1,0xd,0xa,0xea,0xf0,0xe8,0xf2,
  0xe8,0xea,0xe0,0xd,0xa,0xf1,0xe2,0xe8,0xf1,0xf2,0xd,0xa,0xf1,0xf2,0xee,0xeb,
  0xe5,0xf2,0xe8,0xe5,0xd,0xa,0xf2,0xe5,0xf5,0xed,0xee,0xeb,0xee,0xe3,0xe8,0xff,
  0xd,0xa,0xf8,0xef,0xe8,0xee,0xed,0xd,0xa,0xf0,0xe5,0xf1,0xed,0xe8,0xf6,0xe0,
  0xd,0xa,0xe0,0xef,0xef,0xe5,0xf2,0xe8,0xf2,0xd,0xa,0xe2,0xe8,0xf2,0xf0,0xe8,
  0xed,0xe0,0xd,0xa,0xef,0xf0,0xee,0xf1,0xf2,0xfb,0xed,0xff,0xd,0xa,0xef,0xe5,
  0xf2,0xeb,0xff,0xd,0xa,0xe0,0xe4,0xec,0xe8,0xed,0xe8,0xf1,0xf2,0xf0,0xe0,0xf6,
  0xe8,0xff,0xd,0xa,0xec,0xe5,0xf0,0xee,0xef,0xf0,0xe8,0xff,0xf2,0xe8,0xe5,0xd,
  0xa,0xec,0xee,0xf2,0xee,0xf6,0xe8,0xea,0xeb,0xd,0xa,0xf4,0xf0,0xf3,0xea,0xf2,
  0xd,0xa,0xf7,0xe8,0xed,0xd,0xa,0xe1,0xe5,0xe4,0xf0,0xee,0xd,0xa,0xe2,0xf1,
  0xef,0xfb,0xf8,0xea,0xe0,0xd,0xa,0xe7,0xe0,0xe2,0xe5,0xe4,0xe5,0xed,0xe8,0xe5,
  0xd,0xa,0xe7,0xed,0xe0,0xec,0xff,0xd,0xa,0xea,0xee,0xf0,0xf2,0xee,0xf7,0xea,
  0xe8,0xd,0xa,0xf0,0xe0,0xe1,0xd,0xa,0xe3,0xe8,0xf2,0xe0,0xf0,0xe0,0xd,0xa,
  0xe7,0xe0,0xec,0xe5,0xf7,0xe0,0xed,0xe8,0xe5,0xd,0xa,0xf2,0xf0,0xe0,0xea,0xf2,
  0xee,0xf0,0xd,0xa,0xe1,0xe5,0xf1,0xef,0xee,0xea,0xee,0xe9,0xf1,0xf2,0xe2,0xee,
  0xd,0xa,0xeb,0xfb,0xe6,0xe0,0xd,0xa,0xed,0xe0,0xec,0xe5,0xea,0xd,0xa,0xef,
  0xeb,0xe0,0xf7,0xd,0xa,0xf2,0xe2,0xe0,0xf0,0xfc,0xd,0xa,0xf7,0xe0,0xe9,0xed,
  0xe8,0xea,0xd,0xa,0xe2,0xf1,0xe5,0xeb,0xe5,0xed,0xed,0xe0,0xff,0xd,0xa,0xea,
  0xe8,0xeb,0xee,0xe3,0xf0,0xe0,0xec,0xec,0xd,0xa,0xec,0xe0,0xf0,0xf8,0xd,0xa,
  0xe1,0xe8,0xed,0xee,0xea,0xeb,0xfc,0xd,0xa,0xe8,0xf0,0xd,0xa,0xed,0xe5,0xe4,
  0xee,0xf3,0xec,0xe5,0xed,0xe8,0xe5,0xd,0xa,0xf1,0xef,0xee,0xea,0xee,0xe9,0xf1,
  0xf2,0xe2,0xe8,0xe5,0xd,0xa,0xf5,0xee,0xe1,0xe1,0xe8,0xf2,0xd,0xa,0xe4,0xee,
  0xf5,0xee,0xe4,0xd,0xa,0xe8,0xed,0xf1,0xf2,0xf0,0xf3,0xea,0xf6,0xe8,0xff,0xd,
  0xa,0xec,0xe0,0xea,0xd,0xa,0xff,0xe4,0xd,0xa,0xe3,0xf3,0xe1,0xe5,0xf0,0xed,
  0xe0,0xf2,0xee,0xf0,0xd,0xa,0xe4,0xee,0xe2,0xe5,0xf0,0xe8,0xe5,0xd,0xa,0xef,
  0xe5,0xf0,0xe5,0xf0,0xfb,0xe2,0xd,0xa,0xef,0xee,0xe4,0xf0,0xff,0xe4,0xd,0xa,
  0xf1,0xeb,0xe0,0xe2,0xea,0xe0,0xd,0xa,0xee,0xf2,0xed,0xee,0xf8,0xe5,0xed,0xe8,
  0xe5,0xd,0xa,0xe1,0xf0,0xe0,0xf2,0xd,0xa,0xe2,0xee,0xe7,0xe4,0xf3,0xf5,0xd,
  0xa,0xe2,0xeb,0xe0,0xf1,0xf2,0xfc,0xd,0xa,0xea,0xf0,0xe5,0xef,0xee,0xf1,0xf2,
  0xfc,0xd,0xa,0xef,0xee,0xe2,0xff,0xe7,0xea,0xe0,0xd,0xa,0xf1,0xf2,0xe8,0xf5,
  0xee,0xf2,0xe2,0xee,0xf0,0xe5,0xed,0xe8,0xe5,0xd,0xa,0xf3,0xf7,0xe5,0xf2,0xd,
  0xa,0xf5,0xe0,0xf0,0xe0,0xea,0xf2,0xe5,0xf0,0xe8,0xf1,0xf2,0xe8,0xea,0xe0,0xd,
  0xa,0xe2,0xee,0xf1,0xef,0xe8,0xf2,0xe0,0xed,0xe8,0xe5,0xd,0xa,0xe8,0xf1,0xf5,
  0xee,0xe4,0xd,0xa,0xed,0xe0,0xe3,0xf0,0xe0,0xe4,0xe0,0xd,0xa,0xef,0xe5,0xf7,
  0xe5,0xed,0xfc,0xd,0xa,0xe2,0xe0,0xed,0xed,0xe0,0xd,0xa,0xe6,0xe0,0xeb,0xee,
  0xe1,0xe0,0xd,0xa,0xea,0xee,0xed,0xf7,0xe8,0xea,0xd,0xa,0xf1,0xf2,0xf0,0xe5,
  0xeb,0xfc,0xe1,0xe0,0xd,0xa,0xf5,0xee,0xeb,0xee,0xe4,0xe8,0xeb,0xfc,0xed,0xe8,
  0xea,0xd,0xa,0xe2,0xe5,0xeb,0xee,0xf1,0xe8,0xef,0xe5,0xe4,0xd,0xa,0xea,0xee,
  0xeb,0xee,0xe4,0xe5,0xf6,0xd,0xa,0xeb,0xee,0xed,0xe4,0xee,0xed,0xd,0xa,0xf2,
  0xe5,0xf2,0xf0,0xe0,0xe4,0xfc,0xd,0xa,0xe1,0xe8,0xee,0xe3,0xf0,0xe0,0xf4,0xe8,
  0xff,0xd,0xa,0xec,0xe5,0xe4,0xe0,0xeb,0xfc,0xd,0xa,0xef,0xe0,0xf1,0xf2,0xfc,
  0xd,0xa,0xf3,0xea,0xf0,0xe0,0xe8,0xed,0xe0,0xd,0xa,0xec,0xe0,0xed,0xe5,0xf0,
  0xe0,0xd,0xa,0xee,0xe1,0xfb,0xf7,0xe0,0xe9,0xd,0xa,0xf0,0xe8,0xf1,0xd,0xa,
  0xef,0xf0,0xe8,0xf5,0xee,0xe4,0xd,0xa,0xf1,0xf2,0xe0,0xe2,0xea,0xe0,0xd,0xa,
  0xe2,0xed,0xe5,0xf8,0xed,0xee,0xf1,0xf2,0xfc,0xd,0xa,0xe6,0xe0,0xe6,0xe4,0xe0,
  0xd,0xa,0xe8,0xec,0xf3,0xf9,0xe5,0xf1,0xf2,0xe2,0xee,0xd,0xa,0xea,0xe0,0xe7,
  0xe0,0xf0,0xec,0xe0,0xd,0xa,0xeb,0xe5,0xf2,0xd,0xa,0xef,0xf0,0xe5,0xe8,0xec,
  0xf3,0xf9,0xe5,0xf1,0xf2,0xe2,0xee,0xd,0xa,0xef,0xf0,0xe5,0xec,0xe8,0xff,0xd,
  0xa,0xef,0xf0,0xee,0xe7,0xe0,0xd,0xa,0xe1,0xe0,0xf8,0xec,0xe0,0xea,0xd,0xa,
  0xf1,0xee,0xe2,0xe5,0xf2,0xed,0xe8,0xea,0xd,0xa,0xe4,0xee,0xea,0xe0,0xd,0xa,
  0xe1,0xfe,0xf0,0xee,0xd,0xa,0xf1,0xf2,0xfb,0xe4,0xd,0xa,0xe3,0xf3,0xeb,0xd,
  0xa,0xef,0xf3,0xf1,0xf2,0xff,0xea,0xd,0xa,0xf0,0xe0,0xf1,0xf2,0xe5,0xed,0xe8,
  0xe5,0xd,0xa,0xef,0xe8,0xf1,0xfc,0xec,0xee,0xd,0xa,0xe4,0xe5,0xe2,0xf3,0xf8,
  0xea,0xe0,0xd,0xa,0xee,0xe1,0xf0,0xe0,0xe7,0xd,0xa,0xf1,0xec,0xe5,0xf0,0xf2,
  0xfc,0xd,0xa,0xed,0xe5,0xe1,0xee,0xd,0xa,0xea,0xe0,0xf2,0xe5,0xe3,0xee,0xf0,
  0xe8,0xff,0xd,0xa,0xef,0xf0,0xee,0xe8,0xf1,0xf8,0xe5,0xf1,0xf2,0xe2,0xe8,0xe5,
  0xd,0xa,0xf4,0xe5,0xe2,0xf0,0xe0,0xeb,0xfc,0xd,0xa,0xe4,0xe0,0xf2,0xe0,0xd,
  0xa,0xe7,0xe5,0xeb,0xe5,0xed,0xfc,0xd,0xa,0xea,0xe0,0xfe,0xf2,0xe0,0xd,0xa,
  0xf0,0xee,0xe6,0xe0,0xd,0xa,0xe8,0xe4,0xe5,0xe0,0xeb,0xd,0xa,0xef,0xe5,0xf0,
  0xf7,0xe0,0xf2,0xea,0xe0,0xd,0xa,0xef,0xf0,0xee,0xf2,0xee,0xea,0xee,0xeb,0xd,
  0xa,0xf1,0xe5,0xeb,0xee,0xd,0xa,0xe2,0xe5,0xeb,0xe8,0xf7,0xe5,0xf1,0xf2,0xe2,
  0xee,0xd,0xa,0xe7,0xe5,0xf0,0xed,0xee,0xd,0xa,0xec,0xee,0xed,0xe5,0xf2,0xe0,
  0xd,0xa,0xf6,0xe5,0xef,0xee,0xf7,0xea,0xe0,0xd,0xa,0xe2,0xfb,0xf1,0xf2,0xe0,
  0xe2,0xea,0xe0,0xd,0xa,0xea,0xe8,0xf8,0xea,0xe0,0xd,0xa,0xed,0xee,0xeb,0xfc,
  0xd,0xa,0xe7,0xe0,0xea,0xeb,0xfe,0xf7,0xe5,0xed,0xed,0xfb,0xe9,0xd,0xa,0xe7,
  0xe0,0xec,0xfb,0xf1,0xe5,0xeb,0xd,0xa,0xec,0xe0,0xf2,0xf0,0xee,0xf1,0xd,0xa,
  0xee,0xef,0xe8,0xf1,0xe0,0xed,0xe8,0xe5,0xd,0xa,0xef,0xee,0xeb,0xe4,0xe5,0xed,
  0xfc,0xd,0xa,0xf1,0xfb,0xed,0xee,0xea,0xd,0xa,0xf5,0xf3,0xf2,0xee,0xf0,0xd,
  0xa,0xe8,0xf2,0xe0,0xeb,0xe8,0xff,0xd,0xa,0xe0,0xf0,0xe5,0xf1,0xf2,0xd,0xa,
  0xea,0xe0,0xef,0xe8,0xf2,0xe0,0xeb,0xd,0xa,0xea,0xe8,0xf2,0xe0,0xe5,0xf6,0xd,
  0xa,0xea,0xee,0xf1,0xec,0xee,0xf1,0xd,0xa,0xef,0xf0,0xee,0xe4,0xee,0xeb,0xe6,
  0xe5,0xed,0xe8,0xe5,0xd,0xa,0xec,0xe0,0xf0,0xf8,0xf0,0xf3,0xf2,0xd,0xa,0xf8,
  0xf3,0xe1,0xe0,0xd,0xa,0xe1,0xee,0xea,0xe0,0xeb,0xd,0xa,0xe1,0xf0,0xe0,0xf2,
  0xe5,0xf6,0xd,0xa,0xea,0xe0,0xeb,0xe8,0xf2,0xea,0xe0,0xd,0xa,0xea,0xf0,0xe0,
  0xed,0xd,0xa,0xef,0xf0,0xee,0xf1,0xef,0xe5,0xea,0xf2,0xd,0xa,0xf0,0xe5,0xea,
  0xeb,0xe0,0xec,0xe0,0xd,0xa,0xf3,0xe2,0xe5,0xeb,0xe8,0xf7,0xe5,0xed,0xe8,0xe5,
  0xd,0xa,0xe4,0xe5,0xff,0xf2,0xe5,0xeb,0xfc,0xd,0xa,0xef,0xf0,0xee,0xe3,0xf0,
  0xe5,0xf1,0xf1,0xd,0xa,0xf2,0xf0,0xe0,0xe3,0xe5,0xe4,0xe8,0xff,0xd,0xa,0xec,
  0xe0,0xeb,0xfc,0xf7,0xe8,0xea,0xd,0xa,0xf1,0xe5,0xf0,0xe4,0xf6,0xe5,0xd,0xa,
  0xff,0xe7,0xfb,0xea,0xd,0xa,0xf7,0xe5,0xeb,0xee,0xe2,0xe5,0xea,0xd,0xa,0xf1,
  0xef,0xe8,0xed,0xe0,0xd,0xa,0xe0,0xe1,0xe5,0xf0,0xf0,0xe0,0xf6,0xe8,0xff,0xd,
  0xa,0xe0,0xed,0xe7,0xee,0xf0,0xd,0xa,0xe0,0xf1,0xe5,0xf1,0xf1,0xee,0xf0,0xd,
  0xa,0xe0,0xf1,0xf1,0xee,0xf0,0xf2,0xe8,0xec,0xe5,0xed,0xf2,0xd,0xa,0xe0,0xfd,
  0xf0,0xee,0xe2,0xee,0xea,0xe7,0xe0,0xeb,0xd,0xa,0xe1,0xe0,0xed,0xf2,0xe8,0xea,
  0xd,0xa,0xe1,0xe5,0xed,0xe7,0xee,0xea,0xee,0xeb,0xee,0xed,0xea,0xe0,0xd,0xa,
  0xe1,0xe5,0xf7,0xe5,0xe2,0xea,0xe0,0xd,0xa,0xe1,0xeb,0xe0,0xf2,0xd,0xa,0xe1,
  0xf0,0xe5,0xe4,0xe5,0xed,0xfc,0xd,0xa,0xe2,0xe0,0xe7,0xe5,0xeb,0xe8,0xed,0xd,
  0xa,0xe2,0xe5,0xeb,0xe8,0xea,0xee,0xe4,0xf3,0xf8,0xe8,0xe5,0xd,0xa,0xe2,0xe5,
  0xf5,0xe0,0xd,0xa,0xe2,0xe8,0xed,0xe5,0xe3,0xf0,0xe5,0xf2,0xd,0xa,0xe2,0xed,
  0xe5,0xe7,0xe0,0xef,0xed,0xee,0xf1,0xf2,0xfc,0xd,0xa,0xe2,0xee,0xea,0xe0,0xeb,
  0xe8,0xf1,0xf2,0xd,0xa,0xe2,0xf0,0xe5,0xec,0xe5,0xf7,0xea,0xee,0xd,0xa,0xe2,
  0xfb,0xf1,0xfb,0xeb,0xea,0xe0,0xd,0xa,0xe3,0xe2,0xee,0xe7,0xe4,0xe8,0xea,0xd,
  0xa,0xe3,0xe5,0xf0,0xec,0xe0,0xed,0xe5,0xf6,0xd,0xa,0xe3,0xf0,0xe0,0xf4,0xee,
  0xec,0xe0,0xed,0xd,0xa,0xe4,0xe8,0xea,0xee,0xe2,0xe8,0xed,0xea,0xe0,0xd,0xa,
  0xe4,0xe8,0xf0,0xe8,0xe6,0xe0,0xe1,0xeb,0xfc,0xd,0xa,0xe4,0xf0,0xe5,0xe7,0xe4,
  0xe5,0xed,0xd,0xa,0xe4,0xf3,0xeb,0xff,0xd,0xa,0xe4,0xf3,0xf0,0xee,0xf1,0xf2,
  0xfc,0xd,0xa,0xe6,0xe5,0xf0,0xed,0xee,0xe2,0xd,0xa,0xe7,0xe0,0xe4,0xe5,0xf0,
  0xe6,0xe0,0xed,0xe8,0xe5,0xd,0xa,0xe7,0xe0,0xef,0xe8,0xf1,0xee,0xf7,0xea,0xe0,
  0xd,0xa,0xe7,0xe0,0xef,0xee,0xed,0xea,0xe0,0xd,0xa,0xe8,0xe7,0xf0,0xe0,0xe8,
  0xeb,0xfc,0xf2,0xff,0xed,0xe8,0xed,0xd,0xa,0xe8,0xea,0xee,0xed,0xea,0xe0,0xd,
  0xa,0xe8,0xed,0xf2,0xe5,0xed,0xe4,0xe0,0xed,0xf2,0xd,0xa,0xe8,0xee,0xed,0xd,
  0xa,0xea,0xe0,0xe2,0xe0,0xeb,0xe5,0xf0,0xe8,0xff,0xd,0xa,0xea,0xe0,0xe7,0xe0,
  0xf5,0xf1,0xf2,0xe0,0xed,0xe5,0xf6,0xd,0xa,0xea,0xe2,0xe0,0xe4,0xf0,0xe8,0xe3,
  0xe0,0xd,0xa,0xea,0xe8,0xef,0xe5,0xed,0xe8,0xe5,0xd,0xa,0xea,0xe8,0xf0,0xef,
  0xe8,0xf7,0xe8,0xea,0xd,0xa,0xea,0xeb,0xe5,0xe2,0xe5,0xf0,0xd,0xa,0xea,0xeb,
  0xe8,0xe5,0xed,0xf2,0xf3,0xf0,0xe0,0xd,0xa,0xea,0xee,0xeb,0xeb,0xe0,0xef,0xf1,
  0xd,0xa,0xea,0xee,0xed,0xf4,0xe8,0xf1,0xea,0xe0,0xf6,0xe8,0xff,0xd,0xa,0xea,
  0xf0,0xe5,0xec,0xe5,0xed,0xfc,0xd,0xa,0xea,0xf3,0xea,0xee,0xeb,0xea,0xe0,0xd,
  0xa,0xea,0xf3,0xeb,0xfc,0xf2,0xff,0xd,0xa,0xeb,0xfb,0xe6,0xed,0xe8,0xea,0xd,
  0xa,0xec,0xe0,0xeb,0xfc,0xf7,0xee,0xed,0xee,0xea,0xd,0xa,0xec,0xe0,0xed,0xe0,
  0xd,0xa,0xec,0xe5,0xf2,0xe0,0xeb,0xeb,0xf3,0xf0,0xe3,0xd,0xa,0xec,0xe5,0xf5,
  0xe0,0xed,0xe8,0xe7,0xe0,0xf6,0xe8,0xff,0xd,0xa,0xec,0xe5,0xf7,0xe5,0xf2,0xfc,
  0xd,0xa,0xec,0xee,0xed,0xe3,0xee,0xeb,0xe8,0xff,0xd,0xa,0xec,0xee,0xed,0xf2,
  0xe5,0xf0,0xd,0xa,0xec,0xee,0xf0,0xee,0xea,0xe0,0xd,0xa,0xec,0xee,0xf2,0xfb,
  0xeb,0xfc,0xd,0xa,0xec,0xfb,0xf7,0xe0,0xed,0xe8,0xe5,0xd,0xa,0xec,0xff,0xeb,
  0xee,0xd,0xa,0xed,0xe0,0xe2,0xee,0xe4,0xed,0xe5,0xed,0xe8,0xe5,0xd,0xa,0xed,
  0xe0,0xeb,0xe5,0xe4,0xfc,0xd,0xa,0xed,0xe5,0xef,0xee,0xf1,0xf0,0xe5,0xe4,0xf1,
  0xf2,0xe2,0xe5,0xed,0xed,0xee,0xf1,0xf2,0xfc,0xd,0xa,0xed,0xe5,0xef,0xf0,0xe8,
  0xff,0xf2,0xe8,0xe5,0xd,0xa,0xee,0xeb,0xee,0xe2,0xee,0xd,0xa,0xee,0xee,0xee,
  0xd,0xa,0xee,0xf0,0xe8,0xe5,0xed,0xf2,0xe8,0xf0,0xee,0xe2,0xea,0xe0,0xd,0xa,
  0xee,0xf1,0xe0,0xea,0xe0,0xd,0xa,0xee,0xf2,0xf8,0xe5,0xeb,0xfc,0xed,0xe8,0xea,
  0xd,0xa,0xef,0xe5,0xe4,0xe0,0xe3,0xee,0xe3,0xe8,0xea,0xe0,0xd,0xa,0xef,0xe5,
  0xf0,0xe5,0xe4,0xe5,0xeb,0xea,0xe8,0xed,0xee,0xd,0xa,0xef,0xe5,0xf0,0xe5,0xe6,
  0xe8,0xf2,0xee,0xea,0xd,0xa,0xef,0xeb,0xee,0xf8,0xea,0xe0,0xd,0xa,0xef,0xee,
  0xeb,0xf3,0xe3,0xee,0xe4,0xd,0xa,0xef,0xee,0xec,0xe5,0xf8,0xe0,0xf2,0xe5,0xeb,
  0xfc,0xf1,0xf2,0xe2,0xee,0xd,0xa,0xef,0xee,0xf1,0xf2,0xf3,0xeb,0xe0,0xf2,0xd,
  0xa,0xef,0xf0,0xe0,0xe7,0xe4,0xed,0xee,0xe2,0xe0,0xed,0xe8,0xe5,0xd,0xa,0xef,
  0xf0,0xe5,0xe4,0xec,0xe5,0xf1,0xf2,0xfc,0xe5,0xd,0xa,0xef,0xf0,0xe8,0xea,0xee,
  0xeb,0xd,0xa,0xef,0xf0,0xee,0xe1,0xe5,0xeb,0xd,0xa,0xef,0xf3,0xf2,0xf7,0xd,
  0xa,0xef,0xfb,0xeb,0xe5,0xf3,0xeb,0xee,0xe2,0xe8,0xf2,0xe5,0xeb,0xfc,0xd,0xa,
  0xf0,0xff,0xe1,0xf7,0xe8,0xea,0xd,0xa,0xf1,0xe0,0xe2,0xe0,0xed,0xed,0xe0,0xd,
  0xa,0xf1,0xe0,0xec,0xee,0xee,0xf6,0xe5,0xed,0xea,0xe0,0xd,0xa,0xf1,0xe1,0xf0,
  0xf3,0xff,0xd,0xa,0xf1,0xe8,0xe4,0xe5,0xeb,0xe5,0xf6,0xd,0xa,0xf1,0xee,0xef,
  0xf0,0xee,0xf2,0xe8,0xe2,0xeb,0xff,0xe5,0xec,0xee,0xf1,0xf2,0xfc,0xd,0xa,0xf1,
  0xee,0xf0,0xed,0xff,0xea,0xd,0xa,0xf1,0xee,0xf2,0xea,0xe0,0xd,0xa,0xf1,0xf2,
  0xe0,0xe6,0xe8,0xf0,0xee,0xe2,0xea,0xe0,0xd,0xa,0xf1,0xf2,0xe8,0xeb,0xff,0xe3,
  0xe0,0xd,0xa,0xf2,0xee,0xea,0xf1,0xe8,0xed,0xd,0xa,0xf2,0xfe,0xe1,0xe5,0xf2,
  0xe5,0xe9,0xea,0xe0,0xd,0xa,0xf3,0xe3,0xe0,0xf0,0xd,0xa,0xf3,0xf0,0xee,0xe4,
  0xe5,0xf6,0xd,0xa,0xf4,0xe0,0xed,0xea,0xd,0xa,0xf4,0xee,0xed,0xf2,0xe0,0xed,
  0xf7,0xe8,0xea,0xd,0xa,0xf6,0xe5,0xf0,0xea,0xe2,0xf3,0xf8,0xea,0xe0,0xd,0xa,
  0xff,0xe3,0xee,0xe4,0xea,0xe0,0xd,0xa,0xe2,0xe7,0xee,0xf0,0xd,0xa,0xea,0xe0,
  0xf2,0xe0,0xf1,0xf2,0xf0,0xee,0xf4,0xe0,0xd,0xa,0xea,0xee,0xeb,0xeb,0xe5,0xea,
  0xf2,0xe8,0xe2,0xd,0xa,0xed,0xe0,0xf0,0xfb,0xd,0xa,0xea,0xe3,0xe1,0xd,0xa,
  0xef,0xe0,0xeb,0xee,0xf7,0xea,0xe0,0xd,0xa,0xe2,0xe5,0xed,0xe0,0xd,0xa,0xef,
  0xf0,0xfb,0xe6,0xee,0xea,0xd,0xa,0xe3,0xe5,0xed,0xd,0xa,0xe7,0xeb,0xee,0xf1,
  0xf2,0xfc,0xd,0xa,0xe8,0xf1,0xef,0xfb,0xf2,0xe0,0xed,0xe8,0xe5,0xd,0xa,0xea,
  0xee,0xec,0xe0,0xed,0xe4,0xe8,0xf0,0xee,0xe2,0xea,0xe0,0xd,0xa,0xee,0xe1,0xf0,
  0xe0,0xf9,0xe5,0xed,0xe8,0xe5,0xd,0xa,0xef,0xee,0xe4,0xee,0xe7,0xf0,0xe5,0xed,
  0xe8,0xe5,0xd,0xa,0xef,0xf3,0xe7,0xfb,0xf0,0xfc,0xd,0xa,0xec,0xe0,0xe3,0xd,
  0xa,0xed,0xe0,0xf2,0xf3,0xf0,0xe0,0xd,0xa,0xee,0xea,0xf0,0xe0,0xe8,0xed,0xe0,
  0xd,0xa,0xef,0xf0,0xe8,0xe7,0xed,0xe0,0xed,0xe8,0xe5,0xd,0xa,0xf4,0xf3,0xf0,
  0xe0,0xe6,0xea,0xe0,0xd,0xa,0xef,0xf0,0xee,0xe3,0xf3,0xeb,0xea,0xe0,0xd,0xa,
  0xf1,0xf2,0xe0,0xe4,0xee,0xd,0xa,0xe0,0xed,0xe3,0xeb,0xe8,0xf7,0xe0,0xed,0xe8,
  0xed,0xd,0xa,0xed,0xe0,0xf1,0xf2,0xf3,0xef,0xeb,0xe5,0xed,0xe8,0xe5,0xd,0xa,
  0xee,0xe1,0xfa,0xe5,0xec,0xd,0xa,0xf0,0xe5,0xe2,0xd,0xa,0xf9,0xe8,0xf2,0xd,
  0xa,0xe0,0xe2,0xf2,0xee,0xf0,0xe8,0xf2,0xe5,0xf2,0xd,0xa,0xef,0xf0,0xee,0xe2,
  0xee,0xe4,0xd,0xa,0xf0,0xe5,0xec,0xee,0xed,0xf2,0xd,0xa,0xe6,0xe8,0xe2,0xee,
  0xe9,0xd,0xa,0xea,0xee,0xf2,0xe5,0xeb,0xee,0xea,0xd,0xa,0xec,0xfb,0xeb,0xee,
  0xd,0xa,0xea,0xf0,0xe8,0xe7,0xe8,0xf1,0xd,0xa,0xf0,0xe8,0xf1,0xea,0xd,0xa,
  0xf1,0xee,0xe2,0xe5,0xf9,0xe0,0xed,0xe8,0xe5,0xd,0xa,0xe3,0xe0,0xf0,0xe0,0xe6,
  0xd,0xa,0xef,0xe5,0xf0,0xe5,0xe3,0xee,0xe2,0xee,0xf0,0xfb,0xd,0xa,0xef,0xf0,
  0xe8,0xe5,0xe7,0xe4,0xd,0xa,0xf1,0xf2,0xe0,0xeb,0xea,0xe5,0xf0,0xd,0xa,0xf2,
  0xe0,0xe1,0xe0,0xea,0xd,0xa,0xe8,0xed,0xf2,0xe5,0xf0,0xe2,0xfc,0xfe,0xd,0xa,
  0xec,0xe5,0xf1,0xff,0xf6,0xd,0xa,0xef,0xf3,0xf2,0xfc,0xd,0xa,0xee,0xe1,0xeb,
  0xe5,0xe3,0xf7,0xe5,0xed,0xe8,0xe5,0xd,0xa,0xe0,0xe2,0xe8,0xe0,0xf6,0xe8,0xff,
  0xd,0xa,0xe1,0xe5,0xf0,0xeb,0xe8,0xed,0xd,0xa,0xee,0xe2,0xf0,0xe0,0xe3,0xd,
  0xa,0xee,0xf2,0xfa,0xe5,0xe7,0xe4,0xd,0xa,0xf1,0xf3,0xec,0xe5,0xf0,0xea,0xe8,
  0xd,0xa,0xf7,0xf2,0xe5,0xed,0xe8,0xe5,0xd,0xa,0xfe,0xec,0xee,0xf0,0xd,0xa,
  0xe8,0xfe,0xeb,0xfc,0xd,0xa,0xed,0xe0,0xef,0xe8,0xf2,0xee,0xea,0xd,0xa,0xf2,
  0xe5,0xeb,0xe5,0xe3,0xf0,0xe0,0xec,0xec,0xe0,0xd,0xa,0xf2,0xee,0xf0,0xe3,0xee,
  0xe2,0xeb,0xff,0xd,0xa,0xf1,0xef,0xee,0xf0,0xf2,0xd,0xa,0xf4,0xe0,0xed,0xf2,
  0xe0,0xe7,0xe8,0xff,0xd,0xa,0xee,0xe1,0xf0,0xe0,0xe7,0xe5,0xf6,0xd,0xa,0xee,
  0xef,0xf0,0xe5,0xe4,0xe5,0xeb,0xe5,0xed,0xe8,0xe5,0xd,0xa,0xe6,0xe8,0xeb,0xfc,
  0xe5,0xd,0xa,0xef,0xee,0xeb,0xe8,0xf2,0xe1,0xfe,0xf0,0xee,0xd,0xa,0xef,0xf0,
  0xe8,0xf1,0xf2,0xf3,0xef,0xd,0xa,0xf1,0xef,0xe0,0xf1,0xe5,0xed,0xe8,0xe5,0xd,
  0xa,0xea,0xe2,0xe0,0xf0,0xf2,0xe0,0xeb,0xd,0xa,0xea,0xe8,0xf1,0xf2,0xfc,0xd,
  0xa,0xf6,0xe8,0xf0,0xea,0xd,0xa,0xe1,0xf0,0xe5,0xe4,0xd,0xa,0xea,0xee,0xec,
  0xe5,0xed,0xe4,0xe0,0xed,0xf2,0xd,0xa,0xef,0xf0,0xe8,0xf5,0xee,0xe6,0xe0,0xff,
  0xd,0xa,0xe1,0xe0,0xf0,0xee,0xed,0xd,0xa,0xe7,0xe0,0xe2,0xe8,0xf1,0xf2,0xfc,
  0xd,0xa,0xf0,0xe0,0xf1,0xf5,0xee,0xe4,0xd,0xa,0xf3,0xf1,0xf2,0xe0,0xed,0xee,
  0xe2,0xea,0xe0,0xd,0xa,0xee,0xf5,0xf0,0xe0,0xed,0xed,0xe8,0xea,0xd,0xa,0xf2,
  0xe5,0xf5,0xed,0xe8,0xea,0xd,0xa,0xf0,0xe5,0xf4,0xee,0xf0,0xec,0xe0,0xd,0xa,
  0xec,0xe0,0xec,0xe0,0xd,0xa,0xf1,0xf2,0xe0,0xf0,0xe8,0xea,0xd,0xa,0xef,0xf0,
  0xe0,0xe2,0xee,0xd,0xa,0xf1,0xf2,0xe5,0xed,0xe0,0xd,0xa,0xf2,0xe5,0xeb,0xee,
  0xd,0xa,0xe0,0xf2,0xe0,0xea,0xe0,0xd,0xa,0xea,0xf0,0xe0,0xf1,0xed,0xfb,0xe9,
  0xd,0xa,0xec,0xe0,0xf1,0xea,0xe0,0xd,0xa,0xf1,0xee,0xe3,0xeb,0xe0,0xf1,0xe8,
  0xe5,0xd,0xa,0xef,0xee,0xeb,0xee,0xf1,0xf2,0xfc,0xd,0xa,0xef,0xf0,0xee,0xe2,
  0xee,0xeb,0xee,0xea,0xe0,0xd,0xa,0xf4,0xe0,0xf8,0xe8,0xf1,0xf2,0xd,0xa,0xf4,
  0xeb,0xee,0xf2,0xd,0xa,0xe0,0xe4,0xd,0xa,0xe2,0xee,0xf1,0xef,0xe0,0xeb,0xe5,
  0xed,0xe8,0xe5,0xd,0xa,0xed,0xe0,0xf1,0xeb,0xe0,0xe6,0xe4,0xe5,0xed,0xe8,0xe5,
  0xd,0xa,0xef,0xee,0xeb,0xee,0xf2,0xe5,0xed,0xf6,0xe5,0xd,0xa,0xef,0xf0,0xee,
  0xe4,0xe0,0xe6,0xe0,0xd,0xa,0xec,0xe8,0xed,0xe8,0xec,0xf3,0xec,0xd,0xa,0xed,
  0xe0,0xeb,0xee,0xe3,0xd,0xa,0xe1,0xee,0xe3,0xe0,0xf2,0xf1,0xf2,0xe2,0xee,0xd,
  0xa,0xef,0xee,0xe4,0xef,0xee,0xeb,0xea,0xee,0xe2,0xed,0xe8,0xea,0xd,0xa,0xe0,
  0xfd,0xf0,0xee,0xef,0xee,0xf0,0xf2,0xd,0xa,0xeb,0xfe,0xea,0xd,0xa,0xe7,0xe2,
  0xee,0xed,0xd,0xa,0xeb,0xf3,0xe6,0xe0,0xd,0xa,0xfe,0xe1,0xea,0xe0,0xd,0xa,
  0xe3,0xed,0xee,0xec,0xe0,0xd,0xa,0xea,0xee,0xed,0xe2,0xe5,0xf0,0xf2,0xd,0xa,
  0xef,0xf0,0xe8,0xf8,0xe5,0xeb,0xe5,0xf6,0xd,0xa,0xef,0xf0,0xee,0xf6,0xe5,0xe4,
  0xf3,0xf0,0xe0,0xd,0xa,0xf2,0xe5,0xf9,0xe0,0xd,0xa,0xe0,0xea,0xe0,0xe4,0xe5,
  0xec,0xe8,0xff,0xd,0xa,0xf1,0xf2,0xf0,0xf3,0xff,0xd,0xa,0xf4,0xe8,0xe7,0xe8,
  0xee,0xed,0xee,0xec,0xe8,0xff,0xd,0xa,0xef,0xf0,0xe0,0xea,0xf2,0xe8,0xea,0xe0,
  0xd,0xa,0xff,0xf0,0xee,0xf1,0xf2,0xfc,0xd,0xa,0xec,0xee,0xed,0xe0,0xf1,0xf2,
  0xfb,0xf0,0xfc,0xd,0xa,0xef,0xee,0xf7,0xf2,0xe0,0xd,0xa,0xe3,0xee,0xf2,0xee,
  0xe2,0xed,0xee,0xf1,0xf2,0xfc,0xd,0xa,0xe8,0xed,0xf2,0xe5,0xeb,0xeb,0xe8,0xe3,
  0xe5,0xed,0xf6,0xe8,0xff,0xd,0xa,0xef,0xf0,0xe8,0xe1,0xfb,0xeb,0xfc,0xd,0xa,
  0xf0,0xf3,0xe1,0xe5,0xe6,0xd,0xa,0xe1,0xe0,0xe7,0xe0,0xf0,0xd,0xa,0xf1,0xe1,
  0xee,0xf0,0xd,0xa,0xfe,0xed,0xee,0xf1,0xf2,0xfc,0xd,0xa,0xe0,0xf0,0xf5,0xe8,
  0xe2,0xd,0xa,0xe1,0xe0,0xf0,0xe0,0xea,0xd,0xa,0xef,0xe0,0xeb,0xf3,0xe1,0xe0,
  0xd,0xa,0xf0,0xe0,0xe7,0xe3,0xee,0xe2,0xee,0xf0,0xd,0xa,0xe8,0xec,0xff,0xd,
  0xa,0xef,0xee,0xf0,0xe0,0xd,0xa,0xe0,0xe4,0xe2,0xee,0xea,0xe0,0xf2,0xd,0xa,
  0xe0,0xef,0xf0,0xe5,0xeb,0xfc,0xd,0xa,0xe1,0xee,0xf6,0xec,0xe0,0xed,0xd,0xa,
  0xe1,0xfe,0xe4,0xe6,0xe5,0xf2,0xd,0xa,0xe2,0xe5,0xe4,0xfc,0xec,0xe0,0xd,0xa,
  0xe2,0xe8,0xed,0xe0,0xd,0xa,0xe8,0xf1,0xef,0xee,0xeb,0xed,0xe5,0xed,0xe8,0xe5,
  0xd,0xa,0xf1,0xf2,0xf0,0xe5,0xec,0xeb,0xe5,0xed,0xe8,0xe5,0xd,0xa,0xf2,0xee,
  0xf7,0xed,0xee,0xf1,0xf2,0xfc,0xd,0xa,0xf7,0xe5,0xf7,0xe5,0xed,0xe5,0xf6,0xd,
  0xa,0xeb,0xfe,0xe1,0xe8,0xf2,0xe5,0xeb,0xfc,0xd,0xa,0xef,0xe0,0xe4,0xe5,0xed,
  0xe8,0xe5,0xd,0xa,0xef,0xe5,0xf2,0xf3,0xf5,0xd,0xa,0xe0,0xed,0xe3,0xeb,0xe8,
  0xff,0xd,0xa,0xe1,0xe0,0xf0,0xe8,0xed,0xd,0xa,0xfd,0xea,0xf1,0xef,0xe5,0xf0,
  0xe8,0xec,0xe5,0xed,0xf2,0xd,0xa,0xe2,0xee,0xf0,0xee,0xf2,0xed,0xe8,0xea,0xd,
  0xa,0xea,0xf3,0xf0,0xf1,0xe0,0xed,0xf2,0xd,0xa,0xef,0xf0,0xee,0xe2,0xe5,0xf0,
  0xea,0xe0,0xd,0xa,0xf1,0xef,0xe8,0xed,0xea,0xe0,0xd,0xa,0xf3,0xf5,0xee,0xe4,
  0xd,0xa,0xf3,0xf7,0xf0,0xe5,0xe6,0xe4,0xe5,0xed,0xe8,0xe5,0xd,0xa,0xe8,0xe3,
  0xf0,0xf3,0xf8,0xea,0xe0,0xd,0xa,0xf1,0xf2,0xee,0xe8,0xec,0xee,0xf1,0xf2,0xfc,
  0xd,0xa,0xef,0xf0,0xe8,0xec,0xe5,0xf2,0xe0,0xd,0xa,0xef,0xfc,0xe5,0xf1,0xe0,
  0xd,0xa,0xf1,0xe5,0xed,0xee,0xd,0xa,0xe3,0xe0,0xe4,0xd,0xa,0xe4,0xf0,0xf3,
  0xe6,0xee,0xea,0xd,0xa,0xe1,0xeb,0xe0,0xe3,0xee,0xe4,0xe0,0xf0,0xed,0xee,0xf1,
  0xf2,0xfc,0xd,0xa,0xef,0xe5,0xf0,0xf1,0xef,0xe5,0xea,0xf2,0xe8,0xe2,0xe0,0xd,
  0xa,0xf7,0xe5,0xf0,0xe5,0xef,0xd,0xa,0xef,0xf3,0xe3,0xee,0xe2,0xe8,0xf6,0xe0,
  0xd,0xa,0xeb,0xe0,0xec,0xef,0xee,0xf7,0xea,0xe0,0xd,0xa,0xef,0xee,0xf6,0xe5,
  0xeb,0xf3,0xe9,0xd,0xa,0xf1,0xeb,0xf3,0xe3,0xe0,0xd,0xa,0xf1,0xef,0xe0,0xeb,
  0xfc,0xed,0xff,0xd,0xa,0xf2,0xf3,0xf4,0xeb,0xff,0xd,0xa,0xfd,0xea,0xe8,0xef,
  0xe0,0xe6,0xd,0xa,0xef,0xeb,0xe8,0xf2,0xe0,0xd,0xa,0xef,0xeb,0xff,0xe6,0xd,
  0xa,0xef,0xee,0xe4,0xf0,0xee,0xf1,0xf2,0xee,0xea,0xd,0xa,0xeb,0xe5,0xf1,0xd,
  0xa,0xf1,0xfb,0xed,0xd,0xa,0xed,0xe0,0xef,0xe0,0xe4,0xe5,0xed,0xe8,0xe5,0xd,
  0xa,0xf1,0xf2,0xee,0xe9,0xea,0xe0,0xd,0xa,0xec,0xe0,0xf1,0xf8,0xf2,0xe0,0xe1,
  0xd,0xa,0xf2,0xf0,0xe5,0xf1,0xea,0xd,0xa,0xf3,0xe3,0xee,0xeb,0xfc,0xd,0xa,
  0xe8,0xe7,0xe4,0xe0,0xf2,0xe5,0xeb,0xfc,0xf1,0xf2,0xe2,0xee,0xd,0xa,0xf0,0xe0,
  0xe7,0xe4,0xf0,0xe0,0xe6,0xe5,0xed,0xe8,0xe5,0xd,0xa,0xf1,0xee,0xef,0xf0,0xee,
  0xf2,0xe8,0xe2,0xeb,0xe5,0xed,0xe8,0xe5,0xd,0xa,0xf1,0xee,0xf7,0xe8,0xed,0xe5,
  0xed,0xe8,0xe5,0xd,0xa,0xef,0xee,0xe4,0xfa,0xe5,0xec,0xd,0xa,0xe2,0xe5,0xf2,
  0xe2,0xfc,0xd,0xa,0xee,0xe1,0xf9,0xe5,0xed,0xe8,0xe5,0xd,0xa,0xef,0xe5,0xf0,
  0xe5,0xf3,0xeb,0xee,0xea,0xd,0xa,0xf0,0xf3,0xf7,0xe5,0xe9,0xd,0xa,0xf1,0xee,
  0xf1,0xe5,0xe4,0xea,0xe0,0xd,0xa,0xe7,0xec,0xe5,0xff,0xd,0xa,0xea,0xe0,0xf0,
  0xf2,0xe8,0xed,0xea,0xe0,0xd,0xa,0xec,0xee,0xed,0xe0,0xf5,0xd,0xa,0xef,0xf0,
  0xee,0xec,0xfb,0xf8,0xeb,0xe5,0xed,0xed,0xee,0xf1,0xf2,0xfc,0xd,0xa,0xe3,0xed,
  0xe5,0xe2,0xd,0xa,0xee,0xe1,0xf9,0xe5,0xe6,0xe8,0xf2,0xe8,0xe5,0xd,0xa,0xf0,
  0xee,0xe3,0xd,0xa,0xf4,0xe8,0xe7,0xe8,0xea,0xe0,0xd,0xa,0xf8,0xf2,0xf3,0xf0,
  0xec,0xe0,0xed,0xd,0xa,0xef,0xee,0xe4,0xef,0xe8,0xf1,0xfc,0xd,0xa,0xe0,0xed,
  0xe5,0xea,0xe4,0xee,0xf2,0xd,0xa,0xea,0xe8,0xf1,0xeb,0xee,0xf2,0xe0,0xd,0xa,
  0xee,0xea,0xf0,0xf3,0xe6,0xe5,0xed,0xe8,0xe5,0xd,0xa,0xef,0xf0,0xe5,0xe4,0xee,
  0xea,0xd,0xa,0xf3,0xf7,0xe8,0xf2,0xe5,0xeb,0xfc,0xed,0xe8,0xf6,0xe0,0xd,0xa,
  0xe5,0xf0,0xf3,0xed,0xe4,0xe0,0xd,0xa,0xed,0xe5,0xf1,0xf7,0xe0,0xf1,0xf2,0xfc,
  0xe5,0xd,0xa,0xf1,0xf5,0xe5,0xec,0xe0,0xd,0xa,0xf7,0xe5,0xf2,0xe2,0xe5,0xf0,
  0xf2,0xfc,0xd,0xa,0xea,0xee,0xf0,0xf0,0xe5,0xf1,0xef,0xee,0xed,0xe4,0xe5,0xed,
  0xf2,0xd,0xa,0xf0,0xe0,0xe9,0xd,0xa,0xec,0xe0,0xe9,0xea,0xe0,0xd,0xa,0xf4,
  0xee,0xed,0xe4,0xd,0xa,0xec,0xe5,0xf2,0xe0,0xeb,0xeb,0xd,0xa,0xf2,0xfb,0xeb,
  0xd,0xa,0xef,0xee,0xe4,0xee,0xea,0xee,0xed,0xed,0xe8,0xea,0xd,0xa,0xf6,0xe5,
  0xf5,0xd,0xa,0xf0,0xe0,0xe7,0xf0,0xfb,0xe2,0xd,0xa,0xe7,0xe0,0xe4,0xd,0xa,
  0xea,0xf0,0xe5,0xec,0xeb,0xfc,0xd,0xa,0xec,0xfb,0xf8,0xea,0xe0,0xd,0xa,0xef,
  0xe5,0xf9,0xe5,0xf0,0xe0,0xd,0xa,0xf1,0xee,0xea,0xd,0xa,0xfd,0xf4,0xf4,0xe5,
  0xea,0xf2,0xd,0xa,0xee,0xf1,0xea,0xee,0xeb,0xee,0xea,0xd,0xa,0xed,0xf3,0xe6,
  0xe4,0xe0,0xd,0xa,0xee,0xea,0xee,0xf8,0xea,0xee,0xd,0xa,0xf1,0xfe,0xe6,0xe5,
  0xf2,0xd,0xa,0xe1,0xeb,0xee,0xea,0xd,0xa,0xf3,0xf1,0xf2,0xe0,0xeb,0xee,0xf1,
  0xf2,0xfc,0xd,0xa,0xe6,0xe8,0xe4,0xea,0xee,0xf1,0xf2,0xfc,0xd,0xa,0xeb,0xe5,
  0xe3,0xe5,0xed,0xe4,0xe0,0xd,0xa,0xef,0xee,0xf7,0xe2,0xe0,0xd,0xa,0xe4,0xee,
  0xef,0xf0,0xee,0xf1,0xd,0xa,0xf1,0xef,0xe5,0xea,0xf2,0xe0,0xea,0xeb,0xfc,0xd,
  0xa,0xe1,0xe0,0xeb,0xea,0xee,0xed,0xd,0xa,0xea,0xf3,0xe7,0xed,0xe5,0xf6,0xd,
  0xa,0xcb,0xce,0xc6,0xdc,0xd,0xa,0xed,0xe0,0xec,0xe5,0xf0,0xe5,0xed,0xe8,0xe5,
  0xd,0xa,0xe6,0xe8,0xf0,0xd,0xa,0xf1,0xee,0xee,0xe1,0xf0,0xe0,0xe6,0xe5,0xed,
  0xe8,0xe5,0xd,0xa,0xf7,0xe0,0xf8,0xea,0xe0,0xd,0xa,0xe2,0xfb,0xf1,0xf2,0xf3,
  0xef,0xeb,0xe5,0xed,0xe8,0xe5,0xd,0xa,0xe8,0xe7,0xe4,0xe0,0xed,0xe8,0xe5,0xd,
  0xa,0xec,0xfb,0xf1,0xeb,0xfc,0xd,0xa,0xe8,0xf1,0xf2,0xee,0xf0,0xe8,0xff,0xd,
  0xa,0xf0,0xee,0xf1,0xf1,0xe8,0xff,0xd,0xa,0xe0,0xea,0xf2,0xd,0xa,0xe4,0xee,
  0xeb,0xe8,0xed,0xe0,0xd,0xa,0xef,0xee,0xf1,0xe5,0xf2,0xe8,0xf2,0xe5,0xeb,0xfc,
  0xd,0xa,0xf0,0xe0,0xec,0xea,0xe0,0xd,0xa,0xf1,0xfa,0xe5,0xe7,0xe4,0xd,0xa,
  0xe6,0xe0,0xeb,0xee,0xf1,0xf2,0xfc,0xd,0xa,0xed,0xe0,0xea,0xe0,0xe7,0xe0,0xed,
  0xe8,0xe5,0xd,0xa,0xf2,0xf0,0xe0,0xed,0xf1,0xef,0xee,0xf0,0xf2,0xd,0xa,0xf0,
  0xe8,0xf1,0xf3,0xed,0xee,0xea,0xd,0xa,0xf7,0xe0,0xf1,0xf2,0xed,0xee,0xf1,0xf2,
  0xfc,0xd,0xa,0xea,0xee,0xeb,0xe4,0xf3,0xed,0xd,0xa,0xed,0xe0,0xf0,0xff,0xe4,
  0xd,0xa,0xef,0xee,0xe4,0xe2,0xe8,0xe3,0xd,0xa,0xe0,0xf1,0xf4,0xe0,0xeb,0xfc,
  0xf2,0xd,0xa,0xf7,0xe5,0xeb,0xfe,0xf1,0xf2,0xfc,0xd,0xa,0xe4,0xee,0xf1,0xf2,
  0xe8,0xe6,0xe5,0xed,0xe8,0xe5,0xd,0xa,0xea,0xee,0xed,0xf1,0xf2,0xe0,0xed,0xf2,
  0xe8,0xed,0xd,0xa,0xea,0xee,0xf0,0xe5,0xff,0xd,0xa,0xf1,0xee,0xf1,0xf3,0xe4,
  0xd,0xa,0xed,0xee,0xe3,0xee,0xf2,0xfc,0xd,0xa,0xea,0xee,0xed,0xf4,0xeb,0xe8,
  0xea,0xf2,0xd,0xa,0xec,0xe5,0xe1,0xe5,0xeb,0xfc,0xd,0xa,0xf1,0xef,0xf0,0xe0,
  0xe2,0xea,0xe0,0xd,0xa,0xe4,0xee,0xea,0xeb,0xe0,0xe4,0xd,0xa,0xee,0xea,0xee,
  0xed,0xf7,0xe0,0xed,0xe8,0xe5,0xd,0xa,0xf1,0xf2,0xf0,0xe0,0xe4,0xe0,0xed,0xe8,
  0xe5,0xd,0xa,0xf1,0xf2,0xf0,0xee,0xea,0xe0,0xd,0xa,0xf2,0xf0,0xee,0xf2,0xf3,
  0xe0,0xf0,0xd,0xa,0xf3,0xea,0xe0,0xe7,0xe0,0xed,0xe8,0xe5,0xd,0xa,0xe2,0xee,
  0xeb,0xf8,0xe5,0xe1,0xed,0xe8,0xea,0xd,0xa,0xee,0xf2,0xea,0xe0,0xe7,0xd,0xa,
  0xf4,0xe0,0xea,0xf2,0xee,0xf0,0xd,0xa,0xf0,0xe5,0xf8,0xe5,0xf2,0xea,0xe0,0xd,
  0xa,0xef,0xe0,0xeb,0xe5,0xf6,0xd,0xa,0xe1,0xe5,0xeb,0xee,0xea,0xd,0xa,0xf1,
  0xe2,0xe5,0xf7,0xe0,0xd,0xa,0xef,0xf0,0xee,0xe2,0xee,0xe4,0xed,0xe8,0xea,0xd,
  0xa,0xf0,0xfe,0xec,0xea,0xe0,0xd,0xa,0xe2,0xee,0xf1,0xea,0xf0,0xe5,0xf1,0xe5,
  0xed,0xfc,0xe5,0xd,0xa,0xef,0xe0,0xef,0xe8,0xf0,0xee,0xf1,0xe0,0xd,0xa,0xf1,
  0xf2,0xe0,0xf2,0xf3,0xf1,0xd,0xa,0xe3,0xe8,0xec,0xed,0xe0,0xf1,0xf2,0xe5,0xf0,
  0xea,0xe0,0xd,0xa,0xef,0xee,0xe2,0xfb,0xf8,0xe5,0xed,0xe8,0xe5,0xd,0xa,0xf1,
  0xf3,0xe1,0xe1,0xee,0xf2,0xe0,0xd,0xa,0xe4,0xed,0xe5,0xe2,0xed,0xe8,0xea,0xd,
  0xa,0xea,0xe8,0xf2,0xe0,0xe9,0xd,0xa,0xee,0xf0,0xe5,0xeb,0xd,0xa,0xe6,0xe5,
  0xed,0xe8,0xf5,0xd,0xa,0xe0,0xea,0xf6,0xe8,0xff,0xd,0xa,0xf3,0xe2,0xe5,0xf0,
  0xe5,0xed,0xed,0xee,0xf1,0xf2,0xfc,0xd,0xa,0xe1,0xf0,0xe8,0xe3,0xe0,0xe4,0xe8,
  0xf0,0xd,0xa,0xe2,0xe7,0xe3,0xeb,0xff,0xe4,0xd,0xa,0xe1,0xee,0xe3,0xd,0xa,
  0xef,0xe5,0xf0,0xe5,0xec,0xe5,0xed,0xe0,0xd,0xa,0xe2,0xfb,0xe1,0xee,0xf0,0xfb,
  0xd,0xa,0xed,0xee,0xf1,0xee,0xea,0xd,0xa,0xee,0xeb,0xe5,0xed,0xfc,0xd,0xa,
  0xf1,0xee,0xf1,0xed,0xe0,0xd,0xa,0xf8,0xf2,0xe0,0xf2,0xd,0xa,0xef,0xee,0xe7,
  0xe0,0xd,0xa,0xef,0xee,0xeb,0xf3,0xf7,0xe5,0xed,0xe8,0xe5,0xd,0xa,0xf1,0xf2,
  0xf3,0xef,0xe5,0xed,0xfc,0xea,0xe0,0xd,0xa,0xef,0xf0,0xe8,0xea,0xeb,0xfe,0xf7,
  0xe5,0xed,0xe8,0xe5,0xd,0xa,0xf1,0xe2,0xee,0xe9,0xf1,0xf2,0xe2,0xee,0xd,0xa,
  0xe4,0xe5,0xec,0xee,0xea,0xf0,0xe0,0xf2,0xe8,0xff,0xd,0xa,0xee,0xea,0xee,0xef,
  0xd,0xa,0xf2,0xee,0xea,0xd,0xa,0xe1,0xeb,0xfe,0xe4,0xee,0xd,0xa,0xeb,0xe0,
  0xe2,0xea,0xe0,0xd,0xa,0xef,0xe5,0xf0,0xe5,0xe2,0xee,0xe4,0xd,0xa,0xf1,0xf2,
  0xf0,0xe5,0xeb,0xe0,0xd,0xa,0xf3,0xe3,0xee,0xeb,0xee,0xea,0xd,0xa,0xee,0xe1,
  0xec,0xe5,0xed,0xd,0xa,0xf2,0xf3,0xf0,0xe8,0xf1,0xf2,0xd,0xa,0xe3,0xeb,0xe0,
  0xe7,0xee,0xea,0xd,0xa,0xea,0xe8,0xf0,0xef,0xe8,0xf7,0xd,0xa,0xe2,0xe5,0xeb,
  0xe8,0xf7,0xe8,0xed,0xe0,0xd,0xa,0xe2,0xee,0xe7,0xe4,0xe5,0xe9,0xf1,0xf2,0xe2,
  0xe8,0xe5,0xd,0xa,0xea,0xf0,0xfb,0xf8,0xea,0xe0,0xd,0xa,0xea,0xee,0xec,0xe1,
  0xe0,0xf2,0xd,0xa,0xe3,0xf0,0xf3,0xe7,0xd,0xa,0xe7,0xe0,0xe2,0xe8,0xf1,0xe8,
  0xec,0xee,0xf1,0xf2,0xfc,0xd,0xa,0xe8,0xec,0xef,0xe5,0xf0,0xe8,0xff,0xd,0xa,
  0xf3,0xe7,0xe5,0xeb,0xd,0xa,0xef,0xeb,0xe5,0xf7,0xee,0xd,0xa,0xed,0xe0,0xf0,
  0xee,0xe4,0xd,0xa,0xe3,0xeb,0xee,0xf2,0xee,0xea,0xd,0xa,0xe4,0xee,0xea,0xe0,
  0xe7,0xe0,0xf2,0xe5,0xeb,0xfc,0xf1,0xf2,0xe2,0xee,0xd,0xa,0xea,0xee,0xec,0xec,
  0xf3,0xed,0xe8,0xe7,0xec,0xd,0xa,0xed,0xe0,0xf6,0xe8,0xff,0xd,0xa,0xf0,0xe0,
  0xf1,0xf1,0xe2,0xe5,0xf2,0xd,0xa,0xec,0xfb,0xf8,0xf6,0xe0,0xd,0xa,0xe2,0xee,
  0xf0,0xee,0xe1,0xe5,0xe9,0xd,0xa,0xf7,0xe5,0xf7,0xed,0xff,0xd,0xa,0xef,0xf0,
  0xee,0xf5,0xee,0xe4,0xd,0xa,0xf2,0xe2,0xee,0xf0,0xf7,0xe5,0xf1,0xf2,0xe2,0xee,
  0xd,0xa,0xe4,0xfc,0xff,0xe2,0xee,0xeb,0xd,0xa,0xe8,0xf1,0xef,0xee,0xeb,0xfc,
  0xe7,0xee,0xe2,0xe0,0xed,0xe8,0xe5,0xd,0xa,0xea,0xe0,0xf8,0xe0,0xd,0xa,0xee,
  0xf2,0xf7,0xe5,0xf2,0xd,0xa,0xf1,0xe0,0xf0,0xe0,0xe9,0xd,0xa,0xea,0xee,0xeb,
  0xe1,0xe0,0xf1,0xe0,0xd,0xa,0xe4,0xf0,0xe0,0xea,0xe0,0xd,0xa,0xeb,0xe8,0xf4,
  0xf2,0xd,0xa,0xf2,0xf0,0xff,0xef,0xea,0xe0,0xd,0xa,0xf1,0xf2,0xe0,0xf0,0xee,
  0xf1,0xf2,0xfc,0xd,0xa,0xf6,0xe8,0xe2,0xe8,0xeb,0xe8,0xe7,0xe0,0xf6,0xe8,0xff,
  0xd,0xa,0xe2,0xee,0xe5,0xed,0xed,0xfb,0xe9,0xd,0xa,0xe7,0xf0,0xe8,0xf2,0xe5,
  0xeb,0xfc,0xd,0xa,0xf1,0xee,0xe1,0xe5,0xf1,0xe5,0xe4,0xed,0xe8,0xea,0xd,0xa,
  0xe0,0xea,0xea,0xf3,0xec,0xf3,0xeb,0xff,0xf2,0xee,0xf0,0xd,0xa,0xe2,0xe5,0xf0,
  0xf1,0xe8,0xff,0xd,0xa,0xea,0xee,0xef,0xe5,0xe9,0xea,0xe0,0xd,0xa,0xed,0xee,
  0xe6,0xea,0xe0,0xd,0xa,0xe0,0xea,0xe0,0xe4,0xe5,0xec,0xe8,0xea,0xd,0xa,0xee,
  0xf1,0xf2,0xe0,0xed,0xee,0xe2,0xea,0xe0,0xd,0xa,0xef,0xf3,0xf1,0xf2,0xee,0xf2,
  0xe0,0xd,0xa,0xf0,0xfb,0xf6,0xe0,0xf0,0xfc,0xd,0xa,0xef,0xee,0xeb,0xd,0xa,
  0xe2,0xe5,0xf7,0xe5,0xf0,0xd,0xa,0xf3,0xf2,0xf0,0xee,0xd,0xa,0xe2,0xee,0xeb,
  0xe3,0xe0,0xd,0xa,0xee,0xf6,0xe5,0xed,0xea,0xe0,0xd,0xa,0xef,0xe0,0xf0,0xee,
  0xf5,0xee,0xe4,0xd,0xa,0xe0,0xf2,0xec,0xee,0xf1,0xf4,0xe5,0xf0,0xe0,0xd,0xa,
  0xee,0xea,0xf0,0xf3,0xe6,0xe0,0xfe,0xf9,0xe5,0xe5,0xd,0xa,0xf2,0xf3,0xe0,0xeb,
  0xe5,0xf2,0xd,0xa,0xf3,0xe4,0xe0,0xf7,0xe0,0xd,0xa,0xee,0xe4,0xe8,0xed,0xee,
  0xf7,0xe5,0xf1,0xf2,0xe2,0xee,0xd,0xa,0xf0,0xe5,0xe0,0xeb,0xfc,0xed,0xee,0xf1,
  0xf2,0xfc,0xd,0xa,0xf1,0xe0,0xf5,0xe0,0xf0,0xd,0xa,0xf1,0xee,0xf6,0xe8,0xe0,
  0xeb,0xe8,0xe7,0xec,0xd,0xa,0xf1,0xf3,0xe4,0xed,0xee,0xd,0xa,0xec,0xee,0xeb,
  0xed,0xe8,0xff,0xd,0xa,0xef,0xf0,0xe5,0xf1,0xf1,0xe0,0xd,0xa,0xef,0xee,0xed,
  0xe8,0xec,0xe0,0xed,0xe8,0xe5,0xd,0xa,0xef,0xf3,0xf1,0xf2,0xfb,0xed,0xff,0xd,
  0xa,0xee,0xf5,0xee,0xf2,0xed,0xe8,0xea,0xd,0xa,0xf1,0xea,0xe0,0xec,0xe5,0xe9,
  0xea,0xe0,0xd,0xa,0xfd,0xea,0xe7,0xe0,0xec,0xe5,0xed,0xd,0xa,0xe7,0xe0,0xea,
  0xeb,0xfe,0xf7,0xe5,0xed,0xe8,0xe5,0xd,0xa,0xe8,0xf1,0xea,0xf0,0xe0,0xd,0xa,
  0xf2,0xf0,0xf3,0xf1,0xd,0xa,0xec,0xe8,0xed,0xe8,0xf1,0xf2,0xe5,0xf0,0xf1,0xf2,
  0xe2,0xee,0xd,0xa,0xed,0xe5,0xe4,0xee,0xf1,0xf2,0xe0,0xf2,0xee,0xea,0xd,0xa,
  0xef,0xf0,0xe5,0xef,0xe0,0xf0,0xe0,0xf2,0xd,0xa,0xee,0xe1,0xee,0xeb,0xee,0xf7,
  0xea,0xe0,0xd,0xa,0xef,0xf3,0xf8,0xee,0xea,0xd,0xa,0xf0,0xf3,0xe1,0xe0,0xf5,
  0xe0,0xd,0xa,0xec,0xe0,0xf1,0xf2,0xe5,0xf0,0xf1,0xea,0xe0,0xff,0xd,0xa,0xef,
  0xf0,0xee,0xe8,0xf1,0xf5,0xee,0xe6,0xe4,0xe5,0xed,0xe8,0xe5,0xd,0xa,0xf1,0xef,
  0xee,0xf0,0xe0,0xd,0xa,0xe1,0xee,0xf7,0xee,0xea,0xd,0xa,0xe4,0xee,0xe3,0xee,
  0xe2,0xee,0xf0,0xd,0xa,0xec,0xf3,0xe7,0xfb,0xea,0xe0,0xed,0xf2,0xd,0xa,0xef,
  0xee,0xf5,0xee,0xe4,0xd,0xa,0xe1,0xeb,0xe5,0xf1,0xea,0xd,0xa,0xeb,0xe5,0xed,
  0xf2,0xe0,0xd,0xa,0xef,0xee,0xf2,0xf0,0xe5,0xe1,0xed,0xee,0xf1,0xf2,0xfc,0xd,
  0xa,0xef,0xee,0xe4,0xe4,0xe5,0xf0,0xe6,0xea,0xe0,0xd,0xa,0xe8,0xfe,0xed,0xfc,
  0xd,0xa,0xea,0xee,0xec,0xef,0xeb,0xe5,0xea,0xf1,0xd,0xa,0xef,0xee,0xf0,0xf2,
  0xd,0xa,0xf1,0xf2,0xe0,0xf0,0xe8,0xf7,0xee,0xea,0xd,0xa,0xe4,0xf3,0xf8,0xe0,
  0xd,0xa,0xea,0xf3,0xf1,0xee,0xf7,0xe5,0xea,0xd,0xa,0xec,0xee,0xe4,0xe0,0xd,
  0xa,0xef,0xe0,0xeb,0xe0,0xf2,0xe0,0xd,0xa,0xf1,0xf3,0xef,0xd,0xa,0xea,0xee,
  0xed,0xf2,0xee,0xf0,0xe0,0xd,0xa,0xed,0xe5,0xef,0xf0,0xe8,0xff,0xf2,0xed,0xee,
  0xf1,0xf2,0xfc,0xd,0xa,0xe3,0xf0,0xee,0xf5,0xee,0xf2,0xd,0xa,0xea,0xf0,0xee,
  0xeb,0xe8,0xea,0xd,0xa,0xef,0xe8,0xf2,0xe0,0xed,0xe8,0xe5,0xd,0xa,0xef,0xee,
  0xeb,0xe8,0xf2,0xe8,0xea,0xd,0xa,0xf8,0xea,0xf3,0xf0,0xe0,0xd,0xa,0xea,0xee,
  0xec,0xe8,0xf1,0xf1,0xe0,0xf0,0xd,0xa,0xf1,0xe2,0xe8,0xe4,0xe0,0xed,0xe8,0xe5,
  0xd,0xa,0xe0,0xe3,0xe5,0xed,0xf2,0xd,0xa,0xed,0xe0,0xe4,0xe5,0xeb,0xd,0xa,
  0xf0,0xee,0xe7,0xe0,0xd,0xa,0xf1,0xee,0xeb,0xfc,0xd,0xa,0xf1,0xf3,0xef,0xf0,
  0xf3,0xe3,0xd,0xa,0xff,0xed,0xe2,0xe0,0xf0,0xfc,0xd,0xa,0xe7,0xe0,0xf1,0xe5,
  0xe4,0xe0,0xed,0xe8,0xe5,0xd,0xa,0xef,0xe0,0xf2,0xf0,0xee,0xed,0xd,0xa,0xe2,
  0xeb,0xe0,0xe4,0xe5,0xeb,0xe5,0xf6,0xd,0xa,0xef,0xeb,0xee,0xe4,0xd,0xa,0xf1,
  0xe2,0xe8,0xed,0xfc,0xff,0xd,0xa,0xf5,0xf0,0xe5,0xed,0xd,0xa,0xe4,0xee,0xf0,
  0xee,0xe6,0xea,0xe0,0xd,0xa,0xec,0xe8,0xf1,0xf2,0xe5,0xf0,0xd,0xa,0xef,0xf0,
  0xee,0xff,0xe2,0xeb,0xe5,0xed,0xe8,0xe5,0xd,0xa,0xf2,0xe0,0xea,0xf1,0xe8,0xd,
  0xa,0xea,0xed,0xee,0xef,0xea,0xe0,0xd,0xa,0xeb,0xee,0xef,0xe0,0xf2,0xe0,0xd,
  0xa,0xf1,0xef,0xf0,0xe0,0xe2,0xe5,0xe4,0xeb,0xe8,0xe2,0xee,0xf1,0xf2,0xfc,0xd,
  0xa,0xe1,0xf0,0xe0,0xea,0xd,0xa,0xef,0xee,0xf1,0xf3,0xe4,0xe0,0xd,0xa,0xf3,
  0xeb,0xe8,0xf6,0xe0,0xd,0xa,0xea,0xed,0xe8,0xe3,0xe0,0xd,0xa,0xf7,0xe0,0xf1,
  0xf2,0xfc,0xd,0xa,0xf1,0xef,0xe8,0xf7,0xea,0xe0,0xd,0xa,0xfd,0xea,0xf1,0xef,
  0xe5,0xe4,0xe8,0xf6,0xe8,0xff,0xd,0xa,0xe4,0xf3,0xf0,0xe0,0xd,0xa,0xea,0xe0,
  0xe4,0xf0,0xd,0xa,0xf0,0xf3,0xea,0xee,0xef,0xe8,0xf1,0xfc,0xd,0xa,0xf1,0xe8,
  0xe4,0xe5,0xed,0xfc,0xe5,0xd,0xa,0xee,0xf2,0xef,0xf3,0xf1,0xea,0xd,0xa,0xf1,
  0xea,0xe0,0xed,0xe4,0xe0,0xeb,0xd,0xa,0xf1,0xf2,0xf3,0xea,0xd,0xa,0xf3,0xf7,
  0xe8,0xeb,0xe8,0xf9,0xe5,0xd,0xa,0xe3,0xe0,0xeb,0xf1,0xf2,0xf3,0xea,0xd,0xa,
  0xe3,0xee,0xf1,0xef,0xe8,0xf2,0xe0,0xeb,0xfc,0xd,0xa,0xf0,0xe0,0xf1,0xef,0xee,
  0xf0,0xff,0xe6,0xe5,0xed,0xe8,0xe5,0xd,0xa,0xec,0xf3,0xea,0xe0,0xd,0xa,0xee,
  0xf2,0xf7,0xe0,0xff,0xed,0xe8,0xe5,0xd,0xa,0xef,0xf0,0xe8,0xec,0xe5,0xed,0xe5,
  0xed,0xe8,0xe5,0xd,0xa,0xe2,0xfb,0xe7,0xee,0xe2,0xd,0xa,0xf1,0xef,0xf3,0xf2,
  0xed,0xe8,0xea,0xd,0xa,0xf1,0xe2,0xee,0xeb,0xee,0xf7,0xfc,0xd,0xa,0xf0,0xf3,
  0xeb,0xfc,0xd,0xa,0xf2,0xf0,0xe5,0xe1,0xee,0xe2,0xe0,0xed,0xe8,0xe5,0xd,0xa,
  0xea,0xee,0xe9,0xea,0xe0,0xd,0xa,0xef,0xee,0xef,0xd,0xa,0xe8,0xed,0xee,0xf1,
  0xf2,0xf0,0xe0,0xed,0xe5,0xf6,0xd,0xa,0xea,0xee,0xec,0xed,0xe0,0xf2,0xe0,0xd,
  0xa,0xec,0xee,0xf1,0xea,0xe2,0xe0,0xd,0xa,0xe1,0xe8,0xe7,0xed,0xe5,0xf1,0xd,
  0xa,0xf1,0xef,0xe8,0xf0,0xf2,0xd,0xa,0xea,0xe0,0xf0,0xe0,0xed,0xe4,0xe0,0xf8,
  0xd,0xa,0xeb,0xe8,0xe4,0xe5,0xf0,0xd,0xa,0xef,0xf0,0xe8,0xed,0xf6,0xd,0xa,
  0xef,0xf0,0xee,0xea,0xf3,0xf0,0xee,0xf0,0xd,0xa,0xf1,0xee,0xe1,0xf1,0xf2,0xe2,
  0xe5,0xed,0xed,0xee,0xf1,0xf2,0xfc,0xd,0xa,0xe0,0xed,0xe0,0xeb,0xe8,0xe7,0xd,
  0xa,0xea,0xee,0xe2,0xe5,0xf0,0xd,0xa,0xea,0xf0,0xe0,0xf1,0xe0,0xe2,0xe8,0xf6,
  0xe0,0xd,0xa,0xef,0xee,0xf1,0xeb,0xe5,0xe4,0xf1,0xf2,0xe2,0xe8,0xe5,0xd,0xa,
  0xef,0xee,0xe4,0xe3,0xee,0xf2,0xee,0xe2,0xea,0xe0,0xd,0xa,0xee,0xf2,0xe5,0xeb,
  0xfc,0xd,0xa,0xee,0xe1,0xff,0xe7,0xe0,0xed,0xed,0xee,0xf1,0xf2,0xfc,0xd,0xa,
  0xe3,0xe2,0xee,0xe7,0xe4,0xfc,0xd,0xa,0xea,0xe0,0xf4,0xe5,0xd,0xa,0xed,0xe0,
  0xe7,0xed,0xe0,0xf7,0xe5,0xed,0xe8,0xe5,0xd,0xa,0xf3,0xe1,0xe8,0xe9,0xf6,0xe0,
  0xd,0xa,0xec,0xe0,0xeb,0xfb,0xf8,0xd,0xa,0xe3,0xe8,0xe1,0xe5,0xeb,0xfc,0xd,
  0xa,0xea,0xe0,0xf0,0xfc,0xe5,0xf0,0xe0,0xd,0xa,0xe2,0xe8,0xe7,0xe0,0xd,0xa,
  0xef,0xee,0xf0,0xf2,0xf4,0xe5,0xeb,0xfc,0xd,0xa,0xea,0xe0,0xed,0xe4,0xe8,0xe4,
  0xe0,0xf2,0xd,0xa,0xef,0xf0,0xe8,0xe1,0xee,0xf0,0xd,0xa,0xe1,0xf0,0xe5,0xe2,
  0xed,0xee,0xd,0xa,0xe3,0xee,0xf0,0xe4,0xee,0xf1,0xf2,0xfc,0xd,0xa,0xed,0xe5,
  0xe2,0xe5,0xf1,0xf2,0xe0,0xd,0xa,0xe2,0xe5,0xf0,0xf5,0xd,0xa,0xe8,0xe7,0xee,
  0xe1,0xf0,0xe0,0xe6,0xe5,0xed,0xe8,0xe5,0xd,0xa,0xec,0xee,0xf0,0xff,0xea,0xd,
  0xa,0xf0,0xe5,0xf1,0xef,0xf3,0xe1,0xeb,0xe8,0xea,0xe0,0xd,0xa,0xf0,0xe5,0xf7,
  0xea,0xe0,0xd,0xa,0xe3,0xee,0xf1,0xf3,0xe4,0xe0,0xf0,0xfc,0xd,0xa,0xef,0xe5,
  0xf7,0xfc,0xd,0xa,0xeb,0xe5,0xea,0xf6,0xe8,0xff,0xd,0xa,0xeb,0xe5,0xf2,0xf7,
  0xe8,0xea,0xd,0xa,0xe8,0xe4,0xe8,0xee,0xf2,0xd,0xa,0xed,0xe5,0xed,0xe0,0xe2,
  0xe8,0xf1,0xf2,0xfc,0xd,0xa,0xe2,0xee,0xe7,0xe2,0xf0,0xe0,0xf9,0xe5,0xed,0xe8,
  0xe5,0xd,0xa,0xea,0xee,0xe7,0xe5,0xeb,0xd,0xa,0xfd,0xf2,0xe0,0xef,0xd,0xa,
  0xed,0xe0,0xeb,0xe8,0xf7,0xe8,0xe5,0xd,0xa,0xf0,0xe0,0xe7,0xf0,0xe5,0xf8,0xe5,
  0xed,0xe8,0xe5,0xd,0xa,0xec,0xe8,0xed,0xe0,0xd,0xa,0xec,0xee,0xe4,0xe5,0xeb,
  0xfc,0xd,0xa,0xf2,0xee,0xeb,0xfc,0xd,0xa,0xe0,0xed,0xe3,0xe5,0xeb,0xd,0xa,
  0xe1,0xeb,0xe0,0xe3,0xee,0xd,0xa,0xe1,0xe5,0xeb,0xfc,0xe5,0xd,0xa,0xf3,0xf1,
  0xeb,0xf3,0xe3,0xe0,0xd,0xa,0xea,0xee,0xed,0xf6,0xe5,0xf0,0xf2,0xd,0xa,0xec,
  0xea,0xd,0xa,0xf0,0xe0,0xe7,0xf3,0xec,0xd,0xa,0xef,0xe0,0xef,0xea,0xe0,0xd,
  0xa,0xee,0xea,0xed,0xee,0xd,0xa,0xe7,0xe0,0xec,0xe5,0xf1,0xf2,0xe8,0xf2,0xe5,
  0xeb,0xfc,0xd,0xa,0xec,0xe0,0xf0,0xea,0xe0,0xd,0xa,0xf1,0xed,0xe0,0xf0,0xff,
  0xe4,0xd,0xa,0xef,0xeb,0xe0,0xec,0xff,0xd,0xa,0xe0,0xeb,0xfc,0xe1,0xee,0xec,
  0xd,0xa,0xe1,0xee,0xeb,0xee,0xf2,0xee,0xd,0xa,0xee,0xf2,0xe2,0xe5,0xf2,0xf1,
  0xf2,0xe2,0xe5,0xed,0xed,0xee,0xf1,0xf2,0xfc,0xd,0xa,0xe2,0xe7,0xe2,0xee,0xe4,
  0xd,0xa,0xf0,0xfb,0xe1,0xe0,0xea,0xd,0xa,0xe7,0xe0,0xe2,0xf2,0xf0,0xe0,0xea,
  0xd,0xa,0xe4,0xe2,0xe8,0xe3,0xe0,0xf2,0xe5,0xeb,0xfc,0xd,0xa,0xf1,0xe5,0xed,
  0xf2,0xff,0xe1,0xf0,0xfc,0xd,0xa,0xea,0xeb,0xe8,0xe5,0xed,0xf2,0xd,0xa,0xe4,
  0xf3,0xec,0xe0,0xd,0xa,0xf2,0xf3,0xf7,0xe0,0xd,0xa,0xec,0xe0,0xe9,0xd,0xa,
  0xed,0xe0,0xe1,0xeb,0xfe,0xe4,0xe5,0xed,0xe8,0xe5,0xd,0xa,0xf8,0xe0,0xed,0xf1,
  0xd,0xa,0xe4,0xee,0xf0,0xee,0xe3,0xe0,0xd,0xa,0xe4,0xe0,0xf0,0xd,0xa,0xec,
  0xe5,0xf2,0xf0,0xee,0xd,0xa,0xf0,0xe5,0xe6,0xe8,0xf1,0xf1,0xe5,0xf0,0xd,0xa,
  0xe4,0xe0,0xe2,0xeb,0xe5,0xed,0xe8,0xe5,0xd,0xa,0xf0,0xe5,0xe4,0xe0,0xea,0xf2,
  0xee,0xf0,0xd,0xa,0xf9,0xe5,0xeb,0xfc,0xd,0xa,0xef,0xee,0xe4,0xe1,0xee,0xf0,
  0xee,0xe4,0xee,0xea,0xd,0xa,0xf1,0xf2,0xe8,0xeb,0xfc,0xd,0xa,0xee,0xe3,0xee,
  0xed,0xe5,0xea,0xd,0xa,0xee,0xe1,0xee,0xf0,0xee,0xed,0xe0,0xd,0xa,0xe2,0xe8,
  0xed,0xf2,0xee,0xe2,0xea,0xe0,0xd,0xa,0xeb,0xe5,0xe2,0xd,0xa,0xf2,0xff,0xe6,
  0xe5,0xf1,0xf2,0xfc,0xd,0xa,0xe2,0xed,0xf3,0xea,0xd,0xa,0xe2,0xee,0xf0,0xd,
  0xa,0xf1,0xf2,0xe5,0xef,0xfc,0xd,0xa,0xe2,0xee,0xee,0xe1,0xf0,0xe0,0xe6,0xe5,
  0xed,0xe8,0xe5,0xd,0xa,0xe4,0xe5,0xe2,0xea,0xe0,0xd,0xa,0xe4,0xe5,0xe9,0xf1,
  0xf2,0xe2,0xe8,0xf2,0xe5,0xeb,0xfc,0xed,0xee,0xf1,0xf2,0xfc,0xd,0xa,0xee,0xe1,
  0xfa,0xff,0xf1,0xed,0xe5,0xed,0xe8,0xe5,0xd,0xa,0xf1,0xea,0xeb,0xee,0xed,0xd,
  0xa,0xe8,0xf2,0xee,0xe3,0xd,0xa,0xea,0xe0,0xf0,0xf2,0xee,0xf7,0xea,0xe0,0xd,
  0xa,0xea,0xee,0xec,0xe8,0xf2,0xe5,0xf2,0xd,0xa,0xf1,0xf2,0xf0,0xe5,0xeb,0xee,
  0xea,0xd,0xa,0xf2,0xee,0xe2,0xe0,0xf0,0xe8,0xf9,0xd,0xa,0xec,0xe0,0xf2,0xfc,
  0xd,0xa,0xf1,0xe2,0xe5,0xf2,0xd,0xa,0xf1,0xf2,0xf0,0xe0,0xed,0xe0,0xd,0xa,
  0xef,0xf0,0xe0,0xe2,0xe4,0xe0,0xd,0xa,0xe1,0xee,0xec,0xe1,0xe0,0xd,0xa,0xe2,
  0xee,0xe8,0xed,0xd,0xa,0xea,0xed,0xff,0xe7,0xfc,0xd,0xa,0xf1,0xeb,0xe0,0xe1,
  0xee,0xf1,0xf2,0xfc,0xd,0xa,0xf2,0xe0,0xed,0xe5,0xf6,0xd,0xa,0xe6,0xe5,0xeb,
  0xf3,0xe4,0xee,0xea,0xd,0xa,0xe7,0xe0,0xff,0xf6,0xd,0xa,0xf1,0xfd,0xf0,0xd,
  0xa,0xf6,0xe5,0xed,0xed,0xee,0xf1,0xf2,0xfc,0xd,0xa,0xef,0xe0,0xea,0xe5,0xf2,
  0xd,0xa,0xef,0xe5,0xed,0xf1,0xe8,0xff,0xd,0xa,0xed,0xee,0xff,0xe1,0xf0,0xfc,
  0xd,0xa,0xf1,0xf2,0xf0,0xee,0xe8,0xf2,0xe5,0xeb,0xfc,0xf1,0xf2,0xe2,0xee,0xd,
  0xa,0xec,0xee,0xeb,0xee,0xe4,0xe5,0xe6,0xfc,0xd,0xa,0xe1,0xe0,0xed,0xe4,0xe8,
  0xf2,0xd,0xa,0xeb,0xe0,0xe1,0xee,0xf0,0xe0,0xf2,0xee,0xf0,0xe8,0xff,0xd,0xa,
  0xec,0xee,0xf1,0xea,0xe2,0xe8,0xf7,0xd,0xa,0xe3,0xee,0xf0,0xee,0xe4,0xee,0xea,
  0xd,0xa,0xeb,0xf3,0xea,0xd,0xa,0xea,0xee,0xeb,0xf5,0xee,0xe7,0xd,0xa,0xf1,
  0xe2,0xe0,0xe4,0xfc,0xe1,0xe0,0xd,0xa,0xe4,0xe5,0xea,0xe0,0xe1,0xf0,0xfc,0xd,
  0xa,0xef,0xf3,0xe1,0xeb,0xe8,0xea,0xe0,0xd,0xa,0xe3,0xe5,0xed,0xe8,0xe9,0xd,
  0xa,0xef,0xe5,0xf0,0xe5,0xe4,0xe0,0xf7,0xe0,0xd,0xa,0xf0,0xe5,0xe4,0xe0,0xea,
  0xf6,0xe8,0xff,0xd,0xa,0xe6,0xe5,0xed,0xe0,0xd,0xa,0xec,0xe8,0xed,0xf3,0xf2,
  0xe0,0xd,0xa,0xed,0xee,0xe2,0xee,0xf1,0xf2,0xfc,0xd,0xa,0xe6,0xf3,0xea,0xd,
  0xa,0xef,0xe5,0xf2,0xe5,0xf0,0xe1,0xf3,0xf0,0xe3,0xd,0xa,0xf8,0xe5,0xf4,0xd,
  0xa,0xe3,0xee,0xf0,0xe8,0xe7,0xee,0xed,0xf2,0xd,0xa,0xe4,0xe5,0xf2,0xe0,0xeb,
  0xfc,0xd,0xa,0xea,0xee,0xed,0xf2,0xe0,0xea,0xf2,0xd,0xa,0xe4,0xf0,0xd,0xa,
  0xea,0xee,0xed,0xfc,0xff,0xea,0xd,0xa,0xe4,0xe8,0xe2,0xe8,0xe7,0xe8,0xff,0xd,
  0xa,0xf2,0xe5,0xf2,0xea,0xe0,0xd,0xa,0xe1,0xe5,0xe3,0xd,0xa,0xef,0xee,0xe4,
  0xf3,0xf8,0xea,0xe0,0xd,0xa,0xe4,0xf0,0xee,0xe2,0xe0,0xd,0xa,0xe7,0xe2,0xe0,
  0xed,0xe8,0xe5,0xd,0xa,0xef,0xf0,0xe5,0xf1,0xf2,0xf3,0xef,0xed,0xe8,0xea,0xd,
  0xa,0xef,0xee,0xf1,0xf2,0xf3,0xef,0xee,0xea,0xd,0xa,0xf1,0xeb,0xe5,0xe4,0xf1,
  0xf2,0xe2,0xe8,0xe5,0xd,0xa,0xff,0xe9,0xf6,0xee,0xd,0xa,0xe0,0xec,0xe5,0xf0,
  0xe8,0xea,0xe0,0xed,0xe5,0xf6,0xd,0xa,0xe7,0xed,0xe0,0xea,0xee,0xec,0xf1,0xf2,
  0xe2,0xee,0xd,0xa,0xe4,0xe5,0xef,0xf3,0xf2,0xe0,0xf2,0xd,0xa,0xef,0xf3,0xf2,
  0xe5,0xf8,0xe5,0xf1,0xf2,0xe2,0xe8,0xe5,0xd,0xa,0xf2,0xf0,0xe0,0xe4,0xe8,0xf6,
  0xe8,0xff,0xd,0xa,0xf4,0xf0,0xe0,0xed,0xf6,0xe8,0xff,0xd,0xa,0xff,0xe1,0xeb,
  0xee,0xea,0xee,0xd,0xa,0xf3,0xe3,0xf0,0xee,0xe7,0xe0,0xd,0xa,0xe7,0xee,0xeb,
  0xee,0xf2,0xee,0xd,0xa,0xee,0xf2,0xe4,0xfb,0xf5,0xd,0xa,0xeb,0xe8,0xf1,0xf2,
  0xee,0xea,0xd,0xa,0xf1,0xf3,0xe4,0xfc,0xff,0xd,0xa,0xf1,0xf4,0xe5,0xf0,0xe0,
  0xd,0xa,0xef,0xe5,0xf0,0xee,0xd,0xa,0xe7,0xe0,0xe4,0xe0,0xed,0xe8,0xe5,0xd,
  0xa,0xef,0xf0,0xe8,0xf1,0xf3,0xf2,0xf1,0xf2,0xe2,0xe8,0xe5,0xd,0xa,0xf0,0xf3,
  0xe6,0xfc,0xe5,0xd,0xa,0xf1,0xf2,0xf0,0xf3,0xea,0xf2,0xf3,0xf0,0xe0,0xd,0xa,
  0xf3,0xf7,0xe0,0xf1,0xf2,0xed,0xe8,0xea,0xd,0xa,0xec,0xe5,0xeb,0xee,0xf7,0xfc,
  0xd,0xa,0xe8,0xed,0xf1,0xf2,0xf0,0xf3,0xec,0xe5,0xed,0xf2,0xd,0xa,0xe1,0xe0,
  0xf8,0xed,0xff,0xd,0xa,0xe1,0xe0,0xf2,0xe0,0xeb,0xfc,0xee,0xed,0xd,0xa,0xe3,
  0xf0,0xf3,0xe7,0xee,0xe2,0xe8,0xea,0xd,0xa,0xe8,0xec,0xef,0xe5,0xf0,0xe0,0xf2,
  0xee,0xf0,0xd,0xa,0xef,0xf3,0xeb,0xe5,0xec,0xe5,0xf2,0xd,0xa,0xf4,0xf3,0xed,
  0xea,0xf6,0xe8,0xff,0xd,0xa,0xe4,0xe5,0xed,0xfc,0xe3,0xe8,0xd,0xa,0xea,0xeb,
  0xe0,0xe4,0xe1,0xe8,0xf9,0xe5,0xd,0xa,0xef,0xe5,0xf0,0xe5,0xf5,0xee,0xe4,0xd,
  0xa,0xeb,0xe5,0xea,0xe0,0xf0,0xf1,0xf2,0xe2,0xee,0xd,0xa,0xe2,0xe5,0xf0,0xf2,
  0xee,0xeb,0xe5,0xf2,0xd,0xa,0xed,0xe5,0xf0,0xe2,0xd,0xa,0xf1,0xe5,0xf2,0xfc,
  0xd,0xa,0xf6,0xea,0xd,0xa,0xe1,0xe8,0xe1,0xeb,0xe8,0xee,0xf2,0xe5,0xea,0xe0,
  0xd,0xa,0xe1,0xee,0xeb,0xfc,0xed,0xee,0xe9,0xd,0xa,0xf1,0xe8,0xe3,0xed,0xe0,
  0xeb,0xd,0xa,0xec,0xe0,0xf0,0xf2,0xd,0xa,0xf3,0xe6,0xe8,0xed,0xd,0xa,0xe1,
  0xe0,0xed,0xff,0xd,0xa,0xe2,0xee,0xe9,0xed,0xe0,0xd,0xa,0xe2,0xee,0xeb,0xed,
  0xe5,0xed,0xe8,0xe5,0xd,0xa,0xe8,0xf1,0xea,0xeb,0xfe,0xf7,0xe5,0xed,0xe8,0xe5,
  0xd,0xa,0xe2,0xe5,0xf0,0xe5,0xe2,0xea,0xe0,0xd,0xa,0xe7,0xe0,0xf0,0xef,0xeb,
  0xe0,0xf2,0xe0,0xd,0xa,0xeb,0xee,0xe6,0xea,0xe0,0xd,0xa,0xec,0xe5,0xf2,0xee,
  0xe4,0xe0,0xd,0xa,0xed,0xee,0xf0,0xec,0xe0,0xd,0xa,0xe4,0xe2,0xe5,0xf0,0xf6,
  0xe0,0xd,0xa,0xea,0xee,0xed,0xf2,0xf0,0xee,0xeb,0xfc,0xd,0xa,0xef,0xee,0xf2,
  0xe5,0xf0,0xff,0xd,0xa,0xe8,0xe7,0xf0,0xe0,0xe8,0xeb,0xfc,0xd,0xa,0xec,0xe5,
  0xf5,0xe0,0xed,0xe8,0xe7,0xec,0xd,0xa,0xe6,0xe0,0xf0,0xd,0xa,0xef,0xe0,0xec,
  0xff,0xf2,0xed,0xe8,0xea,0xd,0xa,0xef,0xee,0xe3,0xee,0xe4,0xe0,0xd,0xa,0xe2,
  0xee,0xef,0xf0,0xee,0xf1,0xd,0xa,0xed,0xe0,0xf7,0xe0,0xeb,0xee,0xd,0xa,0xe3,
  0xf0,0xe8,0xe1,0xd,0xa,0xf1,0xf2,0xe0,0xf0,0xf3,0xf8,0xea,0xe0,0xd,0xa,0xe4,
  0xee,0xeb,0xff,0xd,0xa,0xeb,0xe0,0xec,0xef,0xe0,0xd,0xa,0xef,0xee,0xe4,0xe2,
  0xe0,0xeb,0xd,0xa,0xf6,0xe5,0xef,0xfc,0xd,0xa,0xf3,0xe2,0xe0,0xe6,0xe5,0xed,
  0xe8,0xe5,0xd,0xa,0xf8,0xee,0xf1,0xf1,0xe5,0xd,0xa,0xe6,0xe5,0xf1,0xf2,0xd,
  0xa,0xff,0xec,0xe0,0xd,0xa,0xe3,0xf0,0xee,0xe1,0xd,0xa,0xf1,0xee,0xee,0xe1,
  0xf9,0xe5,0xed,0xe8,0xe5,0xd,0xa,0xf2,0xfc,0xec,0xe0,0xd,0xa,0xf0,0xff,0xe4,
  0xd,0xa,0xf5,0xe0,0xeb,0xe0,0xf2,0xd,0xa,0xf0,0xe0,0xe7,0xe2,0xe5,0xe4,0xea,
  0xe0,0xd,0xa,0xf1,0xe2,0xe8,0xe4,0xe5,0xf2,0xe5,0xeb,0xfc,0xd,0xa,0xef,0xf0,
  0xee,0xf4,0xe5,0xf1,0xf1,0xe8,0xff,0xd,0xa,0xe1,0xf3,0xec,0xe0,0xe6,0xea,0xe0,
  0xd,0xa,0xf0,0xe0,0xe4,0xe8,0xee,0xd,0xa,0xf1,0xe8,0xec,0xef,0xf2,0xee,0xec,
  0xd,0xa,0xe3,0xeb,0xf3,0xef,0xee,0xf1,0xf2,0xfc,0xd,0xa,0xea,0xee,0xf0,0xee,
  0xe2,0xe0,0xd,0xa,0xef,0xee,0xe6,0xe0,0xf0,0xd,0xa,0xef,0xee,0xeb,0xe5,0xf2,
  0xd,0xa,0xef,0xee,0xec,0xee,0xf9,0xed,0xe8,0xea,0xd,0xa,0xef,0xf0,0xe8,0xe2,
  0xe5,0xf2,0xd,0xa,0xf6,0xe8,0xf4,0xf0,0xe0,0xd,0xa,0xef,0xf0,0xee,0xe8,0xe7,
  0xe2,0xe5,0xe4,0xe5,0xed,0xe8,0xe5,0xd,0xa,0xf0,0xe5,0xec,0xe5,0xed,0xfc,0xd,
  0xa,0xf1,0xe5,0xea,0xf0,0xe5,0xf2,0xd,0xa,0xf5,0xee,0xeb,0xec,0xd,0xa,0xea,
  0xee,0xf0,0xee,0xe1,0xea,0xe0,0xd,0xa,0xf0,0xe0,0xed,0xe0,0xd,0xa,0xea,0xee,
  0xec,0xef,0xfc,0xfe,0xf2,0xe5,0xf0,0xd,0xa,0xf1,0xea,0xeb,0xe0,0xe4,0xd,0xa,
  0xea,0xee,0xf0,0xef,0xf3,0xf1,0xd,0xa,0xef,0xe5,0xf7,0xe0,0xf2,0xfc,0xd,0xa,
  0xef,0xee,0xf2,0xd,0xa,0xe1,0xee,0xf2,0xe8,0xed,0xee,0xea,0xd,0xa,0xee,0xf0,
  0xe4,0xe5,0xed,0xd,0xa,0xee,0xf2,0xea,0xf0,0xfb,0xf2,0xe8,0xe5,0xd,0xa,0xef,
  0xee,0xeb,0xfc,0xe7,0xe0,0xd,0xa,0xef,0xe5,0xf7,0xea,0xe0,0xd,0xa,0xf8,0xe0,
  0xf0,0xd,0xa,0xe7,0xe0,0xef,0xe0,0xf1,0xd,0xa,0xee,0xe3,0xee,0xf0,0xee,0xe4,
  0xd,0xa,0xee,0xf1,0xee,0xe1,0xe5,0xed,0xed,0xee,0xf1,0xf2,0xfc,0xd,0xa,0xee,
  0xe1,0xe8,0xe4,0xe0,0xd,0xa,0xf0,0xe0,0xf1,0xf7,0xe5,0xf2,0xd,0xa,0xf1,0xea,
  0xe0,0xeb,0xe0,0xd,0xa,0xf2,0xf0,0xe5,0xf2,0xe8,0xe9,0xd,0xa,0xec,0xee,0xeb,
  0xee,0xe4,0xee,0xf1,0xf2,0xfc,0xd,0xa,0xee,0xea,0xf2,0xff,0xe1,0xf0,0xfc,0xd,
  0xa,0xf5,0xf0,0xe0,0xec,0xd,0xa,0xe1,0xee,0xe6,0xe5,0xd,0xa,0xf0,0xe0,0xe7,
  0xe2,0xe5,0xe4,0xf7,0xe8,0xea,0xd,0xa,0xe2,0xe5,0xf2,0xea,0xe0,0xd,0xa,0xf2,
  0xee,0xe2,0xe0,0xf0,0xd,0xa,0xfd,0xef,0xee,0xf5,0xe0,0xd,0xa,0xe7,0xe0,0xf2,
  0xfb,0xeb,0xee,0xea,0xd,0xa,0xfe,0xe3,0xd,0xa,0xf1,0xec,0xe5,0xed,0xe0,0xd,
  0xa,0xe2,0xeb,0xe8,0xff,0xed,0xe8,0xe5,0xd,0xa,0xf0,0xe0,0xea,0xe5,0xf2,0xe0,
  0xd,0xa,0xf3,0xf1,0xf2,0xf0,0xee,0xe9,0xf1,0xf2,0xe2,0xee,0xd,0xa,0xea,0xe0,
  0xed,0xe0,0xeb,0xd,0xa,0xef,0xe0,0xf1,0xf1,0xe0,0xe6,0xe8,0xf0,0xd,0xa,0xef,
  0xee,0xe4,0xf0,0xee,0xe1,0xed,0xee,0xf1,0xf2,0xfc,0xd,0xa,0xf1,0xf2,0xee,0xeb,
  0xe1,0xd,0xa,0xe2,0xe5,0xe4,0xf0,0xee,0xd,0xa,0xea,0xf0,0xe5,0xf1,0xf2,0xfc,
  0xff,0xed,0xe8,0xed,0xd,0xa,0xef,0xee,0xe2,0xee,0xf0,0xee,0xf2,0xd,0xa,0xe7,
  0xe0,0xef,0xe8,0xf1,0xfc,0xd,0xa,0xf2,0xe0,0xeb,0xe0,0xed,0xf2,0xd,0xa,0xe7,
  0xe0,0xe1,0xee,0xf2,0xe0,0xd,0xa,0xe2,0xee,0xf1,0xf2,0xee,0xf0,0xe3,0xd,0xa,
  0xfd,0xea,0xee,0xed,0xee,0xec,0xe8,0xea,0xe0,0xd,0xa,0xe2,0xe8,0xe4,0xd,0xa,
  0xea,0xe0,0xe1,0xe8,0xed,0xe0,0xd,0xa,0xef,0xe0,0xeb,0xfc,0xf2,0xee,0xd,0xa,
  0xea,0xf0,0xe5,0xf1,0xf2,0xd,0xa,0xe1,0xe5,0xe7,0xee,0xef,0xe0,0xf1,0xed,0xee,
  0xf1,0xf2,0xfc,0xd,0xa,0xe4,0xf0,0xf3,0xe6,0xe1,0xe0,0xd,0xa,0xec,0xee,0xf2,
  0xee,0xf0,0xd,0xa,0xee,0xe4,0xe5,0xff,0xeb,0xee,0xd,0xa,0xfd,0xeb,0xe5,0xec,
  0xe5,0xed,0xf2,0xd,0xa,0xe1,0xf0,0xfe,0xea,0xe8,0xd,0xa,0xf2,0xee,0xef,0xee,
  0xf0,0xd,0xa,0xec,0xee,0xeb,0xf7,0xe0,0xed,0xe8,0xe5,0xd,0xa,0xf8,0xeb,0xff,
  0xef,0xe0,0xd,0xa,0xf1,0xe5,0xe2,0xe5,0xf0,0xd,0xa,0xec,0xe8,0xf0,0xd,0xa,
  0xe0,0xe2,0xe3,0xf3,0xf1,0xf2,0xd,0xa,0xef,0xee,0xf0,0xe0,0xe6,0xe5,0xed,0xe8,
  0xe5,0xd,0xa,0xe7,0xe0,0xff,0xe2,0xeb,0xe5,0xed,0xe8,0xe5,0xd,0xa,0xef,0xee,
  0xe5,0xe7,0xe4,0xea,0xe0,0xd,0xa,0xef,0xf0,0xe8,0xe2,0xfb,0xf7,0xea,0xe0,0xd,
  0xa,0xf1,0xf3,0xec,0xec,0xe0,0xd,0xa,0xe1,0xee,0xf0,0xee,0xe4,0xe0,0xd,0xa,
  0xef,0xe0,0xf7,0xea,0xe0,0xd,0xa,0xf2,0xe0,0xe9,0xe3,0xe0,0xd,0xa,0xef,0xee,
  0xf1,0xe5,0xeb,0xee,0xea,0xd,0xa,0xee,0xea,0xe5,0xe0,0xed,0xd,0xa,0xf1,0xef,
  0xf0,0xe0,0xe2,0xe0,0xd,0xa,0xf1,0xf0,0xe0,0xe2,0xed,0xe5,0xed,0xe8,0xe5,0xd,
  0xa,0xee,0xe1,0xfa,0xe5,0xea,0xf2,0xd,0xa,0xed,0xee,0xf7,0xfc,0xd,0xa,0xf1,
  0xeb,0xf3,0xf7,0xe0,0xe9,0xd,0xa,0xfe,0xed,0xee,0xf8,0xe0,0xd,0xa,0xf1,0xeb,
  0xee,0xed,0xd,0xa,0xf1,0xee,0xe1,0xf0,0xe0,0xed,0xe8,0xe5,0xd,0xa,0xec,0xee,
  0xeb,0xee,0xe4,0xe5,0xf6,0xd,0xa,0xf1,0xea,0xe0,0xe7,0xea,0xe0,0xd,0xa,0xee,
  0xf0,0xf3,0xe4,0xe8,0xe5,0xd,0xa,0xef,0xe5,0xf1,0xd,0xa,0xe6,0xe5,0xeb,0xe5,
  0xe7,0xee,0xd,0xa,0xee,0xf2,0xeb,0xe8,0xf7,0xe8,0xe5,0xd,0xa,0xef,0xee,0xeb,
  0xf7,0xe0,0xf1,0xe0,0xd,0xa,0xe4,0xee,0xec,0xe8,0xea,0xd,0xa,0xef,0xf0,0xee,
  0xf1,0xfc,0xe1,0xe0,0xd,0xa,0xea,0xee,0xec,0xec,0xf3,0xed,0xe8,0xf1,0xf2,0xd,
  0xa,0xe4,0xe5,0xe2,0xf7,0xee,0xed,0xea,0xe0,0xd,0xa,0xeb,0xf3,0xf7,0xd,0xa,
  0xec,0xe0,0xf8,0xe8,0xed,0xe0,0xd,0xa,0xe6,0xe5,0xed,0xf9,0xe8,0xed,0xe0,0xd,
  0xa,0xee,0xf2,0xe5,0xf6,0xd,0xa,0xf1,0xe8,0xeb,0xe0,0xd,0xa,0xea,0xee,0xeb,
  0xeb,0xe5,0xe3,0xe0,0xd,0xa,0xef,0xe0,0xf1,0xef,0xee,0xf0,0xf2,0xd,0xa,0xf1,
  0xee,0xe7,0xe4,0xe0,0xed,0xe8,0xe5,0xd,0xa,0xeb,0xfe,0xe1,0xee,0xef,0xfb,0xf2,
  0xf1,0xf2,0xe2,0xee,0xd,0xa,0xef,0xf0,0xee,0xe5,0xea,0xf2,0xd,0xa,0xf1,0xee,
  0xe4,0xe5,0xf0,0xe6,0xe0,0xed,0xe8,0xe5,0xd,0xa,0xe4,0xee,0xf1,0xf2,0xee,0xe8,
  0xed,0xf1,0xf2,0xe2,0xee,0xd,0xa,0xea,0xe0,0xf0,0xf2,0xee,0xf8,0xea,0xe0,0xd,
  0xa,0xec,0xe5,0xe4,0xe2,0xe5,0xe4,0xfc,0xd,0xa,0xe4,0xee,0xf7,0xea,0xe0,0xd,
  0xa,0xea,0xee,0xf0,0xee,0xeb,0xe5,0xe2,0xe0,0xd,0xa,0xea,0xee,0xeb,0xfc,0xf6,
  0xee,0xd,0xa,0xec,0xe5,0xf7,0xf2,0xe0,0xd,0xa,0xe4,0xe5,0xe2,0xe8,0xf6,0xe0,
  0xd,0xa,0xe3,0xee,0xeb,0xee,0xe4,0xd,0xa,0xed,0xe5,0xee,0xe1,0xf5,0xee,0xe4,
  0xe8,0xec,0xee,0xf1,0xf2,0xfc,0xd,0xa,0xf0,0xe5,0xe1,0xe5,0xed,0xee,0xea,0xd,
  0xa,0xf1,0xf2,0xee,0xeb,0xd,0xa,0xe0,0xec,0xf1,0xf2,0xe5,0xf0,0xe4,0xe0,0xec,
  0xd,0xa,0xe1,0xf3,0xeb,0xea,0xe0,0xd,0xa,0xe2,0xee,0xe7,0xe2,0xfb,0xf8,0xe5,
  0xed,0xe8,0xe5,0xd,0xa,0xe8,0xe7,0xfb,0xf1,0xea,0xe0,0xed,0xe8,0xe5,0xd,0xa,
  0xea,0xe0,0xf0,0xef,0xe5,0xed,0xea,0xee,0xd,0xa,0xea,0xeb,0xe5,0xf2,0xee,0xf7,
  0xea,0xe0,0xd,0xa,0xea,0xee,0xed,0xf1,0xf2,0xe5,0xe1,0xeb,0xfc,0xd,0xa,0xea,
  0xee,0xf0,0xf0,0xf3,0xef,0xf6,0xe8,0xff,0xd,0xa,0xea,0xee,0xf1,0xee,0xe3,0xee,
  0xf0,0xd,0xa,0xea,0xf0,0xee,0xf2,0xd,0xa,0xeb,0xe8,0xf1,0xf2,0xe2,0xe5,0xed,
  0xed,0xe8,0xf6,0xe0,0xd,0xa,0xeb,0xfe,0xe1,0xe5,0xe7,0xed,0xee,0xf1,0xf2,0xfc,
  0xd,0xa,0xec,0xe5,0xed,0xfc,0xf8,0xe5,0xe2,0xe8,0xea,0xd,0xa,0xed,0xe0,0xf1,
  0xf2,0xd,0xa,0xed,0xe0,0xf1,0xf2,0xe8,0xeb,0xd,0xa,0xed,0xe5,0xef,0xee,0xe3,
  0xee,0xe4,0xe0,0xd,0xa,0xed,0xee,0xe2,0xe8,0xed,0xea,0xe0,0xd,0xa,0xee,0xf1,
  0xeb,0xe0,0xe1,0xeb,0xe5,0xed,0xe8,0xe5,0xd,0xa,0xef,0xee,0xeb,0xf3,0xee,0xf1,
  0xf2,0xf0,0xee,0xe2,0xd,0xa,0xef,0xee,0xf1,0xeb,0xee,0xe2,0xe8,0xf6,0xe0,0xd,
  0xa,0xef,0xf0,0xe8,0xf1,0xe5,0xe2,0xd,0xa,0xef,0xf0,0xe8,0xf1,0xec,0xee,0xf2,
  0xf0,0xd,0xa,0xef,0xf0,0xee,0xef,0xee,0xe2,0xe5,0xe4,0xed,0xe8,0xea,0xd,0xa,
  0xf0,0xe0,0xe1,0xe0,0xd,0xa,0xf0,0xe5,0xe1,0xff,0xf2,0xea,0xe8,0xd,0xa,0xf1,
  0xe2,0xe5,0xea,0xeb,0xe0,0xd,0xa,0xf1,0xe5,0xf0,0xe8,0xe0,0xeb,0xd,0xa,0xf1,
  0xeb,0xe8,0xff,0xed,0xe8,0xe5,0xd,0xa,0xf1,0xef,0xeb,0xe0,0xe2,0xd,0xa,0xf1,
  0xef,0xee,0xe9,0xd,0xa,0xf2,0xe0,0xe9,0xed,0xe8,0xea,0xd,0xa,0xf3,0xef,0xfb,
  0xf0,0xfc,0xd,0xa,0xf7,0xe0,0xf1,0xee,0xea,0xd,0xa,0xf8,0xef,0xe8,0xeb,0xfc,
  0xd,0xa,0xe2,0xee,0xe6,0xe4,0xfc,0xd,0xa,0xea,0xf0,0xfb,0xeb,0xfc,0xf6,0xee,
  0xd,0xa,0xe1,0xe0,0xf2,0xe0,0xf0,0xe5,0xff,0xd,0xa,0xef,0xe0,0xf1,0xf2,0xf3,
  0xf5,0xd,0xa,0xf1,0xf3,0xf9,0xed,0xee,0xf1,0xf2,0xfc,0xd,0xa,0xf2,0xe5,0xf5,
  0xed,0xe8,0xea,0xe0,0xd,0xa,0xe2,0xe7,0xf0,0xfb,0xe2,0xd,0xa,0xef,0xee,0xe4,
  0xf0,0xf3,0xe3,0xe0,0xd,0xa,0xef,0xe8,0xf9,0xe0,0xd,0xa,0xef,0xe8,0xe4,0xe6,
  0xe0,0xea,0xd,0xa,0xf2,0xe0,0xf0,0xe5,0xeb,0xea,0xe0,0xd,0xa,0xed,0xe0,0xe4,
  0xef,0xe8,0xf1,0xfc,0xd,0xa,0xeb,0xe5,0xe4,0xd,0xa,0xea,0xee,0xeb,0xee,0xed,
  0xed,0xe0,0xd,0xa,0xef,0xe0,0xeb,0xea,0xe0,0xd,0xa,0xea,0xee,0xec,0xe8,0xf1,
  0xf1,0xe8,0xff,0xd,0xa,0xe2,0xfb,0xe1,0xee,0xf0,0xd,0xa,0xf1,0xe2,0xe5,0xe4,
  0xe5,0xed,0xe8,0xe5,0xd,0xa,0xf8,0xe8,0xed,0xe5,0xeb,0xfc,0xd,0xa,0xe1,0xe0,
  0xe7,0xe0,0xd,0xa,0xef,0xee,0xeb,0xe8,0xf6,0xe8,0xff,0xd,0xa,0xef,0xee,0xf2,
  0xee,0xea,0xd,0xa,0xf2,0xea,0xe0,0xed,0xfc,0xd,0xa,0xea,0xee,0xf0,0xe5,0xed,
  0xfc,0xd,0xa,0xe2,0xee,0xe4,0xe0,0xd,0xa,0xe2,0xe5,0xf9,0xe5,0xf1,0xf2,0xe2,
  0xee,0xd,0xa,0xe2,0xee,0xea,0xe7,0xe0,0xeb,0xd,0xa,0xef,0xee,0xff,0xf1,0xd,
  0xa,0xf2,0xe5,0xee,0xf0,0xe8,0xff,0xd,0xa,0xef,0xee,0xe2,0xe5,0xf1,0xf2,0xfc,
  0xd,0xa,0xf8,0xe5,0xef,0xee,0xf2,0xd,0xa,0xf1,0xe5,0xf0,0xe6,0xe0,0xed,0xf2,
  0xd,0xa,0xf1,0xf2,0xf0,0xe0,0xf1,0xf2,0xfc,0xd,0xa,0xef,0xee,0xeb,0xee,0xf1,
  0xe0,0xd,0xa,0xea,0xf3,0xf7,0xe0,0xd,0xa,0xf4,0xee,0xed,0xe0,0xf0,0xfc,0xd,
  0xa,0xee,0xe6,0xe8,0xe4,0xe0,0xed,0xe8,0xe5,0xd,0xa,0xef,0xee,0xea,0xee,0xeb,
  0xe5,0xed,0xe8,0xe5,0xd,0xa,0xef,0xee,0xeb,0xe8,0xf2,0xe8,0xea,0xe0,0xd,0xa,
  0xe4,0xee,0xed,0xd,0xa,0xea,0xf0,0xf3,0xe6,0xee,0xea,0xd,0xa,0xf0,0xe0,0xf1,
  0xf1,0xf2,0xee,0xff,0xed,0xe8,0xe5,0xd,0xa,0xea,0xf0,0xe0,0xf1,0xea,0xe0,0xd,
  0xa,0xf0,0xe0,0xe7,0xed,0xe8,0xf6,0xe0,0xd,0xa,0xeb,0xee,0xea,0xee,0xf2,0xfc,
  0xd,0xa,0xef,0xf3,0xed,0xea,0xf2,0xd,0xa,0xee,0xf1,0xf2,0xe0,0xf2,0xee,0xea,
  0xd,0xa,0xe1,0xf0,0xe8,0xe3,0xe0,0xe4,0xe0,0xd,0xa,0xee,0xe1,0xe5,0xe7,0xfc,
  0xff,0xed,0xe0,0xd,0xa,0xef,0xe8,0xeb,0xe0,0xd,0xa,0xe3,0xee,0xf0,0xee,0xe4,
  0xd,0xa,0xe3,0xee,0xeb,0xee,0xf1,0xd,0xa,0xe1,0xf3,0xea,0xe2,0xe0,0xd,0xa,
  0xf0,0xe5,0xe0,0xea,0xf6,0xe8,0xff,0xd,0xa,0xe3,0xf0,0xe5,0xf5,0xd,0xa,0xe8,
  0xf1,0xf1,0xeb,0xe5,0xe4,0xee,0xe2,0xe0,0xed,0xe8,0xe5,0xd,0xa,0xf1,0xf2,0xf0,
  0xee,0xe9,0xd,0xa,0xe1,0xee,0xf0,0xf2,0xd,0xa,0xf2,0xee,0xf1,0xea,0xe0,0xd,
  0xa,0xec,0xee,0xe3,0xe8,0xeb,0xe0,0xd,0xa,0xed,0xe0,0xef,0xf0,0xff,0xe6,0xe5,
  0xed,0xe8,0xe5,0xd,0xa,0xf1,0xe5,0xf0,0xe5,0xe4,0xe8,0xed,0xe0,0xd,0xa,0xef,
  0xeb,0xe0,0xf2,0xee,0xea,0xd,0xa,0xf7,0xe0,0xf1,0xd,0xa,0xf1,0xeb,0xe5,0xe4,
  0xee,0xe2,0xe0,0xf2,0xe5,0xeb,0xfc,0xd,0xa,0xef,0xee,0xe4,0xfa,0xe5,0xe7,0xe4,
  0xd,0xa,0xef,0xeb,0xe0,0xf9,0xd,0xa,0xef,0xee,0xec,0xe5,0xf9,0xe5,0xed,0xe8,
  0xe5,0xd,0xa,0xf3,0xf1,0xd,0xa,0xe7,0xe0,0xef,0xe8,0xf1,0xea,0xe0,0xd,0xa,
  0xec,0xee,0xf0,0xe4,0xe0,0xd,0xa,0xee,0xe1,0xeb,0xe0,0xea,0xee,0xd,0xa,0xef,
  0xe5,0xf1,0xed,0xfc,0xd,0xa,0xea,0xee,0xed,0xe5,0xf6,0xd,0xa,0xe7,0xe5,0xec,
  0xeb,0xff,0xd,0xa,0xef,0xee,0xff,0xe2,0xeb,0xe5,0xed,0xe8,0xe5,0xd,0xa,0xe3,
  0xe0,0xe7,0xd,0xa,0xef,0xee,0xe7,0xe8,0xf6,0xe8,0xff,0xd,0xa,0xf0,0xe0,0xf1,
  0xf2,0xe2,0xee,0xf0,0xd,0xa,0xc8,0xd1,0xd2,0xc8,0xcd,0xc0,0xd,0xa,0xe4,0xee,
  0xeb,0xe6,0xed,0xee,0xf1,0xf2,0xfc,0xd,0xa,0xe1,0xe0,0xe1,0xea,0xe0,0xd,0xa,
  0xe6,0xf3,0xf0,0xed,0xe0,0xeb,0xe8,0xf1,0xf2,0xd,0xa,0xf3,0xed,0xe8,0xe2,0xe5,
  0xf0,0xf1,0xe8,0xf2,0xe5,0xf2,0xd,0xa,0xf8,0xe0,0xef,0xea,0xe0,0xd,0xa,0xe7,
  0xe0,0xe1,0xee,0xf0,0xd,0xa,0xef,0xee,0xf1,0xf2,0xd,0xa,0xeb,0xe0,0xef,0xe0,
  0xd,0xa,0xe1,0xe5,0xf1,0xe5,0xe4,0xe0,0xd,0xa,0xe3,0xee,0xf1,0xf2,0xe8,0xed,
  0xe8,0xf6,0xe0,0xd,0xa,0xef,0xee,0xeb,0xea,0xd,0xa,0xeb,0xf3,0xed,0xe0,0xd,
  0xa,0xef,0xf0,0xe5,0xf1,0xf2,0xf3,0xef,0xeb,0xe5,0xed,0xe8,0xe5,0xd,0xa,0xf1,
  0xf2,0xe5,0xed,0xea,0xe0,0xd,0xa,0xf0,0xe5,0xe6,0xe8,0xec,0xd,0xa,0xf0,0xf3,
  0xea,0xee,0xe2,0xee,0xe4,0xf1,0xf2,0xe2,0xee,0xd,0xa,0xef,0xe0,0xf0,0xea,0xd,
  0xa,0xf5,0xee,0xe7,0xff,0xe9,0xf1,0xf2,0xe2,0xee,0xd,0xa,0xf0,0xe0,0xe1,0xee,
  0xf2,0xe0,0xd,0xa,0xef,0xe0,0xf0,0xe8,0xe6,0xd,0xa,0xf0,0xf3,0xe1,0xe0,0xf8,
  0xea,0xe0,0xd,0xa,0xf3,0xe1,0xe8,0xe9,0xf1,0xf2,0xe2,0xee,0xd,0xa,0xe2,0xe5,
  0xf0,0xf8,0xe8,0xed,0xe0,0xd,0xa,0xf0,0xf3,0xf1,0xf1,0xea,0xe8,0xe9,0xd,0xa,
  0xe8,0xe7,0xe1,0xe0,0xd,0xa,0xea,0xf3,0xf0,0xf2,0xea,0xe0,0xd,0xa,0xef,0xee,
  0xeb,0xee,0xea,0xd,0xa,0xf2,0xf0,0xe5,0xe2,0xee,0xe3,0xe0,0xd,0xa,0xf5,0xee,
  0xeb,0xee,0xe4,0xd,0xa,0xe2,0xe5,0xf1,0xd,0xa,0xf8,0xea,0xe0,0xf4,0xd,0xa,
  0xec,0xe8,0xeb,0xe8,0xf6,0xe8,0xee,0xed,0xe5,0xf0,0xd,0xa,0xef,0xee,0xf0,0xf2,
  0xf0,0xe5,0xf2,0xd,0xa,0xee,0xf5,0xf0,0xe0,0xed,0xe0,0xd,0xa,0xf1,0xeb,0xee,
  0xe9,0xd,0xa,0xe4,0xe0,0xf7,0xe0,0xd,0xa,0xef,0xf0,0xe8,0xe7,0xed,0xe0,0xea,
  0xd,0xa,0xf4,0xee,0xed,0xd,0xa,0xf3,0xf7,0xe0,0xf1,0xf2,0xe8,0xe5,0xd,0xa,
  0xee,0xf1,0xed,0xee,0xe2,0xe0,0xd,0xa,0xe4,0xe2,0xe5,0xf0,0xfc,0xd,0xa,0xe2,
  0xfb,0xf1,0xf2,0xf0,0xe5,0xeb,0xd,0xa,0xf1,0xf3,0xf2,0xfc,0xd,0xa,0xf2,0xf0,
  0xf3,0xef,0xd,0xa,0xe7,0xe0,0xf9,0xe8,0xf2,0xe0,0xd,0xa,0xf8,0xf2,0xf3,0xea,
  0xe0,0xd,0xa,0xee,0xf2,0xe4,0xe5,0xeb,0xe5,0xed,0xe8,0xe5,0xd,0xa,0xef,0xee,
  0xe4,0xe0,0xf0,0xee,0xea,0xd,0xa,0xef,0xf0,0xe5,0xe4,0xef,0xf0,0xe8,0xff,0xf2,
  0xe8,0xe5,0xd,0xa,0xe2,0xfb,0xe2,0xee,0xe4,0xd,0xa,0xee,0xe1,0xf1,0xf2,0xe0,
  0xed,0xee,0xe2,0xea,0xe0,0xd,0xa,0xf2,0xe5,0xec,0xef,0xe5,0xf0,0xe0,0xf2,0xf3,
  0xf0,0xe0,0xd,0xa,0xea,0xeb,0xe5,0xf2,0xea,0xe0,0xd,0xa,0xf3,0xf1,0xe8,0xeb,
  0xe8,0xe5,0xd,0xa,0xef,0xee,0xe2,0xe5,0xe4,0xe5,0xed,0xe8,0xe5,0xd,0xa,0xee,
  0xf1,0xed,0xee,0xe2,0xe0,0xed,0xe8,0xe5,0xd,0xa,0xf1,0xf2,0xe2,0xee,0xeb,0xd,
  0xa,0xf1,0xef,0xe8,0xf1,0xee,0xea,0xd,0xa,0xe1,0xf0,0xee,0xe2,0xfc,0xd,0xa,
  0xea,0xee,0xf4,0xe5,0xd,0xa,0xee,0xf5,0xee,0xf2,0xe0,0xd,0xa,0xf8,0xf2,0xe0,
  0xed,0xfb,0xd,0xa,0xf1,0xee,0xe2,0xe5,0xf1,0xf2,0xfc,0xd,0xa,0xef,0xeb,0xee,
  0xf9,0xe0,0xe4,0xea,0xe0,0xd,0xa,0xf1,0xf0,0xe5,0xe4,0xe0,0xd,0xa,0xef,0xf0,
  0xe5,0xe4,0xeb,0xee,0xe6,0xe5,0xed,0xe8,0xe5,0xd,0xa,0xec,0xee,0xeb,0xee,0xea,
  0xee,0xd,0xa,0xe8,0xed,0xf1,0xef,0xe5,0xea,0xf2,0xee,0xf0,0xd,0xa,0xf3,0xe4,
  0xe8,0xe2,0xeb,0xe5,0xed,0xe8,0xe5,0xd,0xa,0xe4,0xee,0xe1,0xf0,0xee,0xd,0xa,
  0xea,0xe0,0xef,0xeb,0xff,0xd,0xa,0xf0,0xf3,0xea,0xee,0xe2,0xee,0xe4,0xe8,0xf2,
  0xe5,0xeb,0xfc,0xd,0xa,0xfd,0xea,0xf0,0xe0,0xed,0xd,0xa,0xf1,0xf2,0xe5,0xed,
  0xd,0xa,0xe3,0xf0,0xff,0xe7,0xfc,0xd,0xa,0xea,0xee,0xeb,0xe5,0xf1,0xee,0xd,
  0xa,0xe8,0xf1,0xf2,0xee,0xf7,0xed,0xe8,0xea,0xd,0xa,0xf0,0xee,0xe4,0xf1,0xf2,
  0xe2,0xe5,0xed,0xed,0xe8,0xea,0xd,0xa,0xf2,0xee,0xeb,0xea,0xd,0xa,0xf3,0xf7,
  0xe5,0xed,0xe8,0xea,0xd,0xa,0xe7,0xee,0xed,0xe0,0xd,0xa,0xef,0xff,0xf2,0xed,
  0xee,0xd,0xa,0xec,0xf3,0xe7,0xe5,0xe9,0xd,0xa,0xef,0xf0,0xe5,0xe4,0xe5,0xeb,
  0xd,0xa,0xf7,0xe5,0xec,0xee,0xe4,0xe0,0xed,0xd,0xa,0xee,0xe7,0xe5,0xf0,0xee,
  0xd,0xa,0xf1,0xf2,0xe0,0xf0,0xf8,0xe8,0xed,0xe0,0xd,0xa,0xe2,0xea,0xf3,0xf1,
  0xd,0xa,0xec,0xf3,0xf5,0xe0,0xd,0xa,0xef,0xee,0xe8,0xf1,0xea,0xd,0xa,0xe7,
  0xeb,0xee,0xd,0xa,0xf2,0xe5,0xeb,0xe5,0xe2,0xe8,0xe7,0xee,0xf0,0xd,0xa,0xf1,
  0xef,0xe5,0xf6,0xe8,0xe0,0xeb,0xe8,0xf1,0xf2,0xd,0xa,0xe4,0xee,0xeb,0xe3,0xd,
  0xa,0xf0,0xe0,0xe1,0xee,0xf2,0xed,0xe8,0xea,0xd,0xa,0xee,0xf1,0xf2,0xe0,0xeb,
  0xfc,0xed,0xee,0xe5,0xd,0xa,0xf1,0xef,0xee,0xf1,0xee,0xe1,0xed,0xee,0xf1,0xf2,
  0xfc,0xd,0xa,0xe3,0xee,0xf0,0xe5,0xd,0xa,0xee,0xef,0xe0,0xf1,0xed,0xee,0xf1,
  0xf2,0xfc,0xd,0xa,0xf3,0xf0,0xee,0xea,0xd,0xa,0xf1,0xf2,0xee,0xeb,0xe8,0xea,
  0xd,0xa,0xec,0xed,0xee,0xe6,0xe5,0xf1,0xf2,0xe2,0xee,0xd,0xa,0xe2,0xee,0xe4,
  0xe8,0xf2,0xe5,0xeb,0xfc,0xd,0xa,0xe4,0xe2,0xee,0xf0,0xe5,0xf6,0xd,0xa,0xf5,
  0xee,0xe7,0xff,0xe9,0xea,0xe0,0xd,0xa,0xf0,0xf3,0xf7,0xea,0xe0,0xd,0xa,0xf6,
  0xe5,0xf0,0xea,0xee,0xe2,0xfc,0xd,0xa,0xe0,0xef,0xef,0xe0,0xf0,0xe0,0xf2,0xd,
  0xa,0xef,0xee,0xe2,0xe5,0xf0,0xf5,0xed,0xee,0xf1,0xf2,0xfc,0xd,0xa,0xf7,0xe8,
  0xed,0xee,0xe2,0xed,0xe8,0xea,0xd,0xa,0xed,0xee,0xe3,0xe0,0xd,0xa,0xe2,0xf5,
  0xee,0xe4,0xd,0xa,0xe2,0xe0,0xf0,0xe8,0xe0,0xed,0xf2,0xd,0xa,0xe8,0xe7,0xec,
  0xe5,0xed,0xe5,0xed,0xe8,0xe5,0xd,0xa,0xf8,0xee,0xf4,0xe5,0xf0,0xd,0xa,0xeb,
  0xe5,0xed,0xe8,0xed,0xe3,0xf0,0xe0,0xe4,0xd,0xa,0xef,0xeb,0xe0,0xf2,0xfc,0xe5,
  0xd,0xa,0xef,0xf0,0xe5,0xe4,0xf1,0xf2,0xe0,0xe2,0xeb,0xe5,0xed,0xe8,0xe5,0xd,
  0xa,0xf2,0xf3,0xec,0xe0,0xed,0xd,0xa,0xed,0xe0,0xf0,0xf3,0xf8,0xe5,0xed,0xe8,
  0xe5,0xd,0xa,0xee,0xf1,0xe5,0xed,0xfc,0xd,0xa,0xea,0xf0,0xfb,0xeb,0xee,0xd,
  0xa,0xf1,0xf2,0xee,0xf0,0xee,0xed,0xe0,0xd,0xa,0xef,0xe5,0xf1,0xed,0xff,0xd,
  0xa,0xef,0xee,0xed,0xff,0xf2,0xe8,0xe5,0xd,0xa,0xf2,0xee,0xed,0xd,0xa,0xe2,
  0xee,0xf1,0xef,0xee,0xec,0xe8,0xed,0xe0,0xed,0xe8,0xe5,0xd,0xa,0xf0,0xee,0xe6,
  0xe4,0xe5,0xed,0xe8,0xe5,0xd,0xa,0xf1,0xf3,0xf9,0xe5,0xf1,0xf2,0xe2,0xee,0xe2,
  0xe0,0xed,0xe8,0xe5,0xd,0xa,0xec,0xe0,0xf1,0xeb,0xee,0xd,0xa,0xe4,0xe5,0xe4,
  0xf3,0xf8,0xea,0xe0,0xd,0xa,0xf0,0xf3,0xea,0xe0,0xe2,0xd,0xa,0xef,0xf0,0xe8,
  0xff,0xf2,0xe5,0xeb,0xfc,0xd,0xa,0xe2,0xee,0xeb,0xea,0xd,0xa,0xf2,0xe0,0xe9,
  0xed,0xe0,0xd,0xa,0xf1,0xee,0xec,0xed,0xe5,0xed,0xe8,0xe5,0xd,0xa,0xf2,0xe5,
  0xf0,0xf0,0xe8,0xf2,0xee,0xf0,0xe8,0xff,0xd,0xa,0xef,0xe5,0xf1,0xee,0xea,0xd,
  0xa,0xf2,0xe5,0xea,0xf1,0xf2,0xd,0xa,0xf2,0xe5,0xef,0xeb,0xee,0xd,0xa,0xe1,
  0xfb,0xea,0xd,0xa,0xea,0xee,0xf1,0xf2,0xe5,0xf0,0xd,0xa,0xea,0xee,0xf2,0xd,
  0xa,0xe3,0xee,0xf0,0xeb,0xee,0xd,0xa,0xe0,0xe4,0xf0,0xe5,0xf1,0xd,0xa,0xec,
  0xee,0xf0,0xee,0xe7,0xd,0xa,0xea,0xe8,0xed,0xee,0xd,0xa,0xe6,0xe5,0xf0,0xf2,
  0xe2,0xe0,0xd,0xa,0xe7,0xe2,0xee,0xed,0xee,0xea,0xd,0xa,0xec,0xe5,0xf7,0xd,
  0xa,0xf3,0xf7,0xe0,0xf1,0xf2,0xee,0xea,0xd,0xa,0xf1,0xee,0xe6,0xe0,0xeb,0xe5,
  0xed,0xe8,0xe5,0xd,0xa,0xed,0xe0,0xf7,0xe0,0xeb,0xfc,0xf1,0xf2,0xe2,0xee,0xd,
  0xa,0xec,0xee,0xf1,0xf2,0xd,0xa,0xfd,0xed,0xe5,0xf0,0xe3,0xe8,0xff,0xd,0xa,
  0xef,0xf0,0xe0,0xe7,0xe4,0xed,0xe8,0xea,0xd,0xa,0xec,0xe3,0xed,0xee,0xe2,0xe5,
  0xed,0xe8,0xe5,0xd,0xa,0xf1,0xf3,0xec,0xea,0xe0,0xd,0xa,0xef,0xee,0xf1,0xf2,
  0xe5,0xeb,0xfc,0xd,0xa,0xef,0xee,0xf2,0xee,0xeb,0xee,0xea,0xd,0xa,0xe0,0xea,
  0xf2,0xe5,0xf0,0xd,0xa,0xef,0xe8,0xf1,0xf2,0xee,0xeb,0xe5,0xf2,0xd,0xa,0xe4,
  0xee,0xf1,0xea,0xe0,0xd,0xa,0xf0,0xe0,0xe4,0xe0,0xd,0xa,0xef,0xe0,0xeb,0xe0,
  0xf2,0xea,0xe0,0xd,0xa,0xea,0xf0,0xe0,0xf1,0xee,0xf2,0xe0,0xd,0xa,0xef,0xee,
  0xf0,0xee,0xe3,0xd,0xa,0xff,0xe2,0xeb,0xe5,0xed,0xe8,0xe5,0xd,0xa,0xef,0xeb,
  0xe0,0xed,0xe5,0xf2,0xe0,0xd,0xa,0xe0,0xf0,0xf2,0xe8,0xf1,0xf2,0xd,0xa,0xe5,
  0xe2,0xf0,0xee,0xef,0xe0,0xd,0xa,0xe7,0xe0,0xed,0xff,0xf2,0xe8,0xe5,0xd,0xa,
  0xee,0xf2,0xf0,0xff,0xe4,0xd,0xa,0xec,0xe8,0xe3,0xd,0xa,0xe0,0xe2,0xf2,0xee,
  0xec,0xee,0xe1,0xe8,0xeb,0xfc,0xd,0xa,0xfd,0xf5,0xee,0xd,0xa,0xe0,0xe2,0xf2,
  0xee,0xe1,0xf3,0xf1,0xd,0xa,0xe2,0xee,0xf1,0xf2,0xee,0xea,0xd,0xa,0xef,0xf0,
  0xee,0xf6,0xe5,0xed,0xf2,0xd,0xa,0xef,0xee,0xea,0xee,0xe9,0xd,0xa,0xed,0xe0,
  0xf1,0xf2,0xf0,0xee,0xe5,0xed,0xe8,0xe5,0xd,0xa,0xee,0xf2,0xf1,0xf3,0xf2,0xf1,
  0xf2,0xe2,0xe8,0xe5,0xd,0xa,0xea,0xee,0xf8,0xea,0xe0,0xd,0xa,0xec,0xff,0xf1,
  0xee,0xd,0xa,0xeb,0xe5,0xe3,0xea,0xee,0xe5,0xd,0xa,0xf2,0xfe,0xf0,0xfc,0xec,
  0xe0,0xd,0xa,0xe4,0xfb,0xf5,0xe0,0xed,0xe8,0xe5,0xd,0xa,0xe4,0xe8,0xe2,0xe0,
  0xed,0xd,0xa,0xf0,0xe5,0xf1,0xf2,0xee,0xf0,0xe0,0xed,0xd,0xa,0xe1,0xee,0xeb,
  0xfc,0xed,0xe8,0xf6,0xe0,0xd,0xa,0xef,0xf0,0xee,0xe8,0xe7,0xe2,0xee,0xe4,0xf1,
  0xf2,0xe2,0xee,0xd,0xa,0xef,0xf0,0xe5,0xe4,0xf1,0xf2,0xe0,0xe2,0xe8,0xf2,0xe5,
  0xeb,0xfc,0xd,0xa,0xea,0xed,0xe8,0xe6,0xea,0xe0,0xd,0xa,0xef,0xf0,0xee,0xe4,
  0xf3,0xea,0xf2,0xd,0xa,0xef,0xf3,0xeb,0xff,0xd,0xa,0xee,0xe1,0xf0,0xe0,0xe7,
  0xee,0xe2,0xe0,0xed,0xe8,0xe5,0xd,0xa,0xef,0xf0,0xee,0xf2,0xe8,0xe2,0xed,0xe8,
  0xea,0xd,0xa,0xef,0xf0,0xe8,0xe5,0xec,0xd,0xa,0xef,0xe8,0xe2,0xee,0xd,0xa,
  0xf1,0xe8,0xe3,0xe0,0xf0,0xe5,0xf2,0xe0,0xd,0xa,0xe0,0xec,0xe5,0xf0,0xe8,0xea,
  0xe0,0xd,0xa,0xf1,0xe5,0xea,0xf0,0xe5,0xf2,0xe0,0xf0,0xfc,0xd,0xa,0xe6,0xe8,
  0xf2,0xe5,0xeb,0xfc,0xd,0xa,0xf0,0xe0,0xe7,0xec,0xe5,0xf0,0xd,0xa,0xef,0xee,
  0xec,0xee,0xf7,0xfc,0xd,0xa,0xe7,0xe2,0xe5,0xf0,0xfc,0xd,0xa,0xf1,0xea,0xee,
  0xf0,0xee,0xf1,0xf2,0xfc,0xd,0xa,0xf1,0xf2,0xf0,0xe0,0xed,0xe8,0xf6,0xe0,0xd,
  0xa,0xf0,0xee,0xe4,0xe8,0xed,0xe0,0xd,0xa,0xf6,0xe0,0xf0,0xfc,0xd,0xa,0xf1,
  0xee,0xf2,0xf0,0xf3,0xe4,0xed,0xe8,0xea,0xd,0xa,0xf7,0xe8,0xf2,0xe0,0xf2,0xe5,
  0xeb,0xfc,0xd,0xa,0xf8,0xf3,0xf2,0xea,0xe0,0xd,0xa,0xef,0xee,0xef,0xfb,0xf2,
  0xea,0xe0,0xd,0xa,0xe7,0xe4,0xee,0xf0,0xee,0xe2,0xfc,0xe5,0xd,0xa,0xf1,0xf2,
  0xee,0xeb,0xe8,0xf6,0xe0,0xd,0xa,0xeb,0xe8,0xf7,0xed,0xee,0xf1,0xf2,0xfc,0xd,
  0xa,0xea,0xee,0xf1,0xf2,0xfc,0xd,0xa,0xea,0xeb,0xf3,0xe1,0xd,0xa,0xf0,0xfb,
  0xed,0xee,0xea,0xd,0xa,0xe7,0xe0,0xec,0xee,0xea,0xd,0xa,0xe1,0xeb,0xfe,0xe4,
  0xf6,0xe5,0xd,0xa,0xe2,0xe0,0xf0,0xf8,0xe0,0xe2,0xe0,0xd,0xa,0xe2,0xee,0xf0,
  0xee,0xe2,0xf1,0xf2,0xe2,0xee,0xd,0xa,0xe2,0xee,0xf1,0xef,0xe8,0xf2,0xe0,0xed,
  0xed,0xe8,0xea,0xd,0xa,0xe3,0xee,0xf0,0xee,0xf5,0xd,0xa,0xe4,0xe5,0xe3,0xe5,
  0xed,0xe5,0xf0,0xe0,0xf2,0xd,0xa,0xe7,0xe0,0xe9,0xf7,0xe8,0xea,0xd,0xa,0xea,
  0xee,0xec,0xef,0xe5,0xed,0xf1,0xe0,0xf6,0xe8,0xff,0xd,0xa,0xea,0xee,0xed,0xe3,
  0xf0,0xe5,0xf1,0xf1,0xd,0xa,0xeb,0xe5,0xef,0xe5,0xf1,0xf2,0xee,0xea,0xd,0xa,
  0xec,0xe5,0xf0,0xea,0xe0,0xd,0xa,0xec,0xe8,0xea,0xf0,0xee,0xf1,0xea,0xee,0xef,
  0xd,0xa,0xec,0xe8,0xf8,0xe5,0xed,0xfc,0xd,0xa,0xee,0xef,0xe0,0xf1,0xea,0xe0,
  0xd,0xa,0xef,0xeb,0xe0,0xf1,0xf2,0xe8,0xed,0xe0,0xd,0xa,0xef,0xee,0xed,0xee,
  0xf1,0xd,0xa,0xef,0xf0,0xee,0xe8,0xe7,0xe2,0xee,0xeb,0xd,0xa,0xf0,0xf3,0xf7,
  0xe5,0xe5,0xea,0xd,0xa,0xf1,0xe8,0xe3,0xed,0xe0,0xeb,0xe8,0xe7,0xe0,0xf6,0xe8,
  0xff,0xd,0xa,0xf1,0xea,0xe2,0xe0,0xe6,0xe8,0xed,0xe0,0xd,0xa,0xf1,0xf2,0xe0,
  0xf0,0xf2,0xd,0xa,0xf3,0xeb,0xe8,0xea,0xe0,0xd,0xa,0xf3,0xf1,0xf2,0xfc,0xe5,
  0xd,0xa,0xf4,0xee,0xf0,0xec,0xe0,0xf6,0xe8,0xff,0xd,0xa,0xf5,0xf0,0xe8,0xef,
  0xd,0xa,0xf6,0xfb,0xe3,0xe0,0xed,0xd,0xa,0xf8,0xed,0xf3,0xf0,0xee,0xea,0xd,
  0xa,0xe3,0xee,0xf2,0xd,0xa,0xf4,0xf0,0xe0,0xe7,0xe0,0xd,0xa,0xf7,0xe5,0xeb,
  0xee,0xe2,0xe5,0xf7,0xe5,0xf1,0xf2,0xe2,0xee,0xd,0xa,0xea,0xe0,0xec,0xe5,0xf0,
  0xe0,0xd,0xa,0xef,0xee,0xe1,0xe5,0xe4,0xe0,0xd,0xa,0xf1,0xf8,0xe0,0xd,0xa,
  0xe3,0xee,0xf1,0xef,0xee,0xe4,0xfc,0xd,0xa,0xeb,0xe8,0xf6,0xee,0xd,0xa,0xec,
  0xe0,0xeb,0xfc,0xf7,0xe8,0xf8,0xea,0xe0,0xd,0xa,0xf1,0xf3,0xf9,0xe5,0xf1,0xf2,
  0xe2,0xee,0xd,0xa,0xe2,0xfb,0xf1,0xee,0xf2,0xe0,0xd,0xa,0xee,0xf8,0xe8,0xe1,
  0xea,0xe0,0xd,0xa,0xec,0xe0,0xf1,0xf2,0xe5,0xf0,0xd,0xa,0xed,0xe0,0xef,0xf0,
  0xe0,0xe2,0xeb,0xe5,0xed,0xe8,0xe5,0xd,0xa,0xef,0xf0,0xe8,0xed,0xf6,0xe8,0xef,
  0xd,0xa,0xee,0xf0,0xe3,0xe0,0xed,0xe8,0xe7,0xe0,0xf6,0xe8,0xff,0xd,0xa,0xec,
  0xe8,0xed,0xe8,0xf1,0xf2,0xf0,0xd,0xa,0xf4,0xe8,0xf0,0xec,0xe0,0xd,0xa,0xe5,
  0xe2,0xf0,0xe5,0xe9,0xd,0xa,0xe5,0xe4,0xe0,0xd,0xa,0xe1,0xe5,0xe4,0xe0,0xd,
  0xa,0xed,0xe0,0xf1,0xe5,0xeb,0xe5,0xed,0xe8,0xe5,0xd,0xa,0xec,0xe5,0xf1,0xf2,
  0xee,0xd,0xa,0xe3,0xe5,0xf0,0xec,0xe0,0xed,0xe8,0xff,0xd,0xa,0xe7,0xe0,0xef,
  0xe0,0xe4,0xd,0xa,0xe7,0xf0,0xe5,0xed,0xe8,0xe5,0xd,0xa,0xf1,0xef,0xee,0xf1,
  0xee,0xe1,0xd,0xa,0xf1,0xeb,0xee,0xe2,0xee,0xd,0xa,0xf1,0xec,0xe5,0xf5,0xd,
  0xa,0xf1,0xf1,0xf1,0xf0,0xd,0xa,0xf7,0xe5,0xf1,0xf2,0xfc,0xd,0xa,0xf1,0xee,
  0xf1,0xf2,0xe0,0xe2,0xd,0xa,0xe1,0xe8,0xeb,0xe5,0xf2,0xd,0xa,0xf1,0xf6,0xe5,
  0xed,0xe0,0xd,0xa,0xf3,0xf1,0xef,0xe5,0xf5,0xd,0xa,0xf4,0xee,0xf2,0xee,0xe3,
  0xf0,0xe0,0xf4,0xe8,0xff,0xd,0xa,0xe4,0xed,0xee,0xd,0xa,0xe7,0xed,0xe0,0xf7,
  0xe5,0xed,0xe8,0xe5,0xd,0xa,0xe2,0xe5,0xf1,0xed,0xe0,0xd,0xa,0xee,0xe1,0xe5,
  0xe4,0xd,0xa,0xee,0xf2,0xe4,0xe5,0xeb,0xd,0xa,0xee,0xf0,0xe3,0xe0,0xed,0xe8,
  0xe7,0xec,0xd,0xa,0xef,0xe5,0xf0,0xe8,0xee,0xe4,0xd,0xa,0xef,0xf0,0xe5,0xe4,
  0xf1,0xe5,0xe4,0xe0,0xf2,0xe5,0xeb,0xfc,0xd,0xa,0xe4,0xe0,0xeb,0xfc,0xd,0xa,
  0xeb,0xe8,0xed,0xe8,0xff,0xd,0xa,0xeb,0xee,0xe4,0xea,0xe0,0xd,0xa,0xf1,0xeb,
  0xf3,0xf5,0xd,0xa,0xf8,0xf2,0xe0,0xe1,0xd,0xa,0xee,0xe1,0xf1,0xf2,0xee,0xff,
  0xf2,0xe5,0xeb,0xfc,0xf1,0xf2,0xe2,0xee,0xd,0xa,0xec,0xe0,0xf1,0xf1,0xe0,0xd,
  0xa,0xf2,0xf0,0xf3,0xe1,0xe0,0xd,0xa,0xef,0xfb,0xeb,0xfc,0xd,0xa,0xe1,0xee,
  0xe5,0xf6,0xd,0xa,0xf4,0xe8,0xeb,0xfc,0xec,0xd,0xa,0xea,0xf3,0xeb,0xfc,0xf2,
  0xf3,0xf0,0xe0,0xd,0xa,0xe2,0xe0,0xe3,0xee,0xed,0xd,0xa,0xf7,0xe5,0xf0,0xf2,
  0xd,0xa,0xea,0xeb,0xfe,0xf7,0xd,0xa,0xf4,0xe8,0xe3,0xf3,0xf0,0xe0,0xd,0xa,
  
  
};

static const unsigned char qt_resource_name[] = {
  // dict
  0x0,0x4,
  0x0,0x6,0xaf,0xa4,
  0x0,0x64,
  0x0,0x69,0x0,0x63,0x0,0x74,
    // word_rus.txt
  0x0,0xc,
  0x6,0xb,0x4f,0x34,
  0x0,0x77,
  0x0,0x6f,0x0,0x72,0x0,0x64,0x0,0x5f,0x0,0x72,0x0,0x75,0x0,0x73,0x0,0x2e,0x0,0x74,0x0,0x78,0x0,0x74,
  
};

static const unsigned char qt_resource_struct[] = {
  // :
  0x0,0x0,0x0,0x0,0x0,0x2,0x0,0x0,0x0,0x1,0x0,0x0,0x0,0x1,
0x0,0x0,0x0,0x0,0x0,0x0,0x0,0x0,
  // :/dict
  0x0,0x0,0x0,0x0,0x0,0x2,0x0,0x0,0x0,0x1,0x0,0x0,0x0,0x2,
0x0,0x0,0x0,0x0,0x0,0x0,0x0,0x0,
  // :/dict/word_rus.txt
  0x0,0x0,0x0,0xe,0x0,0x0,0x0,0x0,0x0,0x1,0x0,0x0,0x0,0x0,
0x0,0x0,0x1,0x9b,0x20,0x48,0xdb,0x49,

};

#ifdef QT_NAMESPACE
#  define QT_RCC_PREPEND_NAMESPACE(name) ::QT_NAMESPACE::name
#  define QT_RCC_MANGLE_NAMESPACE0(x) x
#  define QT_RCC_MANGLE_NAMESPACE1(a, b) a##_##b
#  define QT_RCC_MANGLE_NAMESPACE2(a, b) QT_RCC_MANGLE_NAMESPACE1(a,b)
#  define QT_RCC_MANGLE_NAMESPACE(name) QT_RCC_MANGLE_NAMESPACE2( \
        QT_RCC_MANGLE_NAMESPACE0(name), QT_RCC_MANGLE_NAMESPACE0(QT_NAMESPACE))
#else
#   define QT_RCC_PREPEND_NAMESPACE(name) name
#   define QT_RCC_MANGLE_NAMESPACE(name) name
#endif

#ifdef QT_NAMESPACE
namespace QT_NAMESPACE {
#endif

bool qRegisterResourceData(int, const unsigned char *, const unsigned char *, const unsigned char *);
bool qUnregisterResourceData(int, const unsigned char *, const unsigned char *, const unsigned char *);

#ifdef QT_NAMESPACE
}
#endif

int QT_RCC_MANGLE_NAMESPACE(qInitResources_resourse)();
int QT_RCC_MANGLE_NAMESPACE(qInitResources_resourse)()
{
    int version = 3;
    QT_RCC_PREPEND_NAMESPACE(qRegisterResourceData)
        (version, qt_resource_struct, qt_resource_name, qt_resource_data);
    return 1;
}

int QT_RCC_MANGLE_NAMESPACE(qCleanupResources_resourse)();
int QT_RCC_MANGLE_NAMESPACE(qCleanupResources_resourse)()
{
    int version = 3;
    QT_RCC_PREPEND_NAMESPACE(qUnregisterResourceData)
       (version, qt_resource_struct, qt_resource_name, qt_resource_data);
    return 1;
}

namespace {
   struct initializer {
       initializer() { QT_RCC_MANGLE_NAMESPACE(qInitResources_resourse)(); }
       ~initializer() { QT_RCC_MANGLE_NAMESPACE(qCleanupResources_resourse)(); }
   } dummy;
}
